294279213,-0.09220825,-7.8808117,3.9649549
294279223,-0.22632934,-7.835306,3.925437
294279233,-0.23590942,-7.897577,3.8188586
294279330,-0.04550537,-7.938292,4.1805067
294279340,0.068258055,-7.8233314,4.1565566
294279350,0.16765137,-7.904762,4.094286
294279360,0.085023195,-7.9119473,4.1685314
294279369,0.17004639,-8.072413,4.2224193
294279379,0.0742456,-8.120314,4.269122
294279389,-0.0371228,-8.259225,4.2810974
294279399,0.10657837,-8.242459,4.3565407
294279409,0.13292359,-8.389753,4.343368
294279418,0.05987549,-8.410111,4.3565407
294279428,0.03592529,-8.2233,4.2858872
294279438,-0.04670288,-8.070019,4.29427
294279448,-0.16286133,-8.008945,4.214037
294279458,-0.14489868,-8.017328,4.214037
294279467,-0.3796106,-8.017328,4.2092466
294279477,-0.50894165,-7.9909825,4.325405
294279487,-0.5760022,-7.9670324,4.315825
294279497,-0.61911255,-7.9287124,4.188889
294279506,-0.57001466,-7.7862086,4.2834926
294279516,-0.7101233,-7.7909985,4.2499623
294279526,-0.671803,-7.701185,4.1541615
294279536,-0.56881714,-7.6784325,4.2176294
294279546,-0.49337402,-7.65089,4.052373
294279555,-0.49576905,-7.5981994,4.2200246
294279565,-0.5281018,-7.5514965,4.1242237
294279575,-0.48618898,-7.538324,4.150569
294279585,-0.54366946,-7.4197707,4.0164475
294279595,-0.4514612,-7.571854,3.930227
294279604,-0.46942383,-7.765851,3.9685473
294279614,-0.46104127,-7.9766126,4.021238
294279624,-0.4897815,-8.182584,4.006868
294279634,-0.4658313,-8.01134,3.911067
294279643,-0.41194335,-7.885602,3.8931043
294279653,-0.37003052,-7.691605,3.5326538
294279663,-0.5053491,-7.6568775,3.5122962
294279673,-0.58198977,-7.5862246,3.5314562
294279683,-0.54726195,-7.570657,3.2680042
294279692,-0.5388794,-7.6341248,3.1243029
294279702,-0.4754114,-7.65089,3.0177245
294279712,-0.6119275,-7.804171,2.9602442
294279722,-0.6933582,-7.731123,2.76505
294279731,-0.92328,-7.770641,2.4728577
294279741,-0.9472302,-7.97302,2.123185
294279751,-1.111289,-7.9718227,2.0237916
294279761,-1.1184741,-8.449629,1.783092
294279771,-1.1448194,-8.885523,1.7100439
294279780,-1.0765613,-9.48308,1.5699353
294279790,-1.0633887,-9.794433,1.5495776
294279800,-1.0538086,-9.499845,1.4370117
294279810,-0.91489744,-8.928633,1.2274475
294279820,-0.94363767,-8.462802,0.89334226
294279829,-0.90531737,-8.004155,0.5388794
294279839,-1.0202783,-7.6544824,0.10298584
294279849,-1.0394385,-7.702383,-0.37003052
294279859,-1.1903247,-7.926317,-0.613125
294279868,-1.2813355,-8.448431,-0.74006104
294279878,-1.470542,-8.792117,-0.93286014
294279888,-1.7100439,-8.844807,-1.1076965
294279898,-1.6058606,-8.672366,-1.2717553
294279908,-1.3352234,-8.399334,-1.6968713
294279917,-1.0322534,-8.303533,-2.1603076
294279927,-0.7759863,-8.017328,-2.821333
294279937,-0.58198977,-7.8951817,-3.2608192
294279947,-0.43110353,-8.220904,-3.6595898
294279957,-0.4754114,-8.708291,-3.925437
294279966,-0.6251001,-9.758507,-3.9505847
294279976,-0.79514647,-10.37762,-3.8799317
294279986,-0.9891431,-10.727292,-3.8943017
294279996,-0.96519285,-10.724897,-3.9829175
294280005,-0.86699706,-10.292597,-4.439169
294280015,-0.8825647,-9.689052,-4.829557
294280025,-0.8083191,-9.1693325,-5.1504893
294280035,-0.83825684,-8.716674,-5.4091516
294280045,-0.8214917,-8.331076,-5.7193065
294280054,-0.86220706,-8.067623,-5.8582177
294280064,-1.0837463,-8.109536,-5.994734
294280074,-1.1603869,-8.432864,-5.9145007
294280084,-1.3424084,-8.783734,-5.860613
294280094,-1.3591735,-8.908276,-5.9492283
294280103,-1.1412268,-8.679551,-6.163583
294280113,-1.0322534,-8.405321,-6.492898
294280123,-1.0166858,-8.117919,-6.617439
294280133,-1.0118958,-7.907157,-6.6940794
294280142,-1.0322534,-7.938292,-6.6964746
294280152,-1.0837463,-7.914342,-6.638994
294280162,-1.23104,-7.841294,-6.695277
294280172,-1.233435,-7.771838,-6.531218
294280182,-1.3364209,-7.7179503,-6.629414
294280191,-1.3939013,-7.7766285,-6.4090724
294280201,-1.3076806,-7.6305323,-6.5994763
294280211,-1.343606,-7.67484,-6.6066613
294280221,-1.287323,-7.5910144,-6.819818
294280231,-1.341211,-7.4125853,-6.6749196
294280240,-1.470542,-7.389833,-6.6629443
294280250,-1.5483801,-7.4341407,-6.6916847
294280260,-1.6322058,-7.4413257,-6.6377964
294280270,-1.7615368,-7.3203773,-6.444998
294280280,-1.8333875,-7.1635036,-6.380332
294280289,-1.8776953,-7.0724926,-6.41506
294280299,-1.9172131,-7.115603,-6.478528
294280309,-1.9495459,-7.0641103,-6.588699
294280319,-1.8741028,-7.155121,-6.634204
294280328,-1.7842896,-7.2066135,-6.74677
294280338,-1.8764977,-7.204219,-6.7922754
294280348,-1.9220031,-7.3419323,-6.8581386
294280358,-1.9854712,-7.340735,-6.861731
294280368,-1.9770886,-7.2856493,-6.668932
294280377,-2.123185,-7.2509217,-6.695277
294280387,-2.0621119,-7.176676,-6.6797094
294280397,-2.2728736,-7.0748878,-6.6090565
294280407,-2.2884412,-7.0736904,-6.5683413
294280417,-2.3207738,-7.09285,-6.634204
294280426,-2.3830445,-7.147936,-6.660549
294280436,-2.4776478,-7.277267,-6.5360084
294280446,-2.503993,-7.3586974,-6.41985
294280456,-2.4465125,-7.3371425,-6.349197
294280465,-2.4632776,-7.1587133,-6.3839245
294280475,-2.4237597,-6.9431615,-6.3276415
294280485,-2.4465125,-6.781498,-6.229446
294280495,-2.330354,-6.860533,-6.101312
294280505,-2.3578968,-6.8868785,-6.0893373
294280514,-2.2980213,-6.957532,-6.0474243
294280524,-2.2561083,-7.042555,-6.170768
294280534,-2.2417383,-7.066505,-6.2498035
294280544,-2.2992187,-7.123986,-6.2641735
294280554,-2.210603,-7.061715,-6.3432093
294280563,-2.2345533,-7.1096153,-6.253396
294280573,-2.3411317,-7.047345,-6.2941113
294280583,-2.3686743,-7.1838613,-6.380332
294280593,-2.503993,-7.270082,-6.394702
294280602,-2.6369164,-7.3634877,-6.373147
294280612,-2.8177404,-7.4317455,-6.3180614
294280622,-2.9446764,-7.6472974,-6.221063
294280632,-2.9722192,-7.6461,-6.1887302
294280642,-3.06323,-7.5047936,-6.1623855
294280651,-3.1278956,-7.3467226,-5.973179
294280661,-3.0620325,-7.212601,-5.8965383
294280671,-3.1590307,-7.1658983,-6.030659
294280681,-2.9889843,-7.181466,-5.936056
294280691,-3.0296998,-7.204219,-6.0905347
294280700,-3.1123278,-7.1682935,-6.258186
294280710,-2.933899,-7.169491,-6.295309
294280720,-2.8536658,-6.9671116,-6.3180614
294280730,-2.7961853,-6.7503624,-6.312074
294280740,-2.9566517,-6.558761,-6.492898
294280749,-2.9039612,-6.629414,-6.2402234
294280759,-2.8105555,-6.907236,-6.342012
294280769,-2.7590625,-6.5384035,-6.6940794
294280779,-2.6680517,-6.339617,-6.815028
294280800,-2.6225464,-6.6234264,-6.604266
294280809,-2.5842261,-6.922804,-6.6078587
294280819,-2.5650659,-6.7324,-6.947952
294280829,-2.6441016,-6.6234264,-6.937174
294280839,-2.7003846,-6.827003,-6.891669
294280849,-2.8177404,-6.9263964,-6.7623377
294280858,-2.933899,-6.998247,-6.852151
294280868,-3.004552,-6.998247,-6.8090405
294280878,-3.1123278,-6.940767,-6.9431615
294280888,-3.1530433,-6.907236,-6.7826953
294280897,-3.1985486,-6.8749037,-6.866521
294280907,-3.3206947,-6.871311,-6.636599
294280917,-3.3793726,-6.957532,-6.5060706
294280927,-3.4404457,-7.0581226,-6.3228517
294280937,-3.5398388,-6.907236,-6.258186
294280946,-3.3985326,-6.631809,-6.428232
294280956,-3.2596216,-6.603069,-6.659352
294280966,-3.1530433,-6.558761,-6.484515
294280976,-2.999762,-6.617439,-6.3815293
294280986,-2.9027636,-6.575526,-6.4162574
294280995,-2.7770252,-6.5228357,-6.302494
294281005,-2.7470875,-6.532416,-6.165978
294281015,-2.6524842,-6.4593678,-6.082152
294281025,-2.591411,-6.4378123,-5.982759
294281034,-2.5207582,-6.41506,-5.980364
294281044,-2.4692652,-6.5503783,-6.2593837
294281054,-2.337539,-6.610254,-6.6749196
294281064,-2.2129982,-6.6354017,-6.8964586
294281074,-2.0405567,-6.661747,-6.9850745
294281083,-1.9363732,-6.885681,-6.8186207
294281093,-1.7351917,-6.9695067,-6.8042507
294281103,-1.585503,-6.730005,-6.6138463
294281113,-1.421444,-6.5036755,-6.6557593
294281123,-1.3519886,-6.4893055,-6.786288
294281132,-1.2549902,-6.5360084,-7.061715
294281142,-1.033451,-6.597081,-7.32397
294281152,-0.95441526,-6.6138463,-7.7179503
294281162,-0.9939331,-6.5060706,-7.6484947
294281171,-0.98674804,-6.468948,-7.6880126
294281181,-0.9627979,-6.1037073,-7.435338
294281191,-0.9364526,-6.030659,-7.601792
294281201,-0.94962525,-6.284531,-7.811356
294281211,-1.0502161,-6.716832,-8.024513
294281220,-1.1029065,-6.859336,-8.123906
294281230,-1.1292517,-6.5743284,-8.278385
294281240,-1.2633728,-6.41985,-7.940687
294281250,-1.4980847,-6.109695,-7.1191955
294281259,-1.8429675,-5.989944,-6.291716
294281269,-2.278861,-6.356382,-5.7612195
294281279,-2.4776478,-6.9096313,-6.0258694
294281289,-2.384242,-7.1922436,-6.1396327
294281299,-2.4441175,-6.6006737,-5.997129
294281308,-2.5686584,-4.91937,-6.5791187
294281318,-3.0560448,-3.9829175,-7.1611085
294281328,-3.612887,-4.5625124,-7.3766603
294281338,-3.7709582,-6.4593678,-6.774313
294281348,-3.5434313,-8.070019,-5.6785913
294281357,-3.197351,-7.66526,-5.7073317
294281367,-2.8416908,-5.9755735,-6.883286
294281377,-2.8979735,-5.974376,-7.4125853
294281387,-2.711162,-7.2856493,-7.05932
294281396,-2.4860303,-7.8951817,-7.2090087
294281406,-2.2752686,-7.8724294,-7.6868153
294281416,-2.102827,-7.494016,-7.484436
294281426,-2.3578968,-8.085586,-8.799302
294281436,-7.100035,-9.697434,-3.8356237
294281445,-4.756509,-8.721463,-3.178191
294281455,-3.3973353,-7.489226,-4.429589
294281465,-4.5349693,-5.5995555,-3.4356556
294281475,-6.45338,-6.617439,0.8310718
294281485,-5.9001307,-3.5530114,-1.6429834
294281494,-4.963678,-4.4247985,-3.6991076
294281504,-4.2978625,-6.563551,-3.5889368
294281514,-4.7612987,-7.563472,-4.233197
294281524,-6.067782,-7.2066135,-4.536167
294281534,-6.394702,-5.621111,-4.536167
294281543,-6.1623855,-6.086942,-5.588778
294281553,-6.654562,-6.1252623,-7.010222
294281563,-6.7575474,-7.1934414,-7.1455407
294281573,-7.3982153,-5.7779846,-6.892866
294281582,-8.434061,-3.9122643,-9.479487
294281592,-8.691525,-6.744375,-10.906919
294281602,-8.265212,-9.352551,-11.844569
294281612,-8.098759,-7.740703,-11.696078
294281622,-6.1061025,-5.2331176,-12.139156
294281631,-4.0188427,-5.7923546,-11.390713
294281641,-2.5950036,-7.8808117,-8.430469
294281651,-1.2969031,-7.4401283,-6.7755103
294281661,-0.45505372,-8.046068,-5.667814
294281671,0.05388794,-9.596844,-4.581672
294281680,-0.05029541,-10.657837,-4.6738806
294281690,-0.46343628,-9.629176,-4.3457627
294281700,-0.45265868,-7.721543,-4.315825
294281710,-1.7351917,-5.8881555,-4.2367897
294281719,-2.8105555,-4.1589513,-4.0835085
294281729,-2.7854078,-6.094127,-4.196074
294281739,-2.2968237,-7.2880445,-4.7457314
294281749,-2.0082238,-6.5863037,-3.9505847
294281759,-3.1434631,-4.90021,-3.7290454
294281768,-3.1470556,-3.0392797,-3.937412
294281778,-2.4932153,-4.1948767,-5.039121
294281788,-3.490741,-4.0571632,-5.1121693
294281798,-5.3612514,-0.9352551,-5.3768187
294281808,-5.781577,-1.4034815,-8.024513
294281817,-6.9695067,-3.9948926,-8.873548
294281827,-9.186097,-4.7888417,-9.344169
294281837,-10.648257,-4.3469605,-10.421927
294281847,-9.371712,-4.940925,-10.433903
294281856,-7.7610607,-5.960006,-11.652967
294281866,-6.810238,-5.358856,-11.612252
294281876,-6.180348,-3.6488123,-11.492501
294281886,-5.1696496,-3.9901025,-11.831396
294281896,-3.5110986,-5.132527,-11.0901375
294281905,-2.2393432,-6.5180454,-9.998009
294281915,-1.3088782,-7.6329274,-7.5299416
294281925,-1.4537768,-8.746612,-6.373147
294281935,-1.4968872,-11.708053,-5.6091356
294281945,-0.36524048,-12.788207,-4.4882665
294281954,0.083825685,-11.857741,-4.149371
294281964,-0.09220825,-11.418256,-3.7482057
294281974,-0.3580554,-9.944121,-2.7207422
294281984,-0.549657,-7.8879967,-2.13037
294281993,-1.0142908,-5.7193065,-3.4452355
294282003,-1.0825489,-5.6582336,-4.0116577
294282013,-0.7484436,-6.676117,-4.218827
294282023,-1.3136683,-6.422245,-4.2559495
294282033,-3.5206788,-3.9673498,-3.861969
294282042,-3.7805383,-2.1088147,-5.071454
294282052,-3.7949085,-3.8296363,-7.1539235
294282062,-5.2307224,-3.3063245,-6.957532
294282072,-6.2150755,-2.0728893,-8.547825
294282082,-6.7527575,-3.6751575,-10.43989
294282091,-8.077204,-5.2582655,-10.811118
294282101,-9.135802,-4.216432,-10.706935
294282111,-8.145461,-4.525389,-10.503358
294282121,-7.505991,-5.889353,-10.322535
294282130,-6.3432093,-5.4163365,-8.123906
294282140,-4.006868,-3.253634,-9.316626
294282150,-3.7709582,-2.4393275,-9.222023
294282160,-3.2943494,-3.129093,-9.595646
294282170,-3.1757958,-3.5290613,-9.493857
294282179,-2.7446923,-4.501439,-8.716674
294282189,-2.6285338,-5.5301,-7.795789
294282199,-2.5554857,-7.425758,-7.5419164
294282209,-1.7543519,-9.620793,-7.076085
294282219,-1.0226734,-10.024354,-6.446195
294282228,-0.79514647,-10.051897,-6.0965223
294282238,-0.7819739,-9.556128,-5.2403026
294282248,-0.6981482,-7.3419323,-5.0403185
294282258,-1.0310559,-5.1313295,-5.124144
294282267,-1.8645227,-5.043911,-4.8163843
294282277,-2.215393,-6.3132715,-5.0235534
294282287,-2.3495142,-7.235354,-5.278623
294282297,-2.191443,-8.093968,-5.6714063
294282307,-1.7555493,-7.408993,-6.4725404
294282316,-2.2393432,-6.051017,-6.2090883
294282326,-2.4932153,-5.6007533,-7.060518
294282336,-3.2105236,-5.5145326,-6.8413734
294282346,-3.5829492,-5.52052,-8.525072
294282356,-4.9038024,-4.324208,-8.344248
294282365,-5.81391,-3.368595,-8.6771555
294282375,-5.564828,-3.5326538,-9.875863
294282385,-5.5312977,-3.9026842,-9.466314
294282395,-6.0342517,-4.237987,-8.7334385
294282404,-4.9133825,-4.605623,-9.357342
294282414,-3.4835558,-4.111051,-7.32397
294282424,-3.3997302,-3.368595,-8.5154915
294282434,-3.6488123,-2.7973828,-7.291637
294282444,-4.8331494,-2.102827,-7.2245765
294282453,-5.126539,-3.666775,-8.287965
294282463,-3.8044884,-2.7890003,-7.029382
294282473,-3.570974,-2.13995,-6.7276096
294282483,-4.021238,-4.1589513,-8.851993
294282493,-3.3877552,-6.4497876,-6.7671275
294282502,-3.4763708,-6.715635,-5.898933
294282512,-3.749403,-8.1634245,-5.725294
294282522,-2.8345056,-9.423204,-5.4606447
294282532,-3.253634,-9.892628,-4.987628
294282541,-3.5386415,-11.498488,-5.2558703
294282551,-3.6583924,-10.903326,-4.749324
294282561,-4.27032,-10.386003,-6.612649
294282571,-3.615282,-11.070978,-6.8317933
294282581,-3.0943651,-10.178833,-6.627019
294282590,-3.9757323,-9.660312,-7.33355
294282600,-4.4487486,-11.7367935,-7.5514965
294282610,-3.747008,-12.046948,-6.11688
294282620,-3.5697765,-12.387041,-5.318141
294282630,-3.5386415,-14.007272,-5.7312818
294282639,-3.1614258,-13.606106,-6.4354177
294282649,-3.1554382,-13.602513,-5.882168
294282659,-3.1913636,-12.819342,-3.490741
294282669,-3.7889209,-8.982521,-2.9398866
294282678,-4.1864944,-7.387438,-2.4405248
294282688,-4.622388,-7.091653,-4.360133
294282698,-4.123026,-6.8701134,-6.1743603
294282708,-4.352948,-3.4009278,-2.13516
294282718,-5.5540504,-1.5591577,1.6980689
294282727,-5.4905825,-2.0213964,2.5518932
294282737,-4.4247985,-3.4440382,4.366121
294282747,-4.5277843,-5.7217016,3.6392322
294282757,-4.333788,-6.239026,3.5122962
294282767,-4.9109874,-8.04487,1.956731
294282776,-5.7923546,-4.643943,2.2249732
294282786,-4.6834607,3.3889527,4.4271936
294282796,-3.1003528,3.911067,2.4213648
294282806,-2.8476782,-1.7244141,3.368595
294282815,-5.5121374,-4.9229627,6.6258216
294282825,-6.267766,-4.8415318,9.263935
294282835,-4.916975,-2.899171,8.086783
294282845,-3.800896,-1.0083032,5.9923387
294282855,-3.2739916,1.6106507,4.7181883
294282864,-3.2476466,3.737428,3.6967127
294282874,-4.5038342,4.6128078,9.008866
294282884,-5.285808,2.938689,11.557167
294282894,-1.9531385,-5.684579,9.552535
294282904,0.28979737,-15.352076,7.1048255
294282913,-3.502716,-16.57593,9.299861
294282923,-6.189928,-7.2712793,7.804171
294282933,-4.324208,1.0262659,4.5301795
294282943,-1.780697,1.653761,4.212839
294282952,-2.0190015,-1.1244617,4.6666956
294282962,-4.233197,-3.1087353,4.9481106
294282972,-5.755232,-3.9613624,5.330116
294282982,-5.9588084,-4.7086086,6.795868
294282992,-5.318141,-4.926555,6.9132237
294283001,-4.0344105,-5.2067723,7.7275305
294283011,-3.2356713,-4.362528,7.9287124
294283021,-2.6788294,-3.9158568,6.2665687
294283031,-2.5291407,-3.3769774,4.7253737
294283040,-3.0955627,-3.6751575,4.3493557
294283050,-4.4008484,-4.797224,4.7205834
294283060,-5.144502,-5.2343154,6.3539867
294283070,-5.3408937,-5.125342,6.0474243
294283080,-5.0989966,-6.43901,4.6331654
294283089,-3.4164953,-7.7694435,3.1997461
294283099,-4.325405,-9.141789,2.5087829
294283109,-6.8629284,-8.145461,4.9648757
294283119,-7.2928343,-5.588778,8.705896
294283128,-5.071454,-3.7709582,7.36229
294283138,-3.08239,-3.119513,9.285491
294283148,-3.873944,-1.475332,7.6461
294283158,-3.7146752,-2.2776635,6.819818
294283168,-3.1063404,-4.1290135,7.956255
294283177,-3.3973353,-5.50136,8.399334
294283187,-3.131488,-5.8977356,8.673563
294283197,-2.9207263,-5.7300844,8.465197
294283207,-3.5015185,-5.7588243,9.577683
294283217,-3.3961377,-4.951703,15.389198
294283226,-0.19279908,-3.065625,7.625742
294283236,2.1040246,-2.1579125,5.007986
294283246,-0.13292359,-6.197113,7.1191955
294283256,-2.7243347,-8.153844,7.260502
294283265,-3.685935,-7.274872,8.965755
294283275,-4.821174,-5.2570677,7.812554
294283285,-6.564749,-5.029541,7.310797
294283295,-6.6210313,-5.205575,6.7671275
294283305,-6.347999,-6.1623855,7.7227407
294283314,-6.4078746,-5.9216857,9.612411
294283324,-5.6953564,-5.132527,10.597961
294283334,-4.022435,-4.4966493,9.541758
294283344,-2.337539,-4.2272096,7.789801
294283354,-1.6046631,-4.0092626,5.701344
294283363,-1.5867004,-2.9925768,2.5950036
294283373,0.0071850587,-2.1088147,0.027542725
294283383,1.2466077,-1.5423926,1.9303857
294283393,1.3807287,-2.3950195,3.718268
294283402,1.463357,-6.8749037,2.039359
294283431,-1.3747412,-8.286768,4.2799
294283441,-3.8883142,-13.701907,6.643784
294283451,-6.6473765,-13.6647835,4.958888
294283460,-5.239105,-11.635005,2.7027795
294283470,-4.461921,-6.805448,7.181466
294283480,-4.9792457,-4.437971,1.9291883
294283490,-6.2102857,-1.4980847,2.957849
294283499,-6.707252,-3.2189062,3.747008
294283509,-7.862849,-5.8294773,4.28948
294283519,-6.5767236,-6.654562,5.3612514
294283529,-4.6032276,-7.97302,4.277505
294283539,-5.276228,-7.932305,3.969745
294283548,-6.5120583,-6.725215,4.940925
294283558,-5.344486,-4.6738806,5.8402553
294283568,-4.1924815,-2.938689,5.3145485
294283578,-3.410508,-2.2513185,4.548142
294283588,-2.389032,-2.210603,5.7444544
294283597,-1.5914905,-4.5541296,5.915698
294283607,-1.8190173,-5.471422,5.3205357
294283617,-2.0896544,-6.1276574,5.518125
294283627,-2.2369483,-6.138435,2.9841943
294283636,-1.959126,-4.3864784,-7.9442797
294283646,2.274071,-6.2593837,-3.793711
294283656,2.9374914,-4.223617,2.870431
294283666,0.8430469,-3.4488282,11.399096
294283676,-4.766089,-5.8175025,17.361496
294283685,-10.42552,-4.3026524,17.533937
294283695,-10.802735,-5.3756213,11.023077
294283705,-6.638994,-7.1263804,4.966073
294283715,-2.0501368,-6.854546,4.4343786
294283725,-0.3820056,-6.397097,3.2715967
294283734,-1.1280541,-4.5074267,0.6730005
294283744,-2.2776635,-2.123185,-0.5736072
294283754,-3.8631666,-0.2706372,2.696792
294283764,-6.612649,-0.04550537,4.942123
294283773,-8.00655,-3.766168,5.3313136
294283783,-6.1671753,-8.26641,2.5938063
294283793,-2.2189856,-13.184583,2.6704469
294283803,-0.8430469,-16.076569,4.428391
294283813,-3.373385,-14.409635,2.271676
294283822,-4.694238,-10.485395,0.3197351
294283832,-4.853507,-6.222261,-1.3232483
294283842,-3.0847852,-5.716912,-1.9962487
294283852,-2.347119,-5.9145007,-0.91489744
294283862,-2.2537134,-7.8053684,0.45984375
294283871,-1.8142273,-11.748768,-1.0849439
294283881,-1.6741186,-12.085269,2.323169
294283891,-2.3902295,-14.179713,1.0981164
294283901,-4.6906457,-11.094928,-0.5412744
294283910,-4.237987,-9.423204,-2.0142114
294283920,-2.2381458,-11.011103,-2.9758117
294283930,-2.3698719,-8.36221,-0.9196875
294283940,-3.573369,-10.888956,-1.1304492
294283950,-4.343368,-12.824132,-2.6908045
294283959,-4.4966493,-7.8161464,-2.46687
294283969,-3.0057495,-6.9359765,-5.5073476
294283979,-2.6955945,-4.966073,-6.0414367
294283989,-5.659431,-1.8944604,-3.109933
294283999,-4.0368056,-4.3757005,-5.4953723
294284008,-2.4489074,-8.024513,-3.3997302
294284018,-2.029779,-9.711804,-5.0966015
294284028,-1.3579761,-12.213402,-4.333788
294284042,-3.5266662,-11.460169,-5.8402553
294284052,-3.7745507,-9.498648,-7.2161937
294284062,-2.814148,-7.6101747,-8.592133
294284071,-2.6608667,-6.4749355,-9.701027
294284081,-2.9985645,-6.7575474,-8.334668
294284091,-3.566184,-7.6005945,-6.634204
294284101,-3.7038977,-8.116721,-4.4583287
294284110,-4.4008484,-8.073611,-2.4093897
294284120,-4.1541615,-8.792117,-2.3638842
294284130,-3.3003368,-9.966874,-2.393822
294284140,-2.4441175,-10.824291,-4.5517344
294284150,-1.9243982,-11.862532,-4.829557
294284159,-0.81191164,-12.232562,-5.060676
294284169,-1.2274475,-8.424481,-6.205496
294284179,-2.7255323,-8.576565,-8.248447
294284189,-3.7074902,-10.933264,-6.941964
294284199,-4.174519,-12.201427,-5.8270826
294284208,-3.4679883,-11.726016,-4.988826
294284218,-2.3878345,-10.159673,-4.7744713
294284228,-2.2680836,-11.066188,-4.88584
294284238,-3.3290772,-10.20398,-1.8645227
294284247,-4.55892,-11.185939,-0.7855664
294284257,-6.268964,-11.430231,2.3710694
294284267,-7.042555,-11.837384,7.1826634
294284277,-6.333629,-14.036012,5.6223083
294284287,-3.685935,-13.026511,-3.2380664
294284296,-1.9818786,-5.8091197,-6.0318565
294284306,-2.523153,-1.350791,-6.133645
294284316,-2.6249413,-0.57959473,-5.109774
294284326,-5.5217175,-3.3673975,1.9507434
294284336,-5.948031,-4.519402,5.8007374
294284345,-4.0188427,-3.3913476,5.635481
294284355,-2.9889843,-2.8392956,4.6331654
294284365,-3.0524523,-2.8680358,4.804409
294284375,-3.2680042,-3.1362782,6.0474243
294284385,-3.3997302,-3.9805224,6.1108923
294284394,-3.6368372,-5.2247353,6.3132715
294284404,-4.5205994,-4.5852647,6.291716
294284414,-5.0115786,-2.3974144,6.082152
294284424,-4.8966174,-0.25985962,5.49178
294284433,-5.0894165,0.6730005,5.219945
294284443,-5.1780324,1.22625,5.5947657
294284453,-5.1780324,0.41314086,5.2582655
294284463,-5.889353,1.1639795,7.100035
294284473,-5.760022,1.1256592,6.7108445
294284482,-4.805607,-2.1950355,7.4389305
294284492,-4.040398,-3.1063404,9.030421
294284502,-2.718347,-2.8440857,8.59812
294284512,-1.5364051,-3.297942,7.6592727
294284521,-2.1794677,-1.7926722,8.3191
294284531,-1.5591577,0.84065187,7.658075
294284541,-1.0023156,0.9520203,8.695118
294284551,-0.1472937,-3.9002893,8.504714
294284561,0.5376819,-10.330916,7.5395217
294284570,-1.968706,-11.995456,8.551417
294284580,-4.905,-7.921527,8.699908
294284590,-5.7193065,-2.4728577,8.673563
294284600,-3.988905,-0.7161108,7.150331
294284610,-2.1962328,-1.8788928,6.8317933
294284619,-2.3267615,-2.6249413,6.394702
294284629,-3.5673816,-2.3974144,6.5791187
294284639,-4.263135,-2.7997777,7.113208
294284649,-3.9781275,-3.5350487,7.5598793
294284658,-3.5937269,-3.9517822,8.24725
294284668,-3.0883777,-3.2763867,6.4306273
294284678,-2.7159522,-2.999762,3.3602123
294284688,-2.692002,-4.9361353,5.0918117
294284698,-4.848717,-6.2545934,7.0221972
294284707,-4.040398,-7.098838,6.16478
294284717,-3.9960902,-7.6712475,6.4354177
294284727,-4.140989,-8.320298,3.4260755
294284737,-4.0571632,-6.9240017,6.284531
294284746,-5.9468336,-5.126539,4.958888
294284756,-6.394702,-5.670209,3.4847534
294284766,-5.1768346,-5.4738173,6.2893214
294284776,-4.687053,-5.701344,8.629255
294284786,-4.742139,-4.61161,8.296348
294284795,-3.6236646,-2.8321106,7.941885
294284805,-3.4871485,-2.098037,8.084389
294284815,-4.196074,-3.6116896,12.090058
294284825,-1.3304334,-3.2751892,7.252119
294284835,1.0466236,-0.9304651,7.34792
294284844,-1.1615845,-2.1710851,10.242301
294284854,-3.6092944,-5.327721,7.3778577
294284864,-4.1469765,-6.9599266,9.650731
294284874,-3.1350806,-7.004235,9.069939
294284883,-3.7015028,-6.228248,8.731044
294284893,-4.150569,-5.3684363,7.9526625
294284903,-3.9014869,-4.373306,8.399334
294284913,-4.3517504,-3.9709425,12.7498865
294284923,-4.6619053,-3.3973353,12.553494
294284932,-2.8740234,-4.2727146,10.302176
294284942,-0.6993457,-5.2989807,9.0076685
294284952,-0.13891113,-6.72282,8.113129
294284962,-0.20357665,-6.0414367,7.212601
294284971,0.60713744,-4.099076,4.580475
294284981,1.8681152,-3.0811927,2.8620484
294284991,2.450105,-3.6991076,-0.3185376
294285001,1.4238391,-3.248844,2.806963
294285011,-1.4621594,-5.532495,6.388715
294285020,-3.1482532,-11.721226,4.6666956
294285030,-4.877457,-14.452745,5.219945
294285040,-4.9361353,-12.221785,5.191205
294285050,-4.003275,-10.897339,3.8631666
294285060,-5.132527,-6.156398,4.7205834
294285069,-6.5910935,-1.8525476,3.8332288
294285079,-6.612649,-0.37362304,1.0669812
294285089,-6.5623536,-2.2165906,1.3950989
294285099,-7.1826634,-4.467909,3.8535864
294285109,-6.646179,-5.964796,4.4080334
294285118,-5.4115467,-5.6905665,4.782854
294285128,-5.1133666,-5.4235215,4.29906
294285138,-5.053491,-5.6486535,4.4906616
294285148,-5.004393,-5.6654186,5.718109
294285157,-5.1157618,-4.9529004,7.3443274
294285167,-4.5864625,-3.3650024,7.286847
294285177,-3.3745825,-2.518363,6.490503
294285195,-1.5184424,-4.5888577,6.15041
294285205,-1.4489868,-7.6904078,7.2078114
294285215,-2.4489074,-7.186256,6.8162255
294285224,-2.6009912,-6.2941113,4.0248303
294285234,-2.0549269,-4.1469765,-0.66342044
294285244,-0.60354495,-3.5314562,-6.5360084
294285254,1.5004797,-4.8379393,-6.74198
294285264,0.4754114,-0.5185217,1.0490185
294285273,-1.0657837,0.12693603,5.948031
294285283,-3.1207104,-3.6080968,9.821975
294285293,-6.4569726,-4.1218286,16.425043
294285303,-8.709489,-5.1696496,15.156881
294285312,-7.197034,-7.0808754,9.020841
294285322,-3.6799476,-8.198152,6.084547
294285332,-1.3783337,-7.8053684,5.2415004
294285342,-1.3244458,-6.74198,4.380491
294285352,-2.882406,-4.3278003,2.8728259
294285361,-4.8978148,-1.3771362,2.7949877
294285371,-6.502478,0.2838098,3.3566198
294285381,-7.2269716,-1.4274316,3.378175
294285391,-6.676117,-4.2092466,1.0669812
294285401,-5.1780324,-6.077362,1.3388159
294285410,-1.5016773,-8.696316,6.3791347
294285420,-0.8634045,-10.256671,4.5565248
294285430,-1.6980689,-11.861334,4.012855
294285440,-3.3434472,-10.471025,3.4560132
294285449,-4.1541615,-10.17045,-1.8154248
294285459,-4.0368056,-8.231682,-0.61552
294285469,-3.3111145,-8.746612,-1.1819421
294285479,-2.0621119,-10.985954,-1.2909155
294285489,-2.222578,-13.891113,0.13412109
294285498,-2.838098,-11.504477,-1.0765613
294285508,-2.4333398,-11.958332,-2.2884412
294285518,-3.5673816,-11.213482,-0.9029224
294285528,-4.893025,-11.838581,-2.9075537
294285538,-4.6403503,-11.703263,-3.9002893
294285547,-3.6751575,-10.994337,-2.9327013
294285557,-2.450105,-12.470867,-3.4164953
294285567,-4.581672,-8.486752,-3.1590307
294285577,-4.9205675,-8.649613,-2.9662316
294285586,-3.8416114,-11.629017,-3.3206947
294285596,-3.1793885,-7.723938,-1.3903089
294285606,-4.0583606,-4.6738806,-2.9913795
294285616,-2.9398866,-6.916816,-4.3685155
294285626,-2.5375233,-6.8964586,-4.623585
294285638,-3.3458424,-7.3143897,-6.2989016
294285648,-3.9972875,-5.886958,-6.652167
294285658,-3.2189062,-6.564749,-7.919132
294285668,-4.0272255,-7.470066,-7.230564
294285678,-4.149371,-7.331155,-6.5575633
294285687,-3.803291,-7.836504,-4.8726673
294285697,-4.1685314,-6.7826953,-3.6559973
294285707,-4.5373645,-7.938292,-3.6571949
294285717,-4.536167,-10.261461,-2.4560926
294285727,-4.3397756,-10.976375,-3.0728102
294285736,-4.9744554,-9.6830635,-3.3506324
294285746,-4.397256,-9.820778,-5.4163365
294285756,-3.3015344,-9.433982,-5.739664
294285766,-2.718347,-11.347603,-7.716753
294285775,-2.2189856,-11.99785,-6.876101
294285785,-1.8585352,-13.84441,-8.056846
294285795,-1.9172131,-15.499369,-4.8594947
294285805,-3.1961536,-13.688734,-4.60682
294285815,-4.4655137,-14.268329,-6.508466
294285824,-4.30864,-17.755478,-8.012538
294285834,-6.3994923,-14.317427,-0.9292676
294285844,-6.058202,-11.479328,1.4944922
294285854,-5.139712,-10.45905,3.930227
294285863,-2.1650977,-12.155922,-2.6213489
294285873,-2.6632617,-6.436615,-2.5123756
294285883,-3.5398388,-0.36284545,-6.274951
294285893,-4.277505,-0.69455564,-8.038883
294285903,-5.4390893,0.8705896,-3.5242712
294285912,-4.6834607,-0.09220825,0.3915857
294285922,-3.6823425,-2.2189856,3.4308655
294285932,-4.4403663,-4.132606,11.875705
294285942,-5.7636147,-6.502478,14.562916
294285952,-4.00567,-1.0957215,7.9442797
294285961,2.7734327,-2.0680993,-2.9674292
294285971,5.889353,-8.58375,-3.0871801
294285981,0.63587767,-12.694801,2.826123
294285991,-5.8498354,-10.959609,3.4260755
294286000,-6.6210313,-3.744613,3.1805859
294286010,-4.0978785,1.1184741,2.518363
294286020,-2.753075,1.7986597,2.254911
294286030,-2.9650342,0.4035608,4.26074
294286040,-4.1781116,-1.771117,5.4342995
294286049,-4.6128078,-2.7590625,5.9492283
294286059,-4.0571632,-1.9914588,5.725294
294286069,-3.4117053,-2.384242,5.8222923
294286079,-3.854784,-4.700226,4.404441
294286088,-4.214037,-7.6712475,3.8835242
294286098,-4.2080493,-8.264015,3.9996827
294286108,-3.7015028,-5.901328,5.781577
294286118,-4.2655296,-3.730243,6.7683253
294286128,-4.6762757,-3.263214,5.557643
294286137,-5.8558226,-3.6380346,5.82828
294286147,-6.615044,-3.8392162,4.9457154
294286157,-6.3551846,-4.150569,4.0978785
294286167,-5.9216857,-5.4881873,5.4342995
294286177,-5.950426,-6.5791187,6.680907
294286186,-5.806725,-7.0221972,5.982759
294286196,-5.6977515,-7.067703,5.1995873
294286206,-6.6078587,-7.3419323,7.2784643
294286216,-6.5360084,-7.6341248,4.9552956
294286225,-5.999524,-7.980205,5.0942063
294286235,-6.3348265,-7.7107654,4.749324
294286245,-6.75156,-6.4869103,4.707411
294286255,-6.787485,-5.8091197,3.930227
294286265,-6.3444066,-5.612728,3.0392797
294286274,-6.234236,-6.75156,2.2585034
294286284,-6.715635,-8.525072,2.2357507
294286294,-7.117998,-9.13221,3.08239
294286304,-7.0964427,-8.899893,2.8033705
294286314,-6.8461633,-8.447234,2.4764502
294286328,-6.258186,-8.158634,2.071692
294286338,-5.8725877,-7.635322,1.3783337
294286348,-5.555248,-7.2736745,1.0286609
294286358,-5.271438,-7.310797,0.9400452
294286368,-5.1995873,-7.5682616,1.9998413
294286377,-5.2726355,-6.788683,1.4980847
294286387,-4.9996033,-6.2893214,0.87178713
294286397,-4.679868,-6.6557593,0.59276736
294286407,-4.58766,-7.2640944,0.63108766
294286416,-4.564907,-7.764653,0.63468015
294286426,-4.326603,-7.99697,0.25506958
294286436,-4.1876917,-8.090376,-0.086220704
294286446,-3.8990917,-8.083191,-0.7316785
294286456,-3.7973034,-8.193362,-1.0813513
294286465,-3.766168,-8.02571,-1.0609937
294286475,-3.8368213,-7.8939843,-1.0466236
294286485,-3.7685633,-7.865244,-1.0933264
294286495,-3.7733533,-7.8592567,-1.2502002
294286505,-3.8368213,-7.7131605,-1.3747412
294286514,-3.8631666,-7.8879967,-1.5651453
294286524,-3.8871167,-7.8245287,-1.4944922
294286534,-3.9901025,-7.9442797,-1.3244458
294286544,-3.98172,-8.0017605,-1.3843213
294286553,-3.906277,-8.0508585,-2.0992346
294286563,-3.8523889,-8.307125,-2.689607
294286573,-3.9960902,-8.713081,-2.5027955
294286583,-4.409231,-8.962163,-1.9830762
294286593,-4.5601172,-8.800499,-1.773512
294286602,-4.5349693,-8.382568,-1.961521
294286612,-4.461921,-7.9526625,-2.2752686
294286622,-4.4810815,-7.613767,-2.5327332
294286632,-4.4738965,-7.573052,-2.3578968
294286642,-4.355343,-7.995773,-2.2585034
294286651,-4.4176135,-8.375383,-2.1734803
294286661,-4.24637,-8.5645895,-2.262096
294286671,-4.135001,-8.563393,-2.501598
294286681,-4.0487804,-8.6077,-2.6812243
294286690,-4.0392003,-8.6699705,-2.8608508
294286700,-4.0092626,-8.453221,-2.9710217
294286710,-4.047583,-8.378976,-3.102748
294286720,-4.0176454,-8.018525,-3.0428724
294286730,-4.003275,-7.947872,-3.3662
294286739,-3.925437,-7.965835,-3.4548156
294286749,-3.8452039,-7.932305,-3.6440222
294286759,-3.812871,-7.9526625,-3.9038818
294286769,-3.6943176,-8.104746,-4.084706
294286779,-3.617677,-8.157436,-4.0751257
294286788,-3.9948926,-7.9370947,-4.079916
294286798,-4.120631,-7.218589,-3.974535
294286808,-3.9601648,-7.452103,-4.508624
294286818,-3.9314246,-7.7502832,-4.4715014
294286827,-4.079916,-7.7981834,-4.714596
294286837,-4.0463853,-7.5922117,-4.8990126
294286847,-3.8990917,-7.829319,-4.9948134
294286857,-3.6440222,-8.149054,-5.1145644
294286867,-3.554209,-8.545429,-5.0307384
294286876,-3.573369,-8.321495,-4.8451247
294286886,-3.5949242,-8.474776,-4.435576
294286896,-3.5194812,-8.216114,-4.1050634
294286906,-3.6727624,-7.874824,-3.6092944
294286915,-3.8883142,-7.253317,-3.66917
294286925,-4.2176294,-6.2737536,-4.1218286
294286935,-4.639153,-5.3947816,-3.9924974
294286945,-4.5960426,-5.245093,-3.8440063
294286955,-4.1397915,-5.9564137,-3.8703516
294286964,-3.9589672,-6.45817,-3.5877392
294286974,-4.0368056,-6.6725245,-3.3973353
294286984,-4.2248144,-6.8677187,-3.4691858
294286994,-4.3709106,-6.974297,-3.749403
294287004,-4.7181883,-7.0712953,-4.0260277
294287013,-4.8355446,-7.1431456,-4.176914
294287023,-4.7469287,-7.191046,-4.230802
294287033,-4.7038183,-7.3299575,-4.599635
294287043,-4.813989,-7.470066,-4.7181883
294287052,-4.763694,-7.676038,-4.7229786
294287062,-4.7840514,-8.01613,-4.3912683
294287072,-4.8403344,-7.988588,-4.397256
294287082,-5.053491,-7.8089614,-4.501439
294287092,-5.253475,-7.62694,-4.453539
294287101,-5.457052,-7.4497085,-4.461921
294287111,-5.5899754,-7.156318,-4.517007
294287121,-5.588778,-6.915619,-4.528982
294287131,-5.660629,-6.7479677,-4.076323
294287141,-5.7767873,-6.2593837,-4.142186
294287150,-5.7468495,-6.12167,-4.5229945
294287160,-5.846243,-6.325247,-4.463119
294287170,-5.9061184,-6.4964905,-4.2858872
294287180,-5.9049206,-6.2941113,-4.4128237
294287189,-5.868995,-6.3060865,-4.2176294
294287199,-5.8091197,-6.490503,-3.9481897
294287209,-5.7684045,-6.3994923,-4.133804
294287219,-5.7444544,-6.476133,-4.240382
294287229,-5.6079383,-6.5455885,-4.0164475
294287238,-5.6905665,-6.763535,-4.5541296
294287248,-5.9707837,-6.4330225,-5.004393
294287258,-6.0570045,-6.1108923,-5.252278
294287268,-5.8019347,-5.733677,-5.1157618
294287278,-5.6091356,-6.09293,-4.7744713
294287287,-5.6438637,-6.382727,-4.1781116
294287297,-5.342091,-6.357579,-4.572092
294287307,-5.0403185,-6.229446,-5.50615
294287317,-4.9361353,-6.3923073,-5.901328
294287326,-5.083429,-6.6485744,-5.879773
294287336,-4.987628,-6.331234,-5.6881714
294287346,-4.8187795,-6.1456203,-5.9635987
294287356,-4.9648757,-6.3288393,-5.7300844
294287366,-4.9481106,-6.5599585,-5.0894165
294287375,-4.7373486,-7.230564,-4.6499305
294287385,-4.5158095,-7.476053,-4.663103
294287395,-4.253555,-7.818541,-5.1313295
294287405,-4.2296047,-7.777826,-5.18881
294287415,-4.149371,-7.69879,-5.5588403
294287424,-4.1517663,-7.9059596,-5.6330857
294287434,-3.906277,-8.20414,-5.7133193
294287444,-3.8272412,-8.8963,-6.227051
294287454,-4.01525,-8.800499,-4.4319835
294287463,-3.984115,-8.414901,-4.6499305
294287473,-4.3301954,-7.599397,-4.398453
294287483,-4.798422,-6.2007055,-2.3531067
294287493,-4.6595106,-6.6114516,-3.2260914
294287503,-3.8907092,-7.420968,-3.354225
294287512,-3.4236803,-8.497529,-3.3434472
294287522,-3.427273,-9.065149,-3.2967443
294287532,-3.9086719,-8.586145,-3.265609
294287542,-4.1314087,-7.975415,-3.202141
294287552,-4.0104604,-7.785011,-3.4021254
294287561,-3.7613783,-8.127499,-2.9518616
294287571,-3.7218604,-8.21851,-1.9196081
294287581,-3.9410048,-8.216114,-1.2466077
294287591,-4.2487645,-8.065228,-1.9794836
294287601,-4.1445813,-7.4724607,-2.941084
294287610,-3.8464015,-6.7324,-3.4212854
294287620,-3.5314562,-6.734795,-3.3721876
294287630,-3.7194653,-7.8808117,-1.7902771
294287640,-4.333788,-9.342971,0.45265868
294287649,-5.1205516,-10.448273,1.9112256
294287659,-5.4893847,-10.474618,2.0166063
294287669,-5.4259167,-9.233997,1.1424243
294287679,-4.5565248,-8.24725,-0.04550537
294287689,-3.7685633,-7.594607,-0.09939331
294287698,-3.8368213,-7.4197707,1.3783337
294287708,-4.188889,-8.0508585,2.3267615
294287718,-4.5840673,-8.701106,2.9913795
294287728,-4.7936316,-8.6771555,3.3985326
294287738,-4.6834607,-7.8987746,3.117118
294287747,-4.6104126,-7.147936,3.5182836
294287757,-4.4882665,-6.082152,3.3949401
294287767,-4.01525,-5.140909,3.615282
294287777,-3.7757483,-4.380491,4.0679407
294287786,-2.4896228,-5.0870214,3.3877552
294287796,-2.9051588,-6.660549,5.722899
294287806,-3.6356397,-7.0329747,5.8318725
294287816,-3.6116896,-6.0342517,5.6714063
294287826,-3.1925611,-3.6631823,5.4750147
294287835,-2.9099488,-2.166295,5.0235534
294287845,-2.4644752,-2.4513025,5.605543
294287855,-2.7399023,-3.2548316,6.5192432
294287865,-3.0560448,-4.054768,7.0437527
294287875,-3.1482532,-4.9014072,7.5742493
294287884,-3.241659,-4.7792616,7.387438
294287894,-3.2895594,-4.4834766,6.6773143
294287904,-3.4643958,-3.9086719,6.582711
294287914,-3.8679566,-3.3278797,6.8677187
294287923,-4.2415795,-3.3386571,6.947952
294287933,-4.4319835,-3.410508,6.934779
294287943,-4.7385464,-3.3793726,7.0461473
294287953,-5.1217494,-3.2320788,7.2485266
294287963,-5.5025573,-2.8357031,6.9850745
294287972,-5.7049365,-2.3123913,6.7970653
294287982,-5.891748,-2.1076171,6.6749196
294287992,-6.0390415,-1.9447559,6.533613
294288002,-6.1528053,-1.834585,6.45817
294288011,-6.4438,-1.4226416,6.4749355
294288021,-6.619834,-1.0502161,6.246211
294288031,-6.500083,-0.5005591,5.962401
294288041,-6.427035,-0.064665526,5.771997
294288051,-6.3348265,0.05508545,5.9216857
294288060,-6.404282,-0.082628176,5.9228835
294288070,-6.053412,-0.47421387,5.9492283
294288080,-5.8498354,-0.60234743,5.825885
294288090,-5.6414685,-0.65264285,5.703739
294288100,-5.400769,-0.4287085,5.430707
294288109,-5.197192,-0.22872436,5.1433043
294288119,-4.970863,-0.5376819,4.9936156
294288129,-4.998406,-1.0717713,5.052294
294288139,-5.0175657,-1.8142273,4.8175817
294288149,-4.9780483,-2.7878027,4.59724
294288158,-4.8379393,-3.7697608,4.1529636
294288168,-4.87626,-4.7612987,3.9014869
294288178,-4.8966174,-5.805527,3.8092785
294288188,-4.91458,-6.692882,3.617677
294288197,-4.766089,-7.4736586,3.5877392
294288207,-4.716991,-8.281978,3.5841467
294288217,-4.687053,-8.753797,3.354225
294288227,-4.64514,-8.879535,2.882406
294288237,-4.7157936,-8.5011215,2.1734803
294288246,-4.7397437,-8.431666,1.6286132
294288256,-4.731361,-8.437654,1.162782
294288266,-4.6738806,-8.63165,0.6370752
294288276,-4.5613146,-8.983718,0.2203418
294288286,-4.455934,-9.087902,0.023950195
294288295,-4.429589,-9.307046,-0.0023950196
294288305,-4.5158095,-8.899893,-0.3556604
294288315,-4.501439,-8.489147,-0.8466394
294288325,-4.4128237,-8.376581,-0.9172925
294288334,-4.5397596,-8.487949,-1.1076965
294288344,-4.7086086,-8.504714,-1.0765613
294288354,-4.6834607,-8.643625,-0.74604857
294288364,-4.655918,-8.863967,-0.92567503
294288374,-4.8642845,-8.990903,-1.0526111
294288383,-5.0235534,-8.532257,-0.99992067
294288393,-5.0355287,-8.0999565,-1.2861255
294288403,-5.027146,-7.984995,-1.6214283
294288413,-4.963678,-7.7251353,-1.3196558
294288422,-4.4762917,-7.6401124,-1.2621753
294288432,-4.333788,-7.653285,-1.3783337
294288442,-4.685856,-6.9970493,-2.311194
294288452,-5.022356,-6.9311867,-3.0871801
294288462,-5.290598,-7.916737,-2.0633094
294288471,-5.6654186,-8.436457,-0.20956421
294288481,-5.454657,-8.25683,0.9172925
294288491,-5.315746,-7.7430983,0.613125
294288501,-5.142107,-7.643705,0.14010864
294288511,-4.8523097,-8.037685,-0.7807764
294288520,-4.590055,-8.077204,-1.5088623
294288530,-4.770879,-8.049661,-1.0741663
294288540,-4.91458,-8.371791,-0.7807764
294288550,-4.766089,-8.33347,-1.0621911
294288559,-4.6247826,-7.796986,-1.6262183
294288569,-4.7397437,-7.3203773,-1.7315991
294288579,-4.605623,-7.5467067,-1.5723304
294288589,-4.792434,-8.137079,-1.6549585
294288599,-4.9157777,-7.9837976,-1.7699194
294288608,-4.742139,-7.6963954,-2.3195765
294288618,-4.4966493,-7.941885,-2.7770252
294288628,-4.575685,-7.947872,-2.2776635
294288638,-4.8163843,-8.047266,-2.0369642
294288648,-4.7469287,-8.060438,-2.3507116
294288657,-4.667893,-8.171806,-2.7758276
294288667,-4.8259645,-7.892787,-2.7997777
294288677,-4.811594,-7.9574523,-3.1674132
294288687,-4.543352,-7.9921803,-3.5793567
294288696,-4.528982,-7.8233314,-3.1745985
294288706,-5.0235534,-8.109536,-2.809358
294288716,-4.6571155,-8.678353,-2.9446764
294288726,-4.4200087,-8.828042,-2.5602758
294288736,-4.2858872,-8.614885,-3.0177245
294288745,-4.014053,-8.352631,-3.4440382
294288755,-3.8751416,-8.123906,-3.627257
294288765,-4.0535707,-7.9059596,-3.5206788
294288775,-4.093088,-7.806566,-3.5182836
294288784,-4.172124,-7.6856174,-3.5087037
294288794,-4.2834926,-7.6784325,-3.5230737
294288804,-4.127816,-7.738308,-3.6332445
294288814,-4.1757164,-7.747888,-3.6236646
294288824,-4.1637416,-7.662865,-3.485951
294288833,-4.078718,-7.6053843,-3.4200878
294288843,-4.103866,-7.5838294,-3.3697925
294288853,-3.9050794,-7.435338,-3.4152977
294288863,-3.9733374,-7.4197707,-3.4775684
294288873,-4.0344105,-7.486831,-3.253634
294288882,-4.1781116,-7.5491014,-3.1542406
294288892,-4.1314087,-7.453301,-2.9602442
294288902,-4.1781116,-7.380253,-3.1554382
294288912,-4.1709266,-7.284452,-3.1482532
294288921,-4.235592,-7.3299575,-3.0201197
294288931,-4.2439747,-7.355105,-3.075205
294288941,-4.2571473,-7.5119786,-3.2524366
294288951,-4.360133,-7.6101747,-3.3230896
294288961,-4.315825,-7.604187,-3.2284863
294288970,-4.340973,-7.819739,-3.4308655
294288980,-4.2799,-7.9083543,-3.2272887
294288990,-4.221222,-7.9083543,-3.190166
294289000,-4.333788,-7.829319,-3.1626234
294289010,-4.3852806,-7.745493,-3.2105236
294289019,-4.4715014,-7.63652,-3.1805859
294289029,-4.4643164,-7.5287437,-3.0416749
294289039,-4.4954515,-7.6053843,-3.1111305
294289049,-4.548142,-7.7347155,-3.1734009
294289058,-4.5325747,-7.7694435,-3.1326857
294289068,-4.548142,-7.7359133,-2.9614418
294289078,-4.548142,-7.70837,-3.0919702
294289088,-4.525389,-7.658075,-3.0344896
294289098,-4.5708947,-7.5610766,-2.9889843
294289107,-4.5936475,-7.570657,-3.0548475
294289117,-4.533772,-7.6305323,-3.0237122
294289127,-4.6247826,-7.6796303,-3.0344896
294289137,-4.691843,-7.63652,-3.0320947
294289147,-4.7062135,-7.6688523,-3.0081446
294289156,-4.726571,-7.65089,-2.8416908
294289166,-4.700226,-7.580237,-2.9446764
294289176,-4.7181883,-7.6377172,-3.0237122
294289186,-4.813989,-7.613767,-2.957849
294289195,-4.8307543,-7.676038,-3.0177245
294289205,-4.7624965,-7.8317137,-3.1350806
294289215,-4.8990126,-7.9909825,-2.9937744
294289225,-5.043911,-7.946675,-2.9710217
294289235,-4.834347,-7.835306,-2.7806177
294289244,-4.851112,-7.562274,-3.0213172
294289254,-4.9061975,-7.5287437,-2.9542565
294289264,-4.9936156,-7.6245446,-2.9374914
294289274,-4.988826,-7.6413097,-2.870431
294289284,-4.9061975,-7.7466908,-2.994972
294289293,-4.91937,-7.8173437,-3.0368848
294289303,-4.863087,-7.933502,-3.138673
294289313,-4.7768664,-7.731123,-3.0057495
294289323,-4.750521,-7.500004,-3.0847852
294289332,-4.7672863,-7.3586974,-3.119513
294289342,-4.6690907,-7.277267,-3.0225146
294289352,-4.707411,-7.322772,-2.858456
294289362,-4.716991,-7.5742493,-3.1087353
294289372,-4.5888577,-7.7682457,-3.1626234
294289381,-4.501439,-7.9203296,-3.3290772
294289391,-4.3757005,-7.7107654,-3.4380505
294289401,-4.3289976,-7.691605,-3.690725
294289411,-4.3134303,-7.5419164,-3.9038818
294289421,-4.4403663,-7.564669,-3.8428087
294289430,-4.3218126,-7.67005,-4.069138
294289440,-4.169729,-7.6305323,-4.1397915
294289450,-4.118236,-7.6484947,-4.1565566
294289460,-4.0727305,-7.66526,-4.3792934
294289469,-4.1218286,-7.682025,-4.55892
294289479,-4.0511756,-7.8472815,-4.8020144
294289489,-3.932622,-7.8077636,-4.958888
294289499,-3.9194496,-7.7610607,-4.8451247
294289509,-3.822451,-7.658075,-4.8942223
294289518,-3.8092785,-7.462881,-4.963678
294289528,-3.8284388,-7.3143897,-4.9133825
294289538,-3.9086719,-7.359895,-5.109774
294289548,-3.9278321,-7.442523,-5.2415004
294289557,-3.861969,-7.514374,-5.2798204
294289567,-3.8152661,-7.5035963,-5.322931
294289577,-3.906277,-7.500004,-5.372029
294289587,-3.7769458,-7.5275464,-5.1756372
294289597,-3.8535864,-7.4640784,-5.100194
294289606,-3.8092785,-7.442523,-4.9624805
294289616,-3.925437,-7.462881,-5.1995873
294289626,-4.1361985,-7.1203933,-4.646338
294289636,-4.2367897,-6.884484,-4.7469287
294289646,-4.216432,-6.41985,-4.7888417
294289655,-4.409231,-6.2426186,-4.6726832
294289665,-4.3864784,-6.3863196,-4.3074427
294289675,-4.437971,-6.7683253,-4.3026524
294289685,-4.6152024,-6.8258057,-4.176914
294289694,-4.6331654,-6.8234105,-3.979325
294289704,-4.6080174,-6.798263,-4.1445813
294289714,-4.398453,-6.849756,-4.6475353
294289724,-4.452341,-7.1263804,-4.2858872
294289734,-4.4667115,-7.218589,-4.0008802
294289743,-4.4990444,-7.0257897,-4.079916
294289753,-4.6894484,-6.819818,-3.9853125
294289763,-4.714596,-6.860533,-3.8320313
294289773,-4.8810496,-6.8677187,-3.6308496
294289783,-4.951703,-6.9946547,-3.3997302
294289792,-4.9720607,-7.117998,-3.2847693
294289802,-5.0487013,-7.355105,-3.214116
294289812,-5.1612673,-7.599397,-3.2153137
294289822,-5.1313295,-7.1635036,-2.955454
294289831,-5.2307224,-7.956255,-3.1470556
294289841,-5.332511,-8.056846,-3.0177245
294289851,-5.436694,-8.365803,-2.6764343
294289861,-5.4654346,-8.572972,-2.1639001
294289871,-5.5049524,-9.153765,-1.9243982
294289880,-5.518125,-9.164542,-1.7663269
294289890,-5.6330857,-8.867559,-1.3328284
294289900,-5.716912,-8.679551,-0.97118044
294289910,-5.7468495,-8.60291,-1.1208692
294289920,-5.642666,-8.320298,-1.5220349
294289929,-5.6318884,-7.99697,-1.6082556
294289939,-5.652246,-8.005353,-1.3939013
294289949,-5.7456517,-8.153844,-0.7759863
294289959,-5.7660093,-8.411308,-0.1951941
294289969,-6.0222764,-8.378976,-0.019160157
294289978,-6.12646,-8.405321,0.34488282
294289988,-6.14083,-8.339458,0.45265868
294289998,-6.133645,-8.368198,0.9172925
294290008,-5.9863515,-8.537047,1.1759546
294290017,-6.0809546,-8.111931,1.9303857
294290027,-6.1528053,-7.1024303,2.254911
294290037,-6.213878,-5.9911413,2.1674926
294290047,-6.1683726,-4.7744713,2.4752526
294290057,-6.2498035,-3.9721398,2.6177564
294290066,-5.981561,-2.9350965,3.1243029
294290076,-5.6570363,-2.1639001,3.3889527
294290086,-5.367239,-1.4525794,3.4057178
294290096,-5.133724,-1.0238708,3.7841308
294290106,-5.2510805,-0.89334226,4.0882983
294290115,-5.5516553,-1.0346484,4.33259
294290125,-5.677394,-1.5723304,4.805607
294290135,-5.78038,-2.5171654,5.3504734
294290145,-5.739664,-3.4380505,5.5756054
294290155,-5.591173,-3.9673498,5.613926
294290164,-5.3768187,-3.8978944,5.3696337
294290174,-5.012776,-3.5673816,4.702621
294290184,-4.768484,-3.5087037,4.140989
294290194,-4.6152024,-3.6452198,3.6871326
294290203,-4.531377,-4.030818,3.1446607
294290213,-4.643943,-4.533772,2.830913
294290223,-4.7229786,-5.3456836,2.2046156
294290233,-4.9529004,-6.14083,1.5711328
294290243,-5.19839,-6.492898,1.3160633
294290252,-5.090614,-6.964717,1.2082874
294290262,-4.7816563,-7.521559,1.1292517
294290272,-4.3146276,-8.322693,1.0298584
294290282,-3.9398072,-9.061557,0.74485105
294290292,-3.7434156,-9.2818985,0.23111938
294290301,-3.4608033,-9.107061,-0.39877075
294290311,-3.2296839,-9.522597,-0.77718383
294290321,-3.1578333,-10.226733,-1.1532019
294290331,-3.2775843,-10.952424,-1.2585827
294290340,-3.4033227,-11.602673,-1.3927039
294290350,-3.598517,-11.89726,-1.2549902
294290360,-3.6021094,-11.540401,-1.0717713
294290370,-3.453618,-11.130854,-0.74125856
294290380,-3.551814,-10.551258,-0.8586145
294290389,-3.3254845,-9.941726,-1.2394226
294290399,-3.2320788,-9.794433,-1.3819263
294290409,-3.4452355,-10.11776,-1.3208532
294290419,-3.497926,-10.286609,-1.2154725
294290429,-3.3638048,-10.655442,-0.9340576
294290438,-3.3578174,-11.56076,-0.7580237
294290448,-3.7697608,-11.693683,-0.5017566
294290458,-4.179309,-11.629017,0.18800904
294290468,-4.29906,-11.08415,0.81789917
294290477,-4.3134303,-10.357262,1.1436218
294290487,-4.0392003,-9.59325,1.0310559
294290497,-3.8200562,-8.871152,1.2490027
294290507,-3.7362304,-7.940687,1.2082874
294290517,-3.8212538,-7.0245924,1.3100756
294290526,-4.0392003,-5.9707837,1.5495776
294290536,-4.382886,-4.7110033,1.8968555
294290546,-4.6810656,-3.4500256,2.3902295
294290556,-4.8451247,-2.242936,2.8081603
294290566,-5.0091834,-1.2022998,2.9422815
294290575,-4.8247666,-0.61911255,2.9279113
294290585,-4.750521,-0.7424561,3.314707
294290595,-4.8008165,-1.5435901,3.6643798
294290605,-4.9505053,-2.5387206,4.1876917
294290614,-5.0091834,-3.7637732,4.9277525
294290624,-5.182822,-4.9133825,5.3073635
294290634,-5.3696337,-5.685776,5.78996
294290644,-5.527705,-5.798342,5.999524
294290654,-5.5935683,-5.054689,5.629493
294290663,-5.351671,-4.26074,5.1612673
294290673,-4.9085927,-4.0272255,4.564907
294290683,-4.6966333,-4.4331813,4.099076
294290693,-4.6032276,-4.9840355,3.7781434
294290703,-4.643943,-5.349276,3.4799633
294290712,-4.9385304,-5.325326,3.333867
294290722,-5.181625,-5.421127,2.8333082
294290732,-5.2175503,-5.555248,2.4644752
294290742,-5.2582655,-5.748047,2.3267615
294290752,-5.50136,-6.070177,2.283651
294290761,-5.49178,-6.9946547,2.3566992
294290771,-5.4319043,-7.804171,2.4764502
294290781,-5.508545,-8.210127,2.2561083
294290791,-5.3037705,-8.369396,2.1100123
294290800,-5.1121693,-7.9921803,1.7902771
294290810,-5.0822315,-7.8029737,1.1783496
294290820,-5.1924024,-7.8891945,0.21076173
294290830,-5.1852174,-8.078401,-0.23590942
294290840,-5.2235374,-8.170609,-0.58438474
294290849,-5.3241286,-8.514295,-1.0789562
294290859,-5.283413,-8.751401,-1.2370276
294290869,-5.126539,-9.019644,-1.411864
294290879,-5.027146,-9.571695,-1.4154565
294290889,-4.90021,-9.720187,-1.0071057
294290898,-4.7553115,-9.747729,-0.7831714
294290908,-4.7397437,-9.493857,-1.4968872
294290918,-4.695436,-8.732242,-1.6405884
294290928,-4.61161,-8.327483,-2.1818628
294290937,-4.454736,-8.480764,-2.0549269
294290947,-4.3864784,-8.372989,-2.1950355
294290957,-4.2810974,-8.279583,-2.572251
294290967,-4.216432,-7.532336,-2.2728736
294290977,-4.301455,-7.1120105,-3.3937426
294290986,-4.4762917,-7.232959,-4.4475513
294290996,-4.6666956,-8.619676,-3.6883302
294291006,-4.905,-9.301059,-1.9878662
294291016,-4.564907,-8.766969,-1.7411792
294291026,-4.3912683,-8.182584,-2.445315
294291035,-4.4319835,-7.6544824,-3.5015185
294291045,-4.494254,-7.0341725,-3.9637573
294291055,-4.594845,-7.4054003,-4.0559654
294291065,-4.6271777,-7.6640625,-3.3530273
294291074,-4.5613146,-7.540719,-3.05844
294291084,-4.470304,-7.619755,-3.5290613
294291094,-4.564907,-7.36229,-3.6212695
294291104,-4.7253737,-7.1263804,-3.6799476
294291114,-4.8666797,-7.418573,-3.9601648
294291123,-4.8175817,-7.3263645,-3.8487964
294291133,-4.912185,-6.8868785,-3.190166
294291143,-4.709806,-7.1048255,-3.3793726
294291153,-4.8666797,-6.6868944,-2.9841943
294291162,-4.958888,-6.8162255,-3.5075061
294291172,-4.8091993,-7.139553,-3.4033227
294291182,-4.9648757,-7.3371425,-3.3350646
294291192,-4.9361353,-7.235354,-3.359015
294291202,-4.9481106,-7.0952454,-2.618954
294291211,-4.9361353,-6.7803,-3.3769774
294291221,-4.819977,-7.176676,-3.8931043
294291231,-4.822372,-7.0221972,-3.2320788
294291241,-5.190007,-7.150331,-3.6547997
294291251,-4.92416,-7.0078273,-3.2476466
294291260,-5.197192,-7.4856334,-3.0811927
294291270,-5.379214,-8.359816,-2.6441016
294291280,-5.3504734,-8.24725,-2.76984
294291290,-5.18881,-7.7766285,-2.9650342
294291299,-5.0331335,-7.683223,-3.4428406
294291309,-4.7445335,-7.6688523,-3.2823744
294291319,-4.846322,-8.0017605,-3.246449
294291329,-4.8750625,-8.055648,-3.2692018
294291339,-4.7385464,-7.890392,-3.4093103
294291348,-4.6990285,-7.7682457,-3.6559973
294291358,-4.6810656,-7.692803,-3.5697765
294291368,-4.6619053,-7.5814342,-3.4380505
294291378,-4.524192,-7.6568775,-3.7290454
294291388,-4.5074267,-7.5467067,-3.873944
294291397,-4.4715014,-8.120314,-4.9672704
294291407,-4.575685,-6.956334,-2.1004322
294291417,-4.4906616,-7.806566,-2.9865894
294291427,-4.502637,-7.2736745,-3.0668225
294291436,-4.4511437,-6.507268,-3.6775525
294291446,-4.2834926,-6.2414207,-4.3122325
294291456,-4.3385777,-5.967191,-4.3230104
294291466,-4.3685155,-6.1120896,-3.97693
294291476,-4.336183,-7.0221972,-3.9122643
294291485,-4.380491,-7.9909825,-3.730243
294291495,-4.4643164,-8.120314,-3.6823425
294291505,-4.439169,-8.097561,-3.8715491
294291515,-4.30385,-7.9766126,-3.8535864
294291525,-4.331393,-7.919132,-3.8452039
294291534,-4.4200087,-7.794591,-3.7769458
294291544,-4.463119,-7.6556797,-3.7410204
294291554,-4.639153,-7.692803,-3.6571949
294291564,-4.604425,-7.643705,-3.6595898
294291573,-4.629573,-7.714358,-3.6068995
294291583,-4.62119,-7.625742,-3.5410364
294291593,-4.63077,-7.5443115,-3.4596057
294291603,-4.614005,-7.579039,-3.5841467
294291613,-4.5888577,-7.653285,-3.5625916
294291622,-4.6092153,-7.6425076,-3.432063
294291632,-4.6008325,-7.6461,-3.3470397
294291642,-4.5469446,-7.5467067,-3.3865576
294291652,-4.455934,-7.599397,-3.3769774
294291662,-4.4978466,-7.555089,-3.3566198
294291671,-4.487069,-7.6640625,-3.2524366
294291681,-4.445156,-7.5203614,-3.2320788
294291691,-4.4403663,-7.550299,-3.187771
294291701,-4.491859,-7.482041,-3.1255004
294291710,-4.491859,-7.394623,-3.2057335
294291720,-4.5002418,-7.5035963,-3.2009437
294291730,-4.6152024,-7.523954,-3.1925611
294291740,-4.590055,-7.6173596,-3.119513
294291750,-4.6331654,-7.5610766,-3.1841784
294291759,-4.6666956,-7.5670643,-3.2452514
294291769,-4.7086086,-7.601792,-3.378175
294291779,-4.7133985,-7.6149645,-3.3602123
294291789,-4.785249,-7.508386,-3.5218763
294291799,-4.6894484,-7.6005945,-3.6080968
294291808,-4.685856,-7.6544824,-3.6943176
294291818,-4.702621,-7.8173437,-3.6679723
294291828,-4.766089,-7.9083543,-3.5697765
294291838,-4.773274,-7.884404,-3.3159046
294291847,-4.716991,-7.7227407,-3.1997461
294291857,-4.695436,-7.5742493,-3.458408
294291867,-4.7062135,-7.3143897,-3.5230737
294291877,-4.6247826,-7.253317,-3.5793567
294291887,-4.5960426,-7.223379,-3.6392322
294291896,-4.60203,-7.4006104,-3.8954992
294291906,-4.604425,-7.4952135,-3.8140686
294291916,-4.5062294,-7.563472,-3.8368213
294291926,-4.4954515,-7.7430983,-3.754193
294291936,-4.2954674,-7.6377172,-3.6571949
294291945,-4.3565407,-7.5395217,-3.542234
294291955,-4.2319994,-7.242539,-3.5997143
294291965,-4.230802,-7.188651,-4.0667434
294291975,-4.1685314,-7.34792,-4.4200087
294291984,-4.1373963,-7.7059755,-4.508624
294291994,-4.0655456,-7.9993653,-4.543352
294292004,-3.8966968,-8.02571,-4.4020457
294292014,-3.7769458,-7.9035645,-4.6199927
294292024,-3.6595898,-7.7526784,-4.463119
294292033,-3.6703675,-7.7107654,-4.6906457
294292043,-3.742218,-7.498806,-5.0163684
294292053,-3.6679723,-7.489226,-5.215155
294292063,-3.6200721,-7.470066,-5.315746
294292073,-3.6116896,-7.7179503,-5.483397
294292082,-3.5242712,-7.8257265,-5.332511
294292092,-3.478766,-7.7251353,-5.395979
294292102,-3.6200721,-7.789801,-5.494175
294292112,-3.7565882,-7.6029897,-5.309758
294292121,-3.8990917,-7.6951976,-5.661826
294292131,-4.093088,-7.848479,-4.9433203
294292141,-4.269122,-6.9707046,-4.8163843
294292151,-4.3134303,-5.945636,-5.6462584
294292161,-4.543352,-5.81391,-6.1456203
294292170,-4.785249,-6.4473925,-5.253475
294292180,-4.8103967,-6.9311867,-5.0918117
294292190,-4.878655,-6.758745,-5.366041
294292200,-4.700226,-6.3468018,-5.8187
294292210,-4.694238,-6.308481,-5.5588403
294292219,-4.757706,-6.5994763,-5.5289025
294292229,-4.6259804,-6.8090405,-6.0881395
294292239,-4.9109874,-7.003037,-6.0881395
294292249,-4.968468,-6.956334,-5.4510646
294292258,-5.252278,-6.652167,-5.126539
294292268,-5.6103334,-6.661747,-4.4738965
294292278,-5.7312818,-7.061715,-3.7110827
294292288,-5.645061,-7.100035,-3.046465
294292298,-6.016289,-6.4162574,-1.108894
294292307,-6.412665,-5.806725,-0.15687378
294292317,-6.6629443,-5.484595,-1.0059083
294292327,-7.359895,-5.1205516,-1.4944922
294292337,-8.018525,-6.490503,-3.3087194
294292346,-8.1634245,-8.013736,-6.9144216
294292356,-8.460406,-7.3024144,-5.6247034
294292366,-7.9155397,-7.0952454,-4.987628
294292376,-7.0964427,-6.6868944,-4.6427455
294292386,-6.75156,-5.7312818,-4.061953
294292395,-5.877378,-5.1935997,-2.7219398
294292405,-5.9564137,-5.0307384,-3.6512072
294292415,-6.6258216,-4.7229786,-3.67396
294292425,-4.5565248,-6.835386,-6.13604
294292435,-2.7890003,-8.165819,-3.133883
294292444,-2.579436,-7.1682935,-3.4679883
294292454,-2.4740553,-5.54926,-3.4093103
294292464,-1.0657837,-7.662865,-4.604425
294292474,-0.86699706,-8.014933,-2.5327332
294292483,0.07544312,-9.296268,-2.4513025
294292493,-0.7388635,-9.410031,-1.0011182
294292503,-1.0621911,-9.83395,-2.6979895
294292513,-2.2561083,-10.43031,-2.1171973
294292523,-3.2201037,-8.356223,-1.6214283
294292532,-2.4513025,-7.2078114,-3.3326697
294292542,-3.234474,-7.6149645,-4.934938
294292552,-2.7542725,-8.418493,-5.576803
294292562,-2.6536818,-6.8066454,-5.449867
294292572,-3.8727465,-8.243657,-6.5527735
294292581,-5.774392,-7.7526784,-6.316864
294292591,-8.072413,-6.822213,-6.8796935
294292601,-9.286688,-6.7551527,-9.081914
294292611,-10.827884,-5.7193065,-12.136762
294292620,-10.157278,-4.326603,-11.345207
294292630,-4.670288,-5.743257,-8.183782
294292640,-4.757706,-5.316943,-4.4954515
294292650,-5.4798045,-4.996011,-6.0126967
294292660,-5.797145,-3.1326857,-8.104746
294292669,-5.542075,-3.051255,-8.911868
294292679,-6.495293,-5.278623,-9.770482
294292689,-5.667814,-4.677473,-8.3957405
294292699,-4.8008165,-4.2559495,-7.195836
294292709,-3.838019,-4.28948,-7.315587
294292718,-3.4524207,-4.685856,-5.264253
294292728,-1.3471985,-6.660549,-2.8105555
294292738,0.7652087,-8.253238,1.5615528
294292748,2.0657043,-8.420889,4.8475194
294292757,2.8668385,-11.258986,4.030818
294292767,-3.0955627,-11.712843,-0.11496094
294292777,-5.910908,-9.138197,-4.5158095
294292787,-3.3578174,-9.372909,-5.613926
294292797,-1.355581,-10.187216,-4.660708
294292806,-1.5843054,-10.682984,-3.3745825
294292816,-2.696792,-9.301059,-4.667893
294292826,-2.7399023,-6.421047,-4.148174
294292836,-2.8764184,-7.6161623,-4.242777
294292845,-3.615282,-8.680748,-3.5913317
294292855,-5.126539,-8.690329,-3.906277
294292865,-7.277267,-7.8496766,-4.140989
294292875,-8.986114,-7.404203,-4.2080493
294292885,-8.308323,-8.277187,-4.8307543
294292894,-7.3419323,-8.121511,-5.2894006
294292904,-7.0341725,-7.95386,-5.7947497
294292914,-7.197034,-7.6868153,-6.156398
294292924,-6.71803,-7.479646,-6.006709
294292934,-6.12646,-7.2149963,-5.518125
294292943,-5.612728,-7.0796776,-4.8475194
294292953,-5.1433043,-6.4881077,-4.5840673
294292963,-4.58766,-5.877378,-4.9445176
294292973,-4.191284,-5.469027,-5.302573
294292982,-3.9457946,-5.5312977,-5.771997
294292992,-3.6200721,-5.637876,-5.9444385
294293002,-3.5063086,-5.611531,-5.8642054
294293012,-3.2368689,-5.124144,-6.10251
294293022,-3.2476466,-5.533693,-5.863008
294293031,-3.065625,-5.5073476,-5.7025414
294293041,-3.495531,-5.894143,-4.526587
294293051,-3.9541771,-6.666537,-4.204457
294293061,-4.142186,-6.3348265,-4.7349534
294293071,-4.155359,-5.8402553,-5.635481
294293080,-4.214037,-6.1791506,-5.6821837
294293090,-4.176914,-7.1635036,-5.1672544
294293100,-4.3134303,-7.97302,-4.883445
294293110,-4.29906,-7.8568616,-5.1145644
294293119,-4.078718,-7.7682457,-5.3504734
294293129,-3.8392162,-7.7107654,-5.5133348
294293139,-3.5530114,-7.756271,-5.4390893
294293149,-3.4643958,-7.6880126,-5.2163525
294293159,-3.373385,-7.3838453,-5.3612514
294293168,-3.3769774,-7.1934414,-5.6486535
294293178,-3.3422499,-7.380253,-5.619913
294293188,-3.622467,-7.298822,-5.6486535
294293198,-3.754193,-7.0784802,-6.0426345
294293207,-3.6200721,-6.9874697,-5.9983263
294293217,-3.3626075,-6.7970653,-6.086942
294293227,-3.3015344,-6.5455885,-5.960006
294293237,-3.417693,-6.375542,-5.910908
294293247,-3.6823425,-6.842571,-5.9001307
294293256,-3.7062926,-7.67484,-5.494175
294293266,-3.6260595,-7.921527,-5.6438637
294293276,-3.373385,-7.580237,-5.8342676
294293286,-3.7194653,-6.589896,-5.891748
294293296,-4.0116577,-6.4174547,-5.948031
294293305,-3.8404138,-7.0892577,-5.6881714
294293315,-3.7589831,-7.538324,-5.522915
294293325,-3.7709582,-7.394623,-5.6270986
294293335,-3.7745507,-6.957532,-5.6738014
294293344,-3.5841467,-6.7527575,-5.9037232
294293354,-3.5362463,-6.795868,-6.016289
294293364,-3.7266505,-6.916816,-5.6953564
294293424,-3.69791,-6.9695067,-5.640271
294293434,-3.8392162,-6.8186207,-5.8510327
294293444,-3.98651,-6.5695386,-5.933661
294293454,-4.087101,-6.8389783,-5.7468495
294293463,-4.101471,-7.117998,-5.788762
294293473,-4.3146276,-7.05453,-5.9528213
294293483,-4.381688,-7.125183,-6.2881236
294293493,-4.436774,-7.1048255,-6.0977197
294293502,-4.693041,-7.303612,-5.718109
294293512,-4.4331813,-7.180269,-5.190007
294293522,-4.2391844,-6.836583,-4.6894484
294293532,-4.4415636,-6.2905188,-4.7840514
294293542,-4.397256,-5.7779846,-4.88584
294293551,-4.528982,-5.533693,-4.975653
294293561,-4.7301636,-5.532495,-5.2139573
294293571,-5.022356,-5.6893687,-5.146897
294293581,-5.0487013,-6.0713744,-5.332511
294293591,-5.031936,-6.5719337,-5.3780165
294293600,-4.653523,-6.77072,-5.302573
294293610,-4.5074267,-6.773115,-5.051096
294293620,-4.658313,-6.7312026,-4.902605
294293630,-4.6403503,-6.725215,-4.88584
294293639,-4.834347,-7.098838,-5.4319043
294293649,-5.1133666,-7.2102065,-5.3899913
294293659,-5.4187317,-7.174281,-5.6163206
294293669,-5.1696496,-6.9659142,-6.2725563
294293679,-4.785249,-6.866521,-5.7516394
294293688,-4.733756,-7.1922436,-4.8594947
294293698,-4.8020144,-7.7251353,-3.676355
294293708,-4.7744713,-9.301059,-3.558999
294293718,-4.6990285,-9.765692,-3.7015028
294293728,-4.5625124,-9.674682,-4.1709266
294293737,-4.331393,-9.544153,-4.6427455
294293747,-4.5457473,-9.326206,-4.5696974
294293757,-4.702621,-9.46871,-4.3757005
294293767,-4.925358,-10.395582,-4.040398
294293777,-5.0942063,-10.574011,-2.75547
294293786,-5.5384827,-10.544073,-1.0514135
294293796,-6.182743,-9.425599,0.21076173
294293806,-6.284531,-7.7430983,-0.5831873
294293816,-5.5756054,-6.71803,-1.8621277
294293825,-4.968468,-5.773195,-1.3723462
294293835,-4.926555,-4.736151,0.014370117
294293845,-5.1301317,-3.7649708,1.4298266
294293855,-5.724097,-2.7590625,1.8106347
294293865,-6.0055113,-2.1255798,1.8429675
294293874,-5.7827744,-1.9782861,2.0776794
294293884,-5.771997,-2.3339465,2.1507275
294293894,-5.6462584,-3.119513,2.1387525
294293904,-5.4043617,-4.4667115,2.1267774
294293914,-5.2498827,-5.6270986,2.5423133
294293923,-5.415139,-6.697672,3.0380824
294293933,-5.374424,-7.550299,3.222499
294293943,-5.3947816,-8.296348,2.9961693
294293953,-5.5241127,-8.52148,2.7159522
294293963,-5.555248,-7.9107494,2.290836
294293972,-5.4331017,-7.08327,1.6238233
294293982,-5.022356,-6.507268,0.83825684
294293992,-4.5840673,-6.052214,-0.05987549
294294002,-4.132606,-5.924081,-0.5281018
294294011,-3.6068995,-6.6401916,-1.0154883
294294021,-2.8836036,-7.8053684,-1.2478051
294294031,-2.6788294,-9.011261,-1.5124549
294294041,-2.7087672,-10.027946,-1.6166382
294294051,-2.8129504,-10.460248,-1.3328284
294294060,-3.2093263,-10.38241,-1.2669654
294294070,-3.0847852,-10.453063,-1.6058606
294294080,-3.1159203,-10.114167,-1.3172607
294294090,-3.1075377,-9.80521,-1.895658
294294100,-3.046465,-9.524993,-2.0357666
294294109,-3.2248938,-8.770561,-2.095642
294294124,-3.3566198,-8.703501,-2.5027955
294294134,-3.2272887,-8.600515,-2.14953
294294144,-3.3985326,-8.960965,-2.6117687
294294153,-3.3015344,-8.883127,-2.5387206
294294163,-3.3937426,-9.166937,-2.618954
294294173,-3.68354,-8.696316,-1.971101
294294183,-3.9613624,-8.053253,-2.1483326
294294192,-4.1050634,-7.988588,-1.9758911
294294202,-4.0272255,-8.698711,-1.3903089
294294212,-3.7027001,-8.394544,-0.9340576
294294222,-3.7278478,-8.715476,-1.3639636
294294232,-3.612887,-8.820857,-1.9555335
294294241,-3.6631823,-8.828042,-2.3830445
294294251,-3.9565723,-8.184979,-2.262096
294294261,-3.7027001,-8.56938,-2.14953
294294271,-3.634442,-8.28557,-1.7495618
294294281,-3.747008,-7.8592567,-1.8896704
294294290,-3.6751575,-8.225695,-1.8118323
294294300,-3.7721558,-8.1634245,-1.8609302
294294310,-3.791316,-8.643625,-2.6488917
294294320,-3.9266346,-8.30473,-2.2022204
294294329,-4.301455,-8.28078,-1.6429834
294294339,-4.0906935,-8.34784,-1.8693128
294294349,-4.0571632,-9.685459,-1.2430152
294294359,-4.27032,-9.9010105,-1.0861413
294294369,-4.6164002,-9.718989,-0.44786865
294294378,-4.8451247,-9.051976,-1.84656
294294388,-4.648733,-9.059161,-1.4573693
294294398,-4.452341,-9.582473,-1.7531543
294294408,-4.5601172,-10.442286,-1.7351917
294294417,-4.482279,-10.308164,-0.53648436
294294427,-4.4834766,-10.017169,-0.366438
294294437,-4.191284,-9.938133,-0.79035646
294294447,-3.2105236,-9.469907,-2.4513025
294294457,-4.02962,-11.161988,-0.6478528
294294466,-5.0175657,-7.5371265,5.649851
294294476,-4.605623,-8.056846,0.51013917
294294486,-3.873944,-6.370752,-1.219065
294294496,-3.436853,-4.7325587,-3.0392797
294294506,-2.884801,-4.6666956,-0.08023316
294294515,-3.0895753,-6.9024463,1.4956897
294294525,-3.617677,-8.412506,3.5637891
294294535,-3.9278321,-8.207732,2.7351122
294294545,-2.8536658,-7.9933777,0.9077124
294294554,-2.3327491,-7.004235,1.7531543
294294564,-2.5447083,-7.315587,2.8883936
294294574,-2.7219398,-7.8377013,3.2751892
294294584,-2.7830126,-7.5586815,3.119513
294294594,-2.7794201,-7.3072047,3.2620165
294294603,-2.9291089,-7.462881,3.432063
294294613,-3.0740075,-7.923922,3.4847534
294294623,-3.109933,-7.7526784,4.1074586
294294633,-2.950664,-7.3610926,3.9290295
294294643,-2.5315356,-7.3539076,3.6775525
294294652,-2.2489233,-7.619755,3.7386255
294294662,-1.9842737,-7.909552,3.822451
294294672,-1.7507592,-7.8820095,3.9362147
294294682,-1.5136523,-7.579039,3.8631666
294294692,-1.3974938,-8.31431,3.4775684
294294701,-1.4058765,-9.1693325,3.5530114
294294711,-1.3771362,-8.859178,3.4895434
294294721,-0.52450925,-9.104667,3.065625
294294731,-0.97477293,-9.037606,6.0426345
294294740,-1.7112415,-8.447234,6.197113
294294750,-1.2861255,-8.444839,4.3230104
294294760,-0.8190967,-7.6005945,4.0679407
294294770,-0.92687255,-7.7203455,4.2559495
294294780,-1.0657837,-8.787327,4.819977
294294789,-1.5148499,-9.57888,5.6809864
294294799,-1.8573376,-9.769284,6.2474084
294294809,-2.0213964,-9.783655,6.312074
294294819,-2.2094054,-9.19927,6.2737536
294294829,-2.4525,-8.196955,6.1324477
294294838,-2.6908045,-7.179071,6.006709
294294848,-2.9853919,-6.531218,5.798342
294294858,-3.1087353,-6.1599903,5.997129
294294868,-3.070415,-5.532495,6.222261
294294877,-3.0895753,-4.6355605,6.1156826
294294887,-3.0285022,-3.9493873,5.867798
294294897,-2.997367,-3.4679883,5.886958
294294907,-3.1350806,-3.3518298,6.035449
294294917,-3.187771,-3.4548156,6.4162574
294294926,-3.3039293,-3.6919227,6.6964746
294294936,-3.3290772,-3.6116896,7.0341725
294294946,-3.4380505,-3.429668,7.1730833
294294956,-3.5398388,-3.2033386,7.179071
294294966,-3.558999,-2.6728418,7.0641103
294294975,-3.542234,-2.2513185,7.1311707
294294985,-3.4236803,-1.971101,7.123986
294294995,-3.4069152,-2.029779,7.181466
294295005,-3.3997302,-2.3267615,7.3131924
294295014,-3.258424,-2.703977,7.5682616
294295024,-3.2260914,-2.7195446,7.6425076
294295034,-3.3841627,-2.3902295,7.677235
294295044,-3.333867,-1.9495459,7.579039
294295054,-3.410508,-1.4681469,7.452103
294295063,-3.4967284,-1.0873389,7.3048096
294295073,-3.5266662,-0.9675879,7.2102065
294295083,-3.615282,-0.80113405,7.1168003
294295093,-3.5122962,-0.6813831,7.037765
294295103,-3.3135095,-0.52091676,6.964717
294295112,-3.1482532,-0.34727782,7.061715
294295122,-2.9937744,-0.3293152,7.0257897
294295132,-2.8416908,-0.41074586,7.1838613
294295142,-2.838098,-0.32452515,7.0796776
294295152,-2.6405091,-0.16405883,7.085665
294295161,-2.5734484,-0.23471192,7.453301
294295171,-2.7147546,-0.36524048,7.7371106
294295181,-2.8249254,-0.49696654,7.8544664
294295191,-3.0416749,-0.7209009,7.8951817
294295200,-3.0764027,-0.7388635,7.9155397
294295210,-2.999762,-0.7544311,7.782616
294295220,-3.0153296,-0.77838135,7.7909985
294295230,-3.0153296,-0.8202942,7.6496925
294295240,-3.070415,-0.87657714,7.6808276
294295249,-3.2153137,-1.0274634,7.867639
294295259,-3.319497,-1.165177,7.9119473
294295269,-3.3997302,-1.1532019,8.04487
294295279,-3.5637891,-1.1208692,7.941885
294295289,-3.549419,-1.1771522,8.087981
294295298,-3.754193,-1.219065,8.119116
294295308,-3.8464015,-1.289718,8.241262
294295318,-3.8631666,-1.4477893,8.220904
294295328,-3.8020935,-1.4885046,8.286768
294295337,-3.8344262,-1.4453943,8.29036
294295347,-3.7529955,-1.2717553,8.192164
294295357,-3.7134778,-1.1723621,8.109536
294295367,-3.6500099,-1.1220666,8.122708
294295377,-3.7230577,-1.1256592,8.200547
294295386,-3.6595898,-1.0921289,8.272397
294295396,-3.6284547,-1.104104,8.287965
294295406,-3.6883302,-1.1711645,8.389753
294295416,-3.7206628,-1.113684,8.382568
294295426,-3.6991076,-1.045426,8.378976
294295435,-3.7386255,-1.108894,8.326285
294295445,-3.6452198,-1.1424243,8.363408
294295455,-3.6164794,-1.2022998,8.467591
294295465,-3.7098854,-1.0765613,8.402926
294295474,-3.7589831,-1.0274634,8.334668
294295484,-3.7146752,-0.9412427,8.268805
294295494,-3.6392322,-0.77957886,8.196955
294295504,-3.7266505,-0.75562865,8.199349
294295514,-3.69312,-0.84065187,8.138276
294295523,-3.8296363,-0.82747924,8.212522
294295533,-3.8416114,-0.88974977,8.18977
294295543,-3.859574,-0.94842774,8.188572
294295553,-3.8428087,-0.96040285,8.134684
294295563,-3.744613,-1.0238708,8.293953
294295572,-3.7577856,-1.0286609,8.169412
294295582,-3.8068836,-0.9855505,8.096363
294295592,-4.1170387,-0.9448352,8.224497
294295602,-3.3889527,-1.0214758,8.024513
294295611,-3.561394,-1.0849439,7.765851
294295621,-3.6464171,-1.1124866,7.732321
294295631,-3.5326538,-1.0262659,7.3706727
294295641,-3.2572265,-1.1532019,7.3766603
294295651,-3.4188905,-1.2921131,7.629335
294295660,-3.4141004,-1.2885205,7.763456
294295670,-3.3745825,-0.9412427,7.7694435
294295680,-3.2644117,-0.69096315,7.99697
294295690,-3.2620165,-0.9687854,8.214917
294295699,-3.7314405,-1.2525952,8.653206
294295709,-4.2224193,-1.284928,8.774154
294295719,-4.860692,-1.0418335,8.165819
294295729,-2.6464965,-1.299298,8.479567
294295739,-2.757865,-1.470542,8.369396
294295748,-3.7086878,-1.4465919,8.339458
294295758,-3.9649549,-1.2394226,8.389753
294295768,-3.803291,-1.3100756,8.36221
294295778,-3.7122803,-1.2561878,8.429272
294295788,-3.681145,-1.2549902,8.253238
294295797,-3.735033,-1.2226574,8.104746
294295807,-3.7050953,-1.3016931,8.220904
294295817,-3.6009119,-1.4346167,8.217312
294295827,-3.5901344,-1.5304174,8.184979
