6910585,-6.955137,0.9735754,4.132606
6910595,-6.9060388,0.859812,4.1385937
6910605,-7.09285,0.67898804,4.0116577
6910703,-4.8726673,-3.4033227,1.0921289
6910712,-4.4319835,-4.150569,0.5269043
6910722,-4.115841,-4.870272,-0.40236327
6910732,-3.7625756,-5.6366787,-1.5184424
6910742,-3.302732,-6.812633,-2.2405407
6910752,-2.875221,-8.171806,-2.7207422
6910761,-2.266886,-9.642348,-3.7230577
6910771,-1.712439,-11.126063,-4.691843
6910781,-1.2118798,-12.6469,-5.931266
6910791,-0.49936157,-13.976136,-6.810238
6910800,0.2203418,-14.774876,-7.946675
6910810,0.7244934,-14.783258,-8.158634
6910820,1.2717553,-14.628779,-8.444839
6910830,1.1687695,-14.506634,-8.456814
6910840,1.0298584,-14.001285,-8.880733
6910849,0.8202942,-13.674364,-9.566906
6910859,0.31015503,-13.155842,-10.271041
6910869,-0.6394702,-12.328363,-11.201507
6910879,-1.905238,-11.282937,-12.328363
6910888,-2.75547,-9.705816,-7.620952
6910898,-2.6572742,-9.129814,-6.0222764
6910908,-2.0920496,-12.745096,-0.010777588
6910918,-1.047821,-15.232325,-2.4345374
6910928,-3.9457946,-13.990506,-4.343368
6910937,-6.2989016,-14.932947,-3.5805542
6910947,-8.422086,-11.775113,-2.0237916
6910957,-6.612649,-9.950109,-11.124866
6910970,-3.8152661,-9.2818985,-11.548784
6910979,-0.54606444,-9.206455,-8.169412
6910989,1.7136365,-9.922565,-5.630691
6910999,2.6716442,-9.200467,-1.1460168
6911009,1.8058448,-8.55022,-0.17603393
6911019,-1.0502161,-9.144184,-2.703977
6911028,-3.0596375,-9.424402,-4.437971
6911038,-3.4548156,-9.413624,-5.363646
6911048,-2.3040087,-8.590935,-3.2332764
6911058,-0.23471192,-7.6425076,0.4754114
6911067,0.8837622,-6.939569,3.7218604
6911077,1.1759546,-7.1527257,3.0153296
6911087,-0.20118164,-9.326206,-0.1472937
6911097,-1.6501684,-10.481803,0.36045045
6911107,-2.13995,-10.13213,1.8022522
6911116,-2.0213964,-10.357262,0.1963916
6911126,-1.5890955,-9.734557,0.16645385
6911136,-0.7364685,-8.343051,1.3795313
6911146,0.30776,-6.940767,2.0824695
6911155,1.0083032,-6.051017,0.9316626
6911165,0.8586145,-6.5839086,-1.0346484
6911175,-0.07783814,-9.366921,-2.4764502
6911185,-1.8190173,-12.658875,-1.8633252
6911195,-4.012855,-12.701986,-1.1747571
6911204,-5.2139573,-12.260105,-3.0811927
6911214,-4.399651,-11.994258,-5.8031325
6911224,-2.1818628,-12.028986,-6.276149
6911234,-0.17962646,-11.538007,-3.9122643
6911243,1.465752,-9.861493,0.5891748
6911253,2.6045837,-9.142987,2.696792
6911263,2.882406,-9.917776,0.32811767
6911273,1.1292517,-10.2878065,-0.8813672
6911283,-1.4286292,-10.283016,0.37721556
6911292,-2.9961693,-10.453063,0.16765137
6911302,-3.302732,-9.333391,2.5890162
6911312,-2.2932312,-7.8089614,6.0150914
6911323,-0.6442602,-6.079757,6.7192273
6911333,0.26704466,-4.651128,4.839137
6911343,0.49097902,-3.9014869,4.206852
6911352,0.8801697,-3.5649865,6.1252623
6911362,1.3160633,-3.5182836,8.532257
6911372,0.62989014,-3.984115,10.787168
6911382,-0.76161623,-3.417693,12.55589
6911392,-1.8441651,-2.6656568,12.382251
6911401,-2.381847,-2.567461,9.742939
6911411,-3.0991552,-2.7410998,7.7766285
6911421,-3.4715807,-3.6380346,6.4593678
6911431,-3.270399,-5.7193065,4.91458
6911440,-2.015409,-8.462802,3.485951
6911450,-0.7688013,-9.884246,4.790039
6911460,0.70174074,-9.916578,6.9048414
6911470,1.7423767,-9.350156,8.671168
6911480,1.780697,-7.6975927,8.061636
6911489,0.7723938,-6.2090883,7.3467226
6911499,-0.49696654,-5.0498986,6.6354017
6911509,-1.0562036,-4.0535707,5.107379
6911519,-1.2741504,-3.554209,3.732638
6911528,-0.8849597,-4.184099,2.4489074
6911538,-0.48139894,-5.853428,2.3135889
6911548,-0.39757323,-7.770641,1.9291883
6911558,-0.8214917,-9.586065,0.6993457
6911568,-1.6705261,-10.606344,-0.23830444
6911577,-2.2022204,-10.50695,-0.43828857
6911587,-2.2345533,-8.983718,0.76281375
6911597,-1.4082714,-7.5035963,2.015409
6911607,-0.432301,-6.2905188,2.6105714
6911616,-0.19160156,-5.332511,2.1088147
6911626,-1.1208692,-4.2930727,3.0129347
6911636,-1.8405725,-4.0823107,3.060835
6911646,-2.4093897,-4.7397437,1.6992663
6911656,-3.4727783,-5.6666164,0.8681946
6911665,-3.7877233,-7.228169,0.45265868
6911675,-2.699187,-8.623268,0.6598279
6911685,-0.83346677,-9.357342,2.3495142
6911695,1.4908997,-9.606423,3.6308496
6911704,3.0716126,-9.641151,5.133724
6911714,3.6679723,-9.0148535,7.028185
6911724,3.0560448,-7.0066295,8.122708
6911734,1.6525635,-5.926476,7.6472974
6911744,-0.3580554,-7.5119786,4.877457
6911753,-2.1782703,-10.426718,1.7315991
6911763,-3.497926,-12.293635,1.9854712
6911773,-3.4643958,-12.02659,2.9889843
6911783,-3.4811609,-11.840977,2.9171338
6911792,-2.9913795,-10.803933,2.7806177
6911802,-1.346001,-10.924882,1.5160474
6911812,0.38440064,-9.399254,0.7232959
6911822,2.2501209,-7.188651,-4.340973
6911832,2.811753,-8.483159,-10.825488
6911841,0.81550413,-11.673326,-12.891192
6911851,-2.9566517,-7.3263645,-9.327404
6911861,-3.7757483,-2.1040246,-11.321258
6911871,-3.749403,-0.05029541,-16.21069
6911880,-4.55892,0.43469605,-16.683706
6911890,-5.483397,1.3795313,-13.511502
6911900,-4.694238,1.223855,-12.848083
6911910,-3.6571949,-1.2430152,-17.241745
6911920,-2.4560926,-2.186653,-16.433426
6911929,-0.92328,-3.1745985,-13.510305
6911939,-0.15328126,-3.109933,-12.893588
6911949,0.19040406,-4.2224193,-11.569141
6911959,-0.27662477,-5.830675,-10.905722
6911968,-0.66821045,-4.311035,-10.049502
6911978,-0.9029224,-2.1698878,-9.928554
6911988,-0.2586621,-1.5878979,-11.739188
6911998,0.9783655,-3.739823,-8.692723
6912008,2.0872595,-4.91458,-5.8414526
6912017,1.5567627,-5.366041,-4.5565248
6912027,0.6873706,-6.0953245,-6.650969
6912037,0.2802173,-6.5384035,-6.508466
6912047,-0.17962646,-6.333629,-5.915698
6912056,-0.68377805,-5.80433,-6.325247
6912066,-1.2861255,-4.3206153,-5.442682
6912076,-1.7375866,-3.505111,-4.197272
6912086,-1.4346167,-4.1936793,-4.756509
6912096,-0.04550537,-4.3230104,-4.8427296
6912105,2.1806653,-3.429668,-6.807843
6912115,3.749403,-3.2775843,-9.443562
6912125,4.405638,-2.6620643,-10.187216
6912135,4.0499783,-1.8238074,-14.10906
6912144,3.0356872,-1.7064514,-14.859899
6912154,0.6502478,-2.4141798,-17.121994
6912164,-1.4441968,-1.8884729,-14.874269
6912182,-3.5314562,-1.4394068,-14.560521
6912192,-6.7994604,-3.3314722,-15.494579
6912201,-7.93949,-4.93374,-16.676521
6912211,-6.285729,-7.061715,-14.63357
6912221,-3.2236962,-7.191046,-11.673326
6912231,0.47181883,-6.9144216,-15.0012045
6912241,2.5075855,-5.619913,-13.990506
6912250,3.202141,-3.0392797,-15.773599
6912260,2.5950036,-3.6332445,-14.767691
6912270,0.33769774,-3.932622,-11.03625
6912280,-1.4513818,-4.2954674,-9.055569
6912289,-1.729204,-4.3840833,-8.5717745
6912299,-1.233435,-3.046465,-4.851112
6912309,0.033530273,-3.5745666,-3.7458105
6912319,1.2633728,-5.108577,1.3124707
6912329,1.3543836,-6.744375,5.9049206
6912338,-0.48259643,-9.249565,5.17444
6912348,-1.4322217,-9.495055,5.8318725
6912358,-1.7375866,-9.44955,1.0142908
6912368,-2.2309606,-9.621991,-0.6143225
6912377,-1.2382251,-8.086783,2.811753
6912387,-0.5939648,-5.7468495,0.0490979
6912397,0.305365,-5.2283278,-1.653761
6912407,0.6706055,-5.7995396,-1.3783337
6912417,-0.29578492,-6.6401916,-3.1638207
6912426,0.4179309,-5.7025414,-4.3709106
6912436,0.6227051,-4.2810974,-12.676838
6912446,1.5603552,-5.118157,-16.69568
6912456,-0.4047583,-4.883445,-17.911154
6912465,-4.1218286,-3.439248,-19.916983
6912475,-5.476212,-2.494413,-21.882095
6912485,-5.82349,-2.1579125,-21.210293
6912495,-4.812792,-3.251239,-17.612974
6912504,-3.2680042,-5.533693,-15.740068
6912514,-0.21674927,-6.349197,-17.520765
6912524,1.5699353,-6.8533483,-15.210769
6912534,0.87298465,-6.004314,-8.3191
6912544,-1.3424084,-5.7863674,-7.9370947
6912553,-3.1865735,-6.7755103,-9.701027
6912563,-1.4944922,-4.604425,-6.143225
6912573,0.8969348,-3.9649549,-6.6940794
6912583,2.0752845,-4.775669,-5.1217494
6912592,2.8788135,-6.292914,0.37601808
6912605,3.629652,-9.302256,3.9278321
6912615,0.57959473,-10.063872,5.0008006
6912625,-1.8645227,-9.590856,3.578159
6912635,-1.9243982,-10.368039,0.52450925
6912645,-2.015409,-10.870994,0.75083864
6912654,-2.1794677,-9.817185,1.4992822
6912664,-2.3171813,-8.721463,1.0741663
6912674,-2.3566992,-7.5610766,2.379452
6912684,-1.9495459,-5.9276733,0.5783972
6912693,-0.71730834,-4.9852333,-1.7327967
6912703,1.3843213,-3.2404613,-4.0894957
6912713,2.830913,-1.7627344,-12.614568
6912723,3.878734,-1.6334033,-22.950275
6912733,2.645299,-3.4967284,-21.516855
6912742,-1.6178356,-3.3949401,-19.654728
6912752,-5.9863515,-4.8918276,-24.48189
6912762,-9.159752,-6.163583,-23.922653
6912772,-10.887759,-7.5371265,-19.040405
6912781,-10.608739,-8.893905,-14.753321
6912791,-6.326444,-9.589658,-10.262659
6912801,-2.3602917,-9.335786,-4.126619
6912811,0.24069947,-9.837543,-4.3768983
6912821,0.14968872,-9.085506,-9.845925
6912830,-0.2335144,-5.8905506,-12.998968
6912840,0.7855664,-2.274071,-9.741742
6912850,1.585503,-2.3327491,-8.308323
6912860,-0.038320314,-4.023633,-5.012776
6912869,-0.37003052,-5.618716,-0.17244141
6912879,0.41912842,-9.806408,2.6596692
6912889,-0.18800904,-11.554771,7.7993813
6912899,-1.099314,-10.825488,6.1935205
6912909,-0.6933582,-9.304651,2.1279747
6912918,-0.85502195,-9.875863,-0.8837622
6912928,-1.0597961,-10.627899,0.66940796
6912938,-1.1496093,-10.115365,0.9400452
6912948,-0.671803,-9.448352,-0.33171022
6912957,-0.94363767,-7.6077795,0.062270507
6912970,-1.7794995,-6.055807,-1.7315991
6912980,-1.8070422,-4.366121,-4.352948
6912990,-0.7472461,-2.13516,-4.9540977
6913000,0.13891113,0.2574646,-11.030262
6913009,0.73407346,1.4250367,-19.158958
6913019,1.6848962,-1.0562036,-24.898623
6913029,-1.7675244,-5.436694,-21.406685
6913039,-6.634204,-7.0509377,-19.12902
6913049,-10.164463,-7.7622585,-21.266577
6913058,-10.500963,-7.770641,-18.080002
6913068,-8.811276,-7.916737,-13.313913
6913078,-4.5277843,-7.2640944,-13.234878
6913088,-0.79035646,-6.2809386,-11.442205
6913097,1.7651294,-5.20318,-9.216035
6913107,2.0585194,-4.2152343,-8.825647
6913117,0.7747888,-5.170847,-7.715555
6913127,0.3065625,-3.6284547,-5.9839563
6913137,-1.2346326,-4.594845,-9.765692
6913146,-2.0657043,-4.5074267,-6.0103016
6913156,-0.7843689,-5.108577,-1.1029065
6913166,0.552052,-8.267608,2.990182
6913176,-0.085023195,-9.187295,5.3205357
6913185,-0.8981323,-9.075927,5.2259326
6913195,-0.55324954,-8.309521,2.76505
6913205,-1.5328125,-10.005194,-1.6154407
6913215,-2.0357666,-10.577603,-1.4944922
6913225,-2.9219239,-10.722503,-1.648971
6913234,-3.2871642,-9.308244,0.4514612
6913244,-2.6069787,-7.437733,0.54366946
6913254,-1.5244299,-6.239026,-2.76505
6913264,0.13651611,-4.6882505,-4.869075
6913273,2.2285657,-3.5326538,-6.3982944
6913284,2.7913952,-2.4704626,-13.48875
6913294,2.931504,-3.5949242,-20.015179
6913304,-0.5221143,-4.567302,-17.5519
6913314,-3.7266505,-4.7840514,-16.784296
6913323,-7.739506,-6.643784,-21.42824
6913333,-9.51661,-7.4568934,-19.858305
6913343,-8.411308,-7.562274,-14.908997
6913353,-5.621111,-8.048463,-13.743819
6913363,-1.7375866,-7.874824,-12.3630905
6913372,1.6022681,-6.9443593,-9.625584
6913382,2.9039612,-5.9133034,-8.228089
6913392,2.3770568,-6.9431615,-6.643784
6913402,0.45625123,-6.653364,-4.60682
6913411,-0.74604857,-4.956493,-8.28078
6913421,-1.658551,-6.1851377,-9.748927
6913431,-2.0285816,-5.4810023,-4.648733
6913441,-0.55923706,-6.7383876,-0.51971924
6913450,0.36404297,-8.7897215,4.714596
6913460,-0.7388635,-9.267529,6.7695227
6913470,-1.1639795,-9.524993,4.291875
6913480,-1.5843054,-9.81479,1.0095007
6913490,-2.1794677,-9.974059,0.48738647
6913499,-2.8788135,-9.710607,1.0945239
6913509,-3.2153137,-8.982521,0.80113405
6913519,-2.6213489,-7.755073,0.6047424
6913529,-1.2585827,-5.576803,-2.1962328
6913538,1.0202783,-3.2811768,-3.4895434
6913548,3.1470556,-0.4646338,-8.522677
6913558,4.204457,0.60354495,-17.224981
6913568,5.5097423,-2.4920177,-22.761068
6913578,1.4394068,-7.012617,-18.392553
6913587,-3.5110986,-8.140672,-14.41203
6913597,-8.88672,-9.013656,-17.816551
6913607,-11.07936,-8.283175,-17.504
6913617,-10.43989,-8.509504,-13.09956
6913626,-6.859336,-8.511899,-12.234958
6913636,-2.577041,-7.719148,-10.885364
6913646,1.3004956,-6.478528,-8.696316
6913656,3.4164953,-5.205575,-8.0305
6913666,2.7878027,-5.924081,-7.0245924
6913675,1.4274316,-5.3384986,-6.2234583
6913685,-1.22625,-4.390071,-9.592053
6913695,-2.151925,-4.822372,-8.368198
6913705,-2.066902,-4.956493,-4.997208
6913714,-0.74006104,-4.155359,-1.2861255
6913724,-0.20118164,-6.793473,0.9352551
6913734,-0.44667113,-8.513097,3.2201037
6913744,-0.368833,-9.24717,1.0921289
6913754,-0.05987549,-9.141789,-2.4153771
6913763,-0.23950195,-9.22801,-5.6342835
6913773,-0.91010743,-7.9059596,-6.084547
6913783,-1.5687377,-7.9430823,-5.1229467
6913793,-2.1088147,-6.7527575,-0.82268924
6913802,-1.7375866,-4.3230104,-0.3939807
6913812,0.05748047,-5.6833816,-2.687212
6913828,1.2298425,-5.007986,-5.7839723
6913837,1.043031,-3.4775684,-7.902367
6913847,0.5161267,-3.9709425,-11.820619
6913857,-0.6933582,-7.3910303,-14.495855
6913867,-2.501598,-7.582632,-11.599079
6913877,-3.9266346,-6.13604,-11.061398
6913886,-6.109695,-6.4330225,-12.166699
6913896,-6.709647,-7.3922276,-13.456417
6913906,-4.867877,-8.458012,-12.212205
6913916,-2.2537134,-8.904682,-10.2949915
6913925,0.4646338,-8.672366,-6.955137
6913935,1.2597803,-9.008866,-6.749165
6913945,1.1855347,-8.634046,-5.4331017
6913955,-0.62989014,-11.423046,-9.154963
6913965,-2.1387525,-10.197993,-7.098838
6913974,-2.1818628,-9.538165,-9.517808
6913984,-1.6178356,-8.629255,-11.906839
6913994,-1.53401,-5.686974,-10.0135765
6914004,-0.07185058,-4.214037,-8.666378
6914013,0.53169435,-5.7660093,-8.211325
6914023,-0.5664221,-6.707252,-1.8238074
6914033,-1.223855,-7.9358974,0.09220825
6914043,-1.7088464,-10.655442,-1.0059083
6914053,-2.694397,-10.920092,-0.43349853
6914062,-3.0237122,-11.294912,0.34488282
6914072,-3.368595,-12.621753,0.58198977
6914082,-3.0871801,-13.603711,0.8143066
6914092,-2.6225464,-14.34497,0.3305127
6914101,-3.4572108,-13.273198,1.2058923
6914111,-3.6991076,-12.23376,1.0382409
6914121,-2.9171338,-12.724739,-2.562671
6914131,-2.3878345,-13.030104,-5.8965383
6914141,-1.8824854,-10.639874,-7.108418
6914150,-0.8861572,-8.828042,-7.926317
6914160,-0.5125342,-8.486752,-8.436457
6914170,-0.58558226,-8.517887,-7.8245287
6914180,-0.60713744,-8.798104,-5.6151233
6914189,-0.49097902,-8.489147,-2.5902135
6914199,-0.17004639,-7.3563023,-0.33889526
6914209,0.80113405,-7.0257897,-0.69096315
6914219,1.1759546,-6.993457,-0.75562865
6914229,0.45744872,-7.2628965,-1.0933264
6914238,-0.5628296,-7.05932,-0.0742456
6914248,-1.289718,-7.7694435,2.0285816
6914258,-2.0896544,-7.667655,4.61161
6914268,-2.8500733,-5.23671,6.900051
6914277,-2.9207263,-3.1817834,7.533534
6914287,-2.1698878,-0.9424402,5.449867
6914297,-1.5328125,2.4225624,1.7447717
6914307,-2.7159522,3.558999,1.0130932
6914317,-4.5936475,3.805686,2.1267774
6914326,-5.3780165,3.314707,4.1541615
6914336,-6.5575633,1.5819104,6.4593678
6914346,-7.296427,0.20357665,8.28078
6914356,-6.8629284,-1.2070899,9.84832
6914365,-5.197192,-2.7099645,10.025552
6914375,-3.7386255,-4.399651,11.527229
6914385,-2.9638367,-4.975653,11.621832
6914395,-1.7699194,-3.5482213,9.404044
6914405,-0.68377805,-3.1614258,4.3373804
6914414,0.32332763,-4.6654983,0.66701293
6914424,1.5986755,-6.4354177,-2.7315197
6914434,2.1363573,-7.282057,-3.4967284
6914444,1.6429834,-7.259304,-0.0059875487
6914454,1.1064991,-7.7933936,1.4489868
6914463,0.9963281,-9.2256155,-0.49816406
6914473,0.77957886,-11.070978,1.1460168
6914483,-1.8633252,-11.593092,4.149371
6914493,-5.363646,-10.844648,3.627257
6914502,-7.749086,-11.73799,2.454895
6914512,-8.8460045,-12.484039,2.6979895
6914522,-7.3119946,-12.030183,3.5326538
6914532,-4.6499305,-11.89726,3.5841467
6914542,-2.430945,-12.23376,2.706372
6914551,-1.4897021,-12.481645,4.4271936
6914561,-0.94842774,-12.930711,5.292993
6914571,-0.30895752,-11.11289,4.770879
6914581,-0.021555176,-8.93941,6.149213
6914590,-0.11376343,-6.6701293,8.423284
6914600,-0.9029224,-4.4331813,7.155121
6914610,-2.3411317,-4.1924815,3.378175
6914620,-4.096681,-5.4115467,2.1830604
6914630,-5.4534593,-7.132368,3.6955152
6914644,-5.816305,-8.746612,6.326444
6914654,-3.7098854,-9.469907,6.4569726
6914664,-0.70772827,-9.002878,7.1431456
6914674,1.155597,-8.498727,11.943962
6914683,1.2657678,-8.666378,15.062278
6914693,0.5017566,-7.7862086,15.514936
6914703,-1.6010705,-7.3299575,16.257393
6914713,-2.572251,-6.221063,13.760585
6914723,-3.1494508,-4.91458,12.046948
6914732,-2.3531067,-4.5696974,8.743019
6914742,-0.89334226,-5.024751,3.861969
6914752,0.61552,-6.4725404,2.7985804
6914762,1.893263,-7.3706727,3.6823425
6914771,3.0776,-7.08327,4.6128078
6914781,3.2871642,-6.653364,5.9121056
6914791,1.9411633,-6.229446,7.7035804
6914801,-0.79035646,-6.221063,8.183782
6914811,-3.2596216,-5.629493,6.5204406
6914820,-4.4810815,-4.702621,4.5517344
6914830,-4.5768824,-3.67875,2.9961693
6914840,-4.127816,-2.8500733,2.5650659
6914850,-3.3530273,-2.445315,2.4608827
6914859,-2.3578968,-2.4273522,2.032174
6914869,-1.5651453,-3.4152977,0.66821045
6914879,-1.0681787,-4.8091993,-1.409469
6914889,-1.0071057,-5.938451,-2.9051588
6914898,-1.1591895,-7.198231,-3.441643
6914908,-1.5280224,-8.438851,-4.2104445
6914918,-2.2010229,-9.308244,-5.669011
6914928,-2.7830126,-9.093889,-7.306007
6914938,-3.0440698,-9.341774,-7.8089614
6914947,-2.6393116,-9.547746,-7.425758
6914957,-2.4584875,-6.9359765,-6.981482
6914967,-2.1255798,-4.6199927,-9.977652
6914977,-0.9592053,-3.326682,-14.0372095
6914986,-0.36045045,-4.113446,-15.962805
6914996,0.13052857,-6.8413734,-15.250287
6915006,0.0371228,-10.500963,-14.305451
6915016,-0.5149292,-13.518688,-12.727134
6915026,0.09220825,-15.52811,-10.575209
6915035,1.3364209,-15.247891,-7.932305
6915045,2.1579125,-12.069701,-6.0031166
6915055,2.083667,-8.462802,-7.5514965
6915065,1.3771362,-5.703739,-9.728569
6915074,0.31734008,-4.3757005,-10.602752
6915084,-0.4179309,-3.786526,-9.778865
6915094,-0.61552,-3.3673975,-8.760982
6915104,-0.36284545,-2.994972,-8.751401
6915114,-0.37482056,-3.8212538,-8.702304
6915123,-0.37482056,-6.817423,-8.334668
6915133,-1.1532019,-10.401569,-3.634442
6915143,-1.0849439,-10.120155,-1.8681152
6915158,-1.8585352,-8.137079,-3.3386571
6915168,-2.9195287,-5.955216,-5.4558544
6915177,-3.317102,-5.3684363,-6.680907
6915187,-2.4836352,-6.187533,-8.074808
6915197,-1.411864,-7.0174074,-9.4507475
6915207,-0.65264285,-7.2173915,-10.0626745
6915217,-0.3065625,-6.7479677,-10.564431
6915226,0.082628176,-6.2031007,-11.252999
6915236,-0.66342044,-6.018684,-11.443403
6915246,-1.1543994,-5.53489,-10.817105
6915256,-1.6705261,-4.9445176,-9.927356
6915265,-1.6717236,-6.8557434,-8.959768
6915275,-2.0058289,-9.584868,-7.39582
6915285,-0.59516233,-11.540401,-6.7575474
6915295,-0.15567628,-13.15704,-5.9983263
6915305,-0.25147706,-14.172528,-5.2187476
6915314,-0.737666,-12.530743,-4.311035
6915324,-0.5233118,-12.340338,-7.1539235
6915334,-1.0861413,-10.637479,-7.813751
6915344,-1.2537928,-8.757389,-7.2856493
6915354,-0.6873706,-10.147697,-8.729846
6915363,-0.2694397,-12.706776,-9.783655
6915373,0.9915381,-15.092216,-10.242301
6915383,1.9447559,-17.42736,-7.489226
6915393,3.6308496,-18.027311,-5.581593
6915402,3.6847374,-16.777111,-6.3994923
6915412,1.717229,-12.222982,-6.300099
6915422,0.27303222,-7.5814342,-6.653364
6915432,-0.5400769,-4.454736,-7.0485425
6915442,-1.0490185,-2.4321423,-6.2653713
6915451,-1.84656,-0.9855505,-2.4932153
6915461,-3.6068995,-1.1795471,2.2848487
6915471,-4.460724,-2.391427,3.935017
6915481,-5.407954,-4.172124,5.6570363
6915490,-5.4977674,-5.7755895,5.437892
6915500,-3.493136,-6.901249,-0.41314086
6915510,-2.3650818,-5.215155,-3.305127
6915520,-2.311194,-2.1411474,-1.3867164
6915530,-2.1698878,-0.9065149,1.595083
6915539,-2.1998255,-1.7040564,4.0176454
6915549,-3.214116,-2.5842261,5.6881714
6915559,-5.132527,-3.3805702,6.5204406
6915569,-6.497688,-4.455934,6.971902
6915578,-6.1863356,-5.2355127,7.6317296
6915588,-4.2260118,-5.8187,6.836583
6915598,-1.6094531,-5.0630713,5.294191
6915608,0.53648436,-3.3673975,2.9794042
6915618,1.5388,-3.0799952,-0.19998413
6915627,1.6717236,-3.9960902,-2.3519092
6915637,1.6872913,-4.9792457,-2.4321423
6915647,1.653761,-6.6641417,-1.2250525
6915657,1.2537928,-8.851993,0.069455564
6915666,0.91849,-10.061477,1.470542
6915676,0.5760022,-10.304571,2.818938
6915686,0.10059082,-10.13692,4.093088
6915696,-0.3185376,-10.078242,5.910908
6915706,-1.1879296,-10.481803,8.182584
6915715,-2.3950195,-9.741742,7.8233314
6915728,-3.417693,-9.553733,5.9372535
6915738,-3.4141004,-10.485395,4.0631504
6915748,-2.4249573,-11.370356,3.6464171
6915758,-1.2609777,-11.759546,2.9422815
6915768,-0.20118164,-11.411071,3.502716
6915777,0.6873706,-9.517808,3.690725
6915787,0.9196875,-7.96823,3.248844
6915797,0.71730834,-8.378976,4.9157777
6915807,0.41433838,-9.363329,7.3299575
6915816,-1.3591735,-8.806487,8.935818
6915826,-3.6775525,-8.483159,7.5586815
6915836,-4.836742,-9.871073,5.022356
6915846,-4.679868,-10.011182,5.1876125
6915856,-3.3985326,-9.556128,6.018684
6915865,-1.8585352,-9.514215,6.3228517
6915875,-0.35925293,-9.062754,6.7683253
6915885,0.5185217,-8.771759,6.556366
6915895,0.6622229,-7.9826,6.524033
6915904,-0.28500733,-6.956334,7.254514
6915914,-1.8405725,-6.12646,8.390951
6915924,-3.253634,-6.239026,11.788286
6915934,-4.1314087,-5.764812,11.43502
6915944,-4.9720607,-6.8162255,12.56547
6915953,-4.3397756,-7.141948,12.594211
6915963,-3.2943494,-7.2569094,12.484039
6915973,-2.2333558,-7.956255,11.892469
6915983,-1.3256433,-8.618478,10.42552
6915992,-0.77838135,-8.695118,8.140672
6916002,-0.45505372,-7.9179344,5.962401
6916012,-0.26824218,-6.2941113,4.4595265
6916022,-0.42751098,-4.5864625,3.920647
6916032,-0.3305127,-3.2356713,4.3757005
6916041,-0.04550537,-2.699187,4.0583606
6916051,0.083825685,-2.7518775,3.542234
6916061,-0.14370117,-3.3374598,4.0954833
6916071,-1.0142908,-4.7541137,3.9924974
6916081,-2.4369323,-5.901328,3.9996827
6916090,-3.3015344,-5.6091356,3.2440538
6916100,-3.2308815,-4.3230104,3.0057495
6916110,-2.6560767,-3.4643958,2.5806336
6916120,-2.1746778,-2.8464806,2.227368
6916129,-1.8633252,-2.5471032,1.9519409
6916139,-1.719624,-3.4212854,0.7604187
6916149,-1.5100598,-4.9996033,-0.7149133
6916159,-1.705254,-6.3863196,-1.7639319
6916169,-2.0118165,-7.4389305,-1.773512
6916178,-2.2141955,-8.534652,-2.4405248
6916188,-2.3028114,-9.089099,-3.6164794
6916198,-2.2501209,-9.472302,-4.4128237
6916208,-2.222578,-9.588461,-5.132527
6916217,-1.7818946,-9.807605,-5.7444544
6916227,-1.0310559,-10.558444,-6.342012
6916237,-0.59755737,-10.75244,-6.842571
6916247,-0.74006104,-10.542876,-7.523954
6916257,-0.3197351,-10.508148,-7.4808435
6916266,-0.09220825,-10.897339,-7.0712953
6916276,0.4538562,-11.532019,-7.067703
6916286,1.035846,-11.214679,-6.6258216
6916296,1.5867004,-10.572814,-7.8987746
6916305,2.454895,-10.314152,-9.19927
6916315,2.0513341,-9.16095,-10.160871
6916325,2.2141955,-8.437654,-12.309203
6916335,3.08239,-10.144105,-13.109139
6916345,2.0728893,-12.318783,-10.302176
6916354,1.3831238,-12.845687,-6.8880763
6916364,1.1304492,-11.8493595,-4.5349693
6916374,-0.65743285,-11.640992,-2.9482691
6916384,-2.5950036,-11.023077,-0.54366946
6916393,-4.2272096,-10.249486,0.019160157
6916403,-5.698949,-10.135723,-2.654879
6916413,-6.546786,-9.556128,-5.469027
6916423,-5.9121056,-8.823252,-7.1658983
6916433,-3.8344262,-8.434061,-9.425599
6916442,-1.7351917,-8.217312,-11.32006
6916452,-0.368833,-7.8233314,-12.5954075
6916462,0.49936157,-5.870193,-15.1628685
6916479,0.1963916,-7.0162096,-17.657282
6916489,0.16884887,-6.332432,-10.4494705
6916498,-0.37362304,-6.6892896,-7.289242
6916508,-1.0717713,-8.145461,-6.5228357
6916518,-0.737666,-9.432784,-5.1193542
6916528,0.30895752,-11.487711,-4.3792934
6916537,1.5543677,-11.588302,-2.689607
6916547,1.4310242,-8.739427,1.5711328
6916557,0.735271,-8.168214,1.1891272
6916567,-0.10178833,-7.745493,-0.2826123
6916577,-1.284928,-7.62694,-0.6251001
6916586,-1.9854712,-7.2245765,-0.9568103
6916596,-2.0010388,-9.024433,-2.095642
6916606,-1.7591418,-8.976533,-1.4346167
6916616,-0.9412427,-8.581355,-1.3292358
6916625,0.05029541,-7.6377172,-1.8896704
6916635,0.9460327,-5.310956,-2.1483326
6916645,1.5388,-3.5829492,-6.2965064
6916655,1.5795153,-2.3459215,-11.617043
6916665,2.9889843,-7.04495,-15.433506
6916674,0.6730005,-8.279583,-12.725936
6916684,-2.4177723,-8.5154915,-13.676759
6916694,-4.0978785,-7.890392,-16.365168
6916704,-4.4667115,-6.9826794,-16.290922
6916713,-3.5601966,-6.5228357,-12.28645
6916723,-1.0011182,-5.9779687,-11.890075
6916733,1.3891113,-5.757627,-14.332994
6916743,2.5890162,-5.8222923,-12.117601
6916753,1.8094373,-6.8820887,-9.780063
6916762,0.05388794,-7.692803,-8.234077
6916772,-0.88855225,-7.32397,-3.102748
6916782,-0.7101233,-5.2894006,-0.68377805
6916792,-1.1819421,-5.891748,-5.670209
6916801,-0.23471192,-5.629493,-2.5590785
6916812,1.4561719,-6.570736,3.009342
6916822,1.8824854,-8.880733,3.8954992
6916832,0.46942383,-10.817105,4.7229786
6916842,-0.8490344,-11.740386,2.5758436
6916852,-2.4968078,-12.073294,-0.069455564
6916861,-3.7529955,-11.116483,-0.24429199
6916871,-4.094286,-9.701027,1.1831397
6916881,-3.290757,-7.829319,0.60713744
6916891,-1.4286292,-6.8820887,-2.3806493
6916900,0.81670165,-6.9683094,-5.3073635
6916910,3.8631666,-6.3815293,-5.1780324
6916920,5.78038,-6.3360243,-11.37275
6916930,4.8427296,-6.284531,-11.419453
6916940,2.086062,-4.6523256,-11.369158
6916949,-1.4166541,-5.2355127,-16.712446
6916959,-4.143384,-5.5456676,-19.08591
6916969,-5.0678616,-6.1528053,-18.602118
6916979,-4.7110033,-7.4317455,-15.361655
6916988,-4.2272096,-9.190887,-13.515095
6916998,-2.586621,-9.376501,-11.200309
6917008,-0.14010864,-8.325088,-10.534493
6917018,0.62390256,-6.8677187,-8.709489
6917028,0.9196875,-6.3228517,-6.4545774
6917037,0.3903882,-7.699988,-5.1600695
6917047,-0.14130615,-7.34313,-3.7889209
6917057,-0.77718383,-8.381371,-6.476133
6917067,-0.3221301,-8.529862,-3.5673816
6917076,1.0574012,-7.501201,-0.30895752
6917086,1.9243982,-8.950188,1.7028589
6917096,1.6597486,-9.705816,5.151687
6917106,0.5891748,-10.590776,4.9038024
6917116,-0.5185217,-11.08415,2.1339624
6917125,-1.3040881,-11.250605,0.6478528
6917135,-1.9950513,-10.768008,0.39757323
6917145,-2.4117846,-9.402846,0.22992188
6917155,-2.274071,-8.998089,-0.90531737
6917169,-1.3903089,-8.210127,-2.15911
6917178,-0.2323169,-7.294032,-3.6068995
6917188,1.5519726,-5.9755735,-2.6680517
6917198,3.661985,-3.838019,-5.498965
6917208,3.942202,-3.9410048,-14.147381
6917217,4.038003,-4.91458,-19.069145
6917227,3.5829492,-6.1073,-16.390316
6917237,0.60234743,-6.2809386,-13.534255
6917247,-2.696792,-6.436615,-14.395265
6917257,-4.6714854,-7.509584,-13.438455
6917266,-5.1756372,-8.462802,-10.345287
6917276,-4.848717,-9.839938,-8.655601
6917286,-3.561394,-11.02188,-7.9275146
6917296,-1.8645227,-10.665022,-7.0090246
6917306,-0.20237915,-8.480764,-5.78038
6917315,1.3016931,-6.798263,-5.031936
6917325,1.9866687,-6.262976,-7.09285
6917335,1.3172607,-6.246211,-7.8149486
6917345,0.7640112,-7.261699,-5.874983
6917354,0.68497556,-8.327483,-2.6297314
6917364,0.9172925,-8.771759,1.7315991
6917374,1.1196716,-9.724977,4.397256
6917384,0.183219,-10.003997,5.586383
6917394,-0.8250842,-9.244776,3.932622
6917403,-0.8741821,-9.495055,0.58079225
6917413,-0.86579955,-9.653126,-1.1831397
6917423,-0.83346677,-8.90588,-2.3734643
6917433,-0.74006104,-9.241183,-5.210365
6917442,-0.2215393,-8.952583,-7.03537
6917452,1.2094848,-8.188572,-4.724176
6917462,3.3985326,-7.3922276,-5.0642686
6917474,3.8871167,-6.053412,-8.960965
6917484,4.143384,-6.055807,-11.161988
6917494,3.6260595,-6.301296,-13.130694
6917503,0.6538403,-4.3864784,-9.453142
6917513,-3.0201197,-3.9194496,-11.220667
6917523,-5.3313136,-3.7853284,-12.376264
6917533,-5.979166,-3.473976,-11.708053
6917543,-4.8547044,-4.1194334,-11.805051
6917552,-2.7470875,-5.210365,-11.278147
6917562,-1.0502161,-6.370752,-10.818303
6917572,0.5161267,-7.3419323,-10.39199
6917582,0.9735754,-7.176676,-8.691525
6917591,1.0849439,-7.235354,-8.131091
6917601,0.6227051,-8.070019,-7.9622426
6917611,-0.7424561,-8.481961,-7.5251513
6917621,-1.1436218,-8.793314,-6.1791506
6917631,-1.4370117,-9.19448,-4.4810815
6917640,-1.1867322,-8.7897215,-0.9448352
6917650,-0.28979737,-9.959689,-0.97237796
6917660,0.30416748,-12.422966,-0.9939331
6917670,0.7149133,-14.218034,-1.2909155
6917679,1.0514135,-15.850239,-3.2919543
6917689,1.1579919,-17.430952,-4.684658
6917699,1.53401,-18.216518,-5.805527
6917709,2.15911,-18.060843,-6.291716
6917719,2.071692,-15.085031,-6.860533
6917728,1.3771362,-10.851833,-8.005353
6917738,1.5890955,-9.357342,-11.094928
6917748,1.8693128,-8.26162,-9.341774
6917758,1.3723462,-7.406598,-4.6595106
6917767,0.9556128,-7.7131605,-1.0118958
6917777,1.1615845,-9.081914,-0.020357667
6917787,0.5652246,-8.177794,0.7364685
6917797,-0.9400452,-4.5637097,2.6321266
6917807,-1.6441809,-1.5914905,3.9410048
6917816,-1.033451,-0.45625123,1.648971
6917826,-0.5484595,-0.57001466,-1.6920813
6917836,-1.5196398,-1.2585827,-2.3686743
6917846,-3.2081287,-2.095642,-0.123343505
6917855,-3.9002893,-3.9122643,2.0728893
6917865,-4.1852965,-5.938451,3.326682
6917875,-4.2319994,-6.983877,4.003275
6917885,-4.157754,-7.474856,4.7157936
6917894,-3.6021094,-7.66047,5.0582814
6917904,-2.1531227,-7.1347632,5.3289185
6917914,-0.65743285,-5.9516234,6.1156826
6917924,0.38080812,-5.422324,6.309679
6917934,0.7113208,-4.7038183,5.8713903
6917943,0.8298743,-3.7901185,4.768484
6917953,0.8466394,-2.997367,3.3877552
6917963,0.58438474,-3.3554223,2.550696
6917973,0.21555176,-4.567302,2.494413
6917982,0.05508545,-5.5444703,1.8968555
6917992,0.07664063,-6.262976,1.3076806
6918002,-0.0047900393,-8.01134,1.9172131
6918012,0.21794678,-10.911709,5.1480947
6918022,-0.37482056,-12.912747,12.402609
6918031,-2.635719,-11.179951,12.923526
6918041,-3.1135254,-9.528585,9.934541
6918051,-2.45729,-8.235274,7.286847
6918061,-1.8190173,-6.1061025,6.3132715
6918070,-0.8418494,-5.4702244,4.782854
6918080,-0.17603393,-6.436615,5.6654186
6918094,0.10897339,-7.4964113,8.270002
6918103,0.14609618,-6.973099,9.618399
6918113,-0.15567628,-6.284531,9.863888
6918123,-0.6334827,-5.7348742,9.574091
6918133,-1.3256433,-5.373226,9.977652
6918143,-1.7699194,-5.4043617,10.317744
6918152,-1.5651453,-5.884563,10.14171
6918162,-0.38080812,-6.149213,9.592053
6918172,1.1999048,-5.9025254,10.148895
6918182,2.0692968,-5.4558544,9.860295
6918191,2.0609143,-5.221143,10.087822
6918201,1.648971,-4.0368056,8.786129
6918211,1.2693603,-4.853507,11.33443
6918221,-0.7137158,-4.8642845,15.045513
6918231,-2.9374914,-5.412744,17.390236
6918240,-3.5757642,-4.4738965,17.689613
6918250,-2.7710376,-2.9602442,16.039446
6918260,-1.968706,-2.2513185,14.162948
6918270,-1.2777429,-1.959126,11.620635
6918279,-0.41912842,-2.1615052,9.164542
6918289,0.4287085,-2.2585034,6.6749196
6918299,0.93884766,-2.0237916,5.413942
6918309,1.0214758,-1.8405725,5.125342
6918319,0.98195803,-1.968706,5.8474402
6918328,0.22393432,-2.398612,6.460565
6918338,-0.7268884,-2.6632617,7.5514965
6918348,-1.3795313,-2.877616,7.115603
6918358,-1.4178516,-3.0213172,5.277426
6918367,-1.3364209,-3.0895753,4.1876917
6918377,-1.1831397,-2.8716285,4.1541615
6918387,-1.045426,-2.4812403,3.5745666
6918397,-0.55803955,-2.186653,1.9986438
6918406,-0.37362304,-2.43813,0.40236327
6918416,-0.38320312,-3.2033386,-1.1316468
6918426,-1.0298584,-4.355343,-1.5675403
6918436,-1.9459534,-5.419929,-1.101709
6918446,-2.7722352,-5.7947497,-1.2885205
6918455,-3.0009594,-5.277426,-1.6106507
6918465,-3.2093263,-5.4247193,-3.6356397
6918475,-3.7601807,-5.918093,-4.6080174
6918485,-4.291875,-7.0221972,-5.5289025
6918494,-4.1373963,-8.777746,-7.294032
6918504,-3.3063245,-10.20398,-6.9204087
6918514,-2.6632617,-10.49258,-5.5073476
6918524,-1.9172131,-9.975256,-5.3145485
6918534,-0.63468015,-9.195678,-7.060518
6918543,0.043110352,-7.892787,-6.052214
6918553,0.3185376,-8.066425,-7.923922
6918563,0.6646179,-8.734636,-10.579999
6918573,1.3112732,-9.358539,-12.159514
6918582,1.475332,-9.813593,-13.063634
6918592,2.2417383,-9.503437,-12.366683
6918602,2.259701,-9.666299,-12.149934
6918612,2.034569,-10.029144,-11.650573
6918622,1.6381934,-10.427915,-11.299702
6918631,1.3100756,-10.696157,-11.346405
6918641,1.1268567,-11.151211,-11.266171
6918651,0.9304651,-11.493699,-10.388397
6918661,0.95321774,-11.261382,-9.586065
6918670,0.8921448,-9.86269,-8.675959
6918685,0.2826123,-7.8089614,-8.198152
6918695,-1.4058765,-6.3815293,-6.771918
6918704,-2.562671,-5.158872,-5.430707
6918714,-2.7542725,-4.453539,-6.1049047
6918724,-2.6009912,-4.3517504,-7.0186048
6918734,-2.0657043,-4.494254,-7.2724767
6918744,-1.5328125,-4.574487,-7.526349
6918753,-0.79394895,-4.675078,-8.812474
6918763,-0.64665526,-4.780459,-10.07944
6918773,-0.7807764,-5.1313295,-11.278147
6918783,-1.2777429,-5.874983,-10.98356
6918792,-1.2837305,-6.6868944,-9.9153805
6918802,-1.3400134,-7.8664417,-8.9442005
6918812,-1.5591577,-8.073611,-8.572972
6918822,-1.099314,-7.884404,-8.491542
6918832,-0.73048097,-7.444918,-9.20885
6918841,0.016765136,-7.6377172,-9.378897
6918851,0.53169435,-8.014933,-9.078321
6918861,0.857417,-8.674761,-8.917855
6918871,1.0023156,-9.831555,-8.661588
6918880,0.3580554,-10.480605,-7.877219
6918890,-0.3580554,-9.684261,-5.957611
6918900,-0.6538403,-6.549181,-5.6833816
6918910,-0.9807605,-7.7981834,-11.333233
6918920,-1.4406042,-8.754993,-11.047028
6918929,-0.676593,-10.991942,-9.863888
6918939,0.16645385,-12.936698,-9.48308
6918949,1.5220349,-14.036012,-8.028106
6918959,2.757865,-14.291081,-6.807843
6918968,3.2991395,-13.790523,-5.767207
6918978,3.307522,-12.816947,-5.126539
6918988,2.4584875,-11.6374,-4.5768824
6918998,1.3424084,-11.237432,-3.9386096
6919008,0.10538086,-10.39678,-0.031135254
6919017,-0.8430469,-10.563233,4.604425
6919027,-2.208208,-12.697196,6.864126
6919037,-2.147135,-13.628859,2.635719
6919047,0.05508545,-11.747571,-1.7375866
6919056,0.798739,-8.017328,-1.1939173
6919066,-0.15208374,-2.884801,-2.0261865
6919076,-1.4034815,1.7483642,-3.4284704
6919086,-2.1830604,4.934938,-2.3327491
6919096,-2.630929,5.6414685,0.50774413
6919105,-3.1087353,3.6512072,3.1674132
6919115,-3.7697608,0.04790039,6.1288548
6919125,-5.1121693,-3.2524366,8.24725
6919135,-5.7300844,-5.088219,8.690329
6919144,-4.9852333,-5.81391,9.587263
6919154,-3.1590307,-5.492977,9.6830635
6919164,-0.94363767,-4.3517504,8.983718
6919174,0.5041516,-3.5745666,7.538324
6919184,0.2562671,-3.3554223,6.358777
6919193,-0.26464966,-3.7901185,5.667814
6919203,-0.61073,-3.4236803,4.416416
6919213,-0.5556445,-2.950664,3.3494349
6919223,-0.19399658,-3.1686108,2.0058289
6919232,0.38080812,-3.6164794,0.42511597
6919242,0.5412744,-4.8427296,-0.25267455
6919252,0.37841308,-6.702462,-0.026345216
6919262,0.16884887,-8.517887,0.49696654
6919272,0.031135254,-9.9010105,1.3220508
6919281,-0.2694397,-11.042237,2.7590625
6919291,-0.7747888,-11.654165,3.742218
6919301,-1.1184741,-11.876902,4.02962
6919311,-1.5064673,-11.934382,4.9948134
6919320,-1.7076489,-12.467274,6.3444066
6919330,-1.4597644,-12.585828,6.9850745
6919340,-0.7220984,-11.976295,6.5994763
6919350,0.068258055,-10.711725,4.819977
6919360,0.4263135,-9.090297,4.59724
6919369,0.4514612,-7.0952454,5.0594788
6919379,0.54247195,-5.1935997,6.1073
6919396,-0.15328126,-3.138673,9.342971
6919406,-1.0873389,-1.6956738,11.909235
6919415,-1.3651612,-1.167572,9.323811
6919425,-1.045426,-1.8178198,8.097561
6919435,-0.37601808,-3.3254845,9.969269
6919445,0.5161267,-3.984115,10.606344
6919455,1.0562036,-4.8091993,11.558364
6919464,0.68497556,-5.4235215,13.219311
6919474,0.25387207,-5.478607,14.541361
6919484,0.15567628,-5.046306,15.114968
6919494,-0.15328126,-4.536167,15.959212
6919503,-0.36284545,-3.5578015,15.523319
6919513,-1.0011182,-3.3386571,15.838264
6919523,-1.353186,-3.5865417,15.202387
6919533,-0.9903406,-4.042793,13.002561
6919543,-0.74485105,-4.390071,11.133248
6919552,-0.3293152,-4.263135,9.756112
6919562,0.05269043,-3.547024,8.371791
6919572,0.21914428,-2.5339308,7.345525
6919582,0.41314086,-1.1579919,5.750442
6919591,0.8466394,-0.09939331,4.9792457
6919601,1.2885205,0.05867798,4.724176
6919611,0.98794556,-0.5616321,5.6151233
6919621,0.53648436,-1.3519886,6.124065
6919631,0.19160156,-2.5650659,4.782854
6919640,-0.026345216,-3.6080968,3.781736
6919650,0.03592529,-4.228407,3.8523889
6919660,0.0371228,-3.9410048,4.6080174
6919670,0.09340576,-3.5374439,5.2426977
6919679,0.31494507,-3.4943335,5.151687
6919689,0.07903565,-3.7565882,3.9948926
6919699,-0.2945874,-4.382886,2.6105714
6919709,-1.1543994,-5.3684363,1.6848962
6919719,-2.2381458,-6.119275,1.0693762
6919728,-3.1769934,-5.8713903,0.14010864
6919738,-3.4727783,-5.428312,-1.0885364
6919748,-3.234474,-5.836663,-3.434458
6919758,-2.931504,-7.2628965,-4.7696815
6919767,-2.4093897,-8.691525,-3.5721717
6919777,-1.9040406,-9.75731,-1.6573535
6919787,-0.93765014,-9.354946,-0.7149133
6919797,-0.12933105,-8.581355,-1.5759228
6919807,-0.034727782,-8.049661,-3.1769934
6919816,-0.22872436,-7.0712953,-4.7385464
6919826,-0.104183346,-6.8796935,-6.0474243
6919836,0.019160157,-7.6724453,-7.042555
6919846,0.66940796,-8.7897215,-7.9742174
6919855,1.6944764,-9.875863,-9.284293
6919865,2.6800268,-10.596764,-9.77168
6919875,3.424878,-10.839858,-9.804012
6919885,3.725453,-11.4625635,-11.524834
6919895,4.099076,-11.256592,-12.207415
6919904,4.0487804,-12.088861,-11.984677
6919914,3.4560132,-12.861255,-8.260423
6919924,3.1434631,-12.8133545,-4.792434
6919934,1.5878979,-12.523557,-3.08239
6919943,-0.05388794,-12.143947,-4.079916
6919953,-1.6813037,-11.854149,-6.916816
6919963,-2.1627026,-10.372829,-11.117681
6919973,-1.7471668,-7.653285,-11.864926
6919987,-0.22393432,-4.1924815,-11.558364
6919997,0.12693603,-2.8345056,-10.332114
6920007,-0.70533323,-2.6560767,-7.235354
6920017,-3.434458,-4.199667,-2.8883936
6920026,-5.7540345,-7.098838,-0.75203615
6920036,-6.929989,-10.188413,-1.353186
6920046,-6.524033,-12.688813,-4.5205994
6920056,-4.1565566,-13.160632,-5.0403185
6920065,-2.1267774,-14.238391,-5.718109
6920075,0.1101709,-12.96903,-4.157754
6920085,2.034569,-11.640992,-3.8416114
6920095,4.581672,-13.414504,-4.4104285
6920105,5.725294,-11.464958,-1.9519409
6920114,4.684658,-10.421927,-0.43709105
6920124,3.307522,-10.491383,-0.14609618
6920134,2.4788451,-9.709409,1.531615
6920144,1.169967,-8.703501,0.48618898
6920153,-0.04790039,-7.486831,-0.68377805
6920163,-0.31734008,-7.171886,0.48738647
6920173,-0.57480466,-7.237749,-1.1603869
6920183,-1.5399976,-7.9430823,-2.550696
6920193,-1.0909314,-8.369396,-2.088457
6920202,-0.56881714,-8.866363,-3.4847534
6920212,-0.19279908,-9.126222,-5.2007847
6920222,-0.17244141,-8.823252,-4.6810656
6920232,0.17723145,-6.939569,-6.8772984
6920241,-0.8071216,-7.0724926,-13.093572
6920251,-1.8920654,-7.4473133,-12.667258
6920261,-3.2057335,-7.1203933,-13.145064
6920271,-5.013973,-6.986272,-16.493301
6920280,-5.4810023,-6.673722,-19.170935
6920293,-4.411626,-7.1635036,-17.52795
6920302,-2.8033705,-7.115603,-14.486276
6920312,-0.6047424,-7.4269557,-14.098283
6920322,0.22632934,-7.4293504,-9.384884
6920332,0.5292993,-6.422245,-6.668932
6920342,0.43349853,-5.366041,-10.435101
6920351,0.29099488,-5.436694,-10.474618
6920361,1.2813355,-4.2296047,-5.1852174
6920371,2.642904,-3.2524366,0.7867639
6920381,2.7758276,-4.2906775,6.004314
6920390,1.1352392,-6.484515,7.2880445
6920400,-0.9172925,-8.408914,7.6377172
6920410,-1.9938538,-10.45426,8.019723
6920420,-2.43813,-12.7007885,5.019961
6920430,-1.5328125,-13.848003,4.3373804
6920439,0.61791503,-12.694801,5.2415004
6920449,1.5567627,-12.030183,1.8561401
6920459,1.9375708,-10.710527,-0.40954834
6920469,1.2813355,-8.980125,-1.3891113
6920478,-0.6646179,-8.287965,-2.1291723
6920488,-1.6190332,-8.695118,-6.5527735
6920498,-1.1364368,-6.524033,-9.24717
6920508,0.47301635,-4.8475194,-13.524675
6920518,1.8681152,-5.8318725,-13.891113
6920527,0.20357665,-6.980284,-16.178356
6920537,-2.1004322,-8.170609,-19.0428
6920547,-3.0237122,-9.625584,-20.097807
6920557,-2.5734484,-10.849439,-18.88473
6920566,-1.3280383,-10.1189575,-16.656164
6920576,-0.15088624,-8.777746,-15.134129
6920586,0.93765014,-7.2784643,-11.994258
6920596,0.44906616,-6.357579,-9.836346
6920606,-0.4778064,-4.590055,-6.7970653
6920615,-0.65743285,-4.8175817,-5.318141
6920625,-1.5807129,-6.1073,-6.795868
6920637,-0.9520203,-6.4354177,-3.8607714
6920647,1.4238391,-7.5491014,2.706372
6920657,3.014132,-7.6472974,7.643705
6920667,0.9292676,-8.370593,6.74198
6920677,-0.7652087,-8.28557,6.452183
6920686,-1.0562036,-8.479567,5.901328
6920696,-1.6106507,-9.042397,4.3385777
6920706,-0.78915894,-8.419691,3.9266346
6920716,0.026345216,-8.180189,1.2490027
6920725,0.54366946,-8.592133,-2.2285657
6920735,-0.05628296,-9.645941,-5.252278
6920745,-0.19998413,-9.198072,-6.2977037
6920755,0.19160156,-8.446036,-8.885523
6920765,1.1747571,-7.9526625,-13.43606
6920774,2.1950355,-6.5851064,-14.887442
6920784,2.6345215,-4.4643164,-13.184583
6920794,0.88855225,-4.501439,-13.983321
6920804,-2.623744,-5.579198,-14.623989
6920813,-5.4678297,-6.321654,-16.899258
6920823,-6.7132397,-7.2808595,-17.42736
6920833,-5.894143,-7.5419164,-15.548467
6920843,-3.3374598,-8.117919,-14.651532
6920853,-1.0897338,-8.364606,-10.502161
6920862,0.66701293,-8.02571,-7.3586974
6920872,0.9663904,-6.5455885,-7.747888
6920882,0.80113405,-4.731361,-5.854625
6920892,0.6502478,-3.006947,-5.3995714
6920901,0.4035608,-5.0642686,-7.2640944
6920911,0.3185376,-6.2354336,-2.4908204
6920922,1.52922,-8.9022875,2.3698719
6920932,1.9447559,-10.405163,4.677473
6920942,0.54726195,-10.571616,5.430707
6920951,-0.31015503,-10.2387085,3.6308496
6920961,-0.82747924,-10.605146,0.8250842
6920971,-1.1855347,-10.457852,1.4501843
6920981,-0.5269043,-9.303453,1.8920654
6920990,0.0,-9.062754,-0.6442602
6921000,0.48139894,-8.169412,-1.595083
6921010,1.1029065,-7.228169,-3.7637732
6921020,1.8202149,-6.260581,-4.6822634
6921030,2.7159522,-6.7551527,-9.071136
6921039,2.0992346,-6.0474243,-13.888719
6921049,1.6262183,-4.254752,-13.287568
6921059,0.015567627,-3.6595898,-11.446996
6921069,-2.5315356,-2.4968078,-12.407398
6921078,-4.1613464,-2.3590941,-15.184423
6921088,-3.8164637,-3.1674132,-16.544794
6921098,-3.1123278,-4.548142,-15.849042
6921108,-2.5686584,-5.667814,-13.518688
6921118,-2.5363257,-6.2234583,-11.972703
6921127,-1.8405725,-6.295309,-9.214838
6921137,-1.2585827,-6.421047,-8.108338
6921147,-1.2585827,-6.668932,-7.67005
6921157,-1.3843213,-6.5683413,-9.159752
6921166,-1.5471826,-6.222261,-9.81
6921176,-1.3268409,-5.618716,-9.79084
6921186,-0.9065149,-5.18881,-10.02675
6921196,-0.6730005,-5.342091,-10.50695
6921206,-0.28740233,-6.0893373,-10.73328
6921215,-0.30776,-6.6306114,-8.038883
6921225,-0.9077124,-4.8570995,-8.246052
6921235,-0.8861572,-3.2524366,-9.09868
6921245,-1.0011182,-2.13995,-10.237511
6921254,-0.6143225,-0.6382727,-8.514295
6921264,0.32692015,-0.25027955,-8.456814
6921274,0.8466394,-0.55803955,-9.1693325
6921284,1.3388159,-1.5747254,-9.259146
6921294,1.5376025,-3.4943335,-7.96344
6921303,1.22625,-5.845045,-7.3287597
6921313,0.6777905,-7.7610607,-7.0090246
6921323,0.5161267,-9.560918,-6.0318565
6921333,-0.10298584,-10.098599,-5.660629
6921342,-0.77838135,-9.750125,-5.271438
6921352,-0.6969507,-8.562195,-7.7059755
6921362,-0.5340893,-6.986272,-4.4954515
6921372,-1.5483801,-5.52531,-3.6703675
6921382,-2.1579125,-5.918093,-6.5120583
6921391,-1.6956738,-7.1587133,-8.305927
6921401,-1.4968872,-7.709568,-7.4030056
6921411,-1.2298425,-8.55022,-6.940767
6921421,-0.8849597,-10.138118,-9.501042
6921430,-0.21435425,-10.977572,-12.376264
6921440,0.4538562,-10.972782,-12.601396
6921450,1.1124866,-10.782378,-10.872191
6921460,1.4058765,-9.178912,-7.3443274
6921470,1.3100756,-9.068742,-6.918014
6921479,1.0310559,-10.271041,-5.0810337
6921489,0.6095325,-10.275831,-2.8009753
6921499,0.9077124,-10.649454,-2.574646
6921509,1.3208532,-9.998009,-3.5015185
6921518,1.4441968,-9.774075,-5.691764
6921528,1.0921289,-10.855426,-7.662865
6921538,0.30416748,-12.166699,-6.9287915
6921548,-1.2034973,-11.407478,-3.8296363
6921558,-1.6381934,-8.696316,-2.0022364
6921567,-1.2082874,-6.404282,-3.4404457
6921577,-1.4406042,-4.6822634,-3.930227
6921587,-2.2812562,-4.070336,-3.05844
6921597,-2.838098,-3.9972875,-1.5040723
6921606,-2.943479,-4.421206,0.73048097
6921616,-2.8105555,-5.1840196,3.0859826
6921626,-3.060835,-5.7875648,4.3469605
6921636,-3.307522,-6.3372216,4.247567
6921646,-3.424878,-6.5863037,4.651128
6921655,-3.2775843,-6.7060547,4.7912364
6921665,-2.9446764,-7.237749,3.930227
6921675,-2.76984,-8.305927,3.0919702
6921692,-2.7686427,-9.220825,3.270399
6921702,-1.9172131,-8.486752,2.3315516
6921712,-0.42751098,-7.33355,1.1280541
6921722,1.0095007,-6.2090883,0.2802173
6921731,2.3387365,-5.6366787,-1.1472144
6921741,3.0991552,-5.703739,-3.3841627
6921751,2.7327173,-6.492898,-5.0942063
6921761,2.2405407,-7.379055,-4.8427296
6921770,1.5639478,-8.31431,-1.83698
6921780,0.74365354,-9.378897,2.339934
6921790,-0.97118044,-11.585907,6.971902
6921800,-3.4883459,-15.015575,9.059161
6921810,-6.598279,-16.905245,8.123906
6921819,-7.926317,-15.056291,6.7407823
6921829,-7.077283,-11.37275,5.860613
6921839,-4.7553115,-8.000563,6.4162574
6921849,-2.718347,-6.4713426,6.524033
6921858,-0.97716796,-6.588699,5.910908
6921868,-0.0742456,-5.798342,5.7827744
6921878,0.2933899,-3.979325,4.8990126
6921888,0.7640112,-4.0607557,5.2187476
6921898,1.1053015,-5.022356,6.603069
6921907,0.41074586,-4.4571314,7.933502
6921917,-0.5221143,-5.022356,8.565787
6921927,-0.8634045,-5.715714,7.7227407
6921937,-1.0514135,-6.844966,8.450827
6921946,-0.9556128,-6.531218,8.788525
6921956,-1.0442286,-6.5503783,10.153686
6921966,-1.1987072,-6.9766917,11.782299
6921976,-1.4873071,-7.2485266,12.284055
6921986,-2.6117687,-8.013736,15.610737
6921995,-2.5554857,-8.041278,15.114968
6922008,-1.7627344,-6.9359765,13.473183
6922017,-0.9508228,-5.9300685,11.927197
6922027,-0.35326537,-5.1600695,8.716674
6922037,0.31015503,-3.803291,5.3756213
6922047,0.9029224,-2.591411,3.854784
6922056,1.341211,-1.4477893,3.2727942
6922066,1.84177,-0.32093263,3.8883142
6922076,1.9699036,-0.45864624,4.848717
6922086,1.6813037,-1.6417859,5.3073635
6922096,0.90052736,-3.725453,5.021158
6922105,-0.4155359,-5.53968,4.8966174
6922115,-2.1171973,-6.74677,4.770879
6922125,-3.5158887,-7.0689,4.848717
6922135,-3.998485,-6.9766917,4.543352
6922144,-3.5122962,-6.058202,3.7721558
6922154,-2.525548,-5.2355127,2.8249254
6922164,-1.4597644,-4.7277684,1.5471826
6922174,-0.80233157,-4.655918,-0.0059875487
6922184,-0.7867639,-5.19839,-1.0514135
6922193,-1.2957056,-5.933661,-1.8202149
6922203,-1.9363732,-6.577921,-2.3387365
6922213,-2.4560926,-7.085665,-3.2213013
6922223,-2.591411,-7.4485106,-4.077521
6922232,-2.9039612,-7.249724,-4.970863
6922242,-2.8488758,-7.04495,-6.3791347
6922252,-2.1734803,-7.0413575,-8.133487
6922262,-1.6836988,-7.6341248,-8.702304
6922272,-1.3388159,-8.737031,-9.055569
6922281,0.13891113,-8.367001,-10.043514
6922291,0.37242553,-7.8736267,-10.746452
6922301,0.61791503,-7.3203773,-10.340497
6922311,0.62390256,-6.1623855,-11.381133
6922320,-0.07903565,-6.380332,-15.289804
6922330,0.11735596,-8.8460045,-18.506315
6922340,0.53289187,-11.761941,-16.549585
6922350,1.7016613,-13.742622,-12.960649
6922360,3.2692018,-14.483881,-10.289004
6922369,3.7613783,-13.945002,-7.7909985
6922379,3.2871642,-12.116404,-6.9970493
6922389,2.088457,-10.236314,-7.3838453
6922399,0.2706372,-8.781339,-6.673722
6922408,-1.2693603,-7.322772,-5.50615
6922418,-2.6764343,-6.045029,-4.7612987
6922431,-3.359015,-6.138435,-5.346881
6922441,-3.7853284,-6.9192114,-6.1073
6922451,-3.6116896,-7.608977,-6.8473606
6922461,-2.76505,-8.238867,-7.5981994
6922470,-1.7387842,-7.919132,-9.032816
6922480,-1.0741663,-7.435338,-10.358459
6922490,-1.1184741,-6.5551686,-11.138039
6922500,-1.3651612,-5.4402866,-12.952266
6922510,-1.2525952,-5.981561,-11.845767
6922519,-1.4178516,-5.739664,-9.405242
6922529,-1.9483484,-6.1540027,-7.739506
6922539,-2.123185,-7.0629125,-5.1840196
6922549,-2.198628,-8.255632,-5.6318884
6922558,-2.806963,-9.451944,-5.660629
6922568,-2.430945,-10.336905,-5.0989966
6922578,-2.1195922,-10.698552,-4.9648757
6922588,-1.5687377,-11.199111,-5.4402866
6922598,-0.7268884,-11.385922,-6.3360243
6922607,0.2335144,-11.178754,-6.5431933
6922617,0.7580237,-10.3512745,-6.652167
6922627,1.1987072,-8.9585705,-7.613767
6922637,1.3471985,-8.952583,-9.606423
6922646,1.2130774,-8.440049,-9.351354
6922656,1.1100916,-7.188651,-7.9059596
6922666,0.3676355,-7.5922117,-8.398136
6922676,-0.70174074,-7.8556643,-7.38145
6922685,-0.5173242,-7.7514806,-6.6258216
6922695,-0.68497556,-8.406519,-6.0318565
6922705,-1.096919,-9.484278,-4.940925
6922715,-1.5543677,-9.489067,-2.3806493
6922725,-1.5435901,-8.375383,-0.29099488
6922734,-1.4944922,-7.0186048,-0.12933105
6922744,-1.6681311,-6.484515,-0.9831555
6922754,-1.7699194,-6.654562,-1.4801221
6922764,-2.039359,-6.8473606,-1.3160633
6922774,-2.271676,-7.0461473,-1.3950989
6922783,-2.0657043,-7.4485106,-2.0357666
6922793,-1.8800904,-7.914342,-1.9136206
6922803,-1.966311,-8.480764,-0.9196875
6922813,-1.9495459,-8.792117,0.45026368
6922822,-1.8537451,-8.927435,0.65264285
6922832,-1.961521,-8.344248,1.3124707
6922842,-2.1339624,-7.7694435,1.169967
6922852,-2.071692,-7.570657,0.34009278
6922861,-2.15432,-7.3934255,-0.2203418
6922871,-2.0549269,-7.599397,-1.2226574
6922881,-1.7914746,-8.401729,-2.0237916
6922891,-1.5328125,-8.565787,-1.968706
6922901,-1.0166858,-8.679551,-2.4261549
6922910,-0.5017566,-9.062754,-3.6955152
6922920,-0.0071850587,-9.188493,-4.5050316
6922930,0.37601808,-8.661588,-4.863087
6922940,0.39877075,-8.187374,-5.181625
6922949,0.30895752,-8.529862,-5.276228
6922959,0.49097902,-9.133407,-3.3206947
6922969,0.6394702,-9.769284,-0.7364685
6922979,0.83346677,-10.386003,0.16884887
6922989,0.90052736,-11.1955185,-0.5221143
6922998,1.0585986,-11.464958,-1.3232483
6923008,1.275348,-11.2518015,-1.7627344
6923018,1.9267932,-10.474618,-1.3112732
6923028,2.9147387,-9.81958,-0.72808594
6923037,3.6212695,-9.510623,-0.3436853
6923047,3.864364,-8.93941,-0.07544312
6923057,3.0919702,-8.616083,-0.07065307
6923067,1.5232325,-9.53577,-0.7867639
6923077,-0.2215393,-10.891352,-0.24309449
6923086,-1.8190173,-11.958332,0.44427612
6923096,-2.5494983,-12.836107,0.3329077
6923106,-2.7051744,-13.485157,-0.49337402
6923116,-2.4932153,-14.065949,-0.16046631
6923126,-0.3293152,-12.291241,-0.5879773
6923135,1.470542,-11.287727,-2.3734643
6923145,1.9758911,-10.053095,-1.6369958
6923155,1.9639161,-8.85798,-2.7410998
6923165,0.7149133,-8.1634245,-4.6595106
6923174,-0.99872315,-6.885681,-2.2369483
6923184,-1.890868,-6.291716,-0.3197351
6923194,-2.2513185,-7.39582,-2.4333398
6923204,-2.1639001,-8.820857,-1.6250207
6923214,-1.0597961,-9.439969,0.05748047
6923223,0.18561402,-9.552535,-0.29937744
6923233,0.979563,-9.980046,-1.1376343
6923243,1.0861413,-9.760902,-0.2826123
6923253,0.33410522,-9.490265,1.2645704
6923262,-0.24908203,-9.433982,1.3424084
6923272,-0.8813672,-9.480685,0.40954834
6923282,-0.8107141,-9.298663,0.7113208
6923292,-0.29937744,-8.556208,0.60234743
6923308,0.15088624,-8.019723,-0.24429199
6923318,0.432301,-7.4556956,-0.68018556
6923328,0.7268884,-7.5694594,-1.0765613
6923338,0.89932984,-8.129894,-1.834585
6923347,0.9077124,-9.042397,-2.1339624
6923357,0.68976563,-9.528585,-2.2932312
6923367,0.19040406,-9.448352,-2.9662316
6923377,-0.21195923,-8.805289,-3.9362147
6923387,-0.70293826,-7.7466908,-4.6152024
6923396,-1.1232642,-6.627019,-5.483397
6923406,-1.2370276,-5.574408,-5.1373167
6923416,-1.0597961,-4.750521,-5.476212
6923426,-0.6059399,-4.623585,-6.604266
6923435,-0.18800904,-4.8642845,-8.034093
6923445,-0.18920654,-5.3480787,-9.698631
6923455,-0.32572266,-6.0174866,-10.904524
6923465,-0.93884766,-7.191046,-10.938054
6923475,-1.6190332,-6.9311867,-9.557325
6923484,-1.4178516,-5.9001307,-9.280701
6923494,-1.4034815,-5.649851,-9.110654
6923504,-1.5699353,-4.3948607,-9.123827
6923514,-0.9472302,-2.374662,-10.339299
6923523,-0.6658154,-0.52570677,-11.133248
6923533,0.0490979,0.29099488,-11.684103
6923543,0.49696654,-0.35206786,-11.899654
6923553,0.7101233,-1.9902612,-11.414663
6923563,0.7819739,-3.9194496,-10.668614
6923572,0.81191164,-5.5265074,-9.56451
6923582,1.0873389,-6.4917006,-9.26154
6923592,1.0298584,-6.470145,-9.067544
6923602,0.7220984,-5.3875966,-8.999286
6923611,0.29937744,-4.5158095,-9.111852
6923621,-0.014370117,-3.5853443,-8.586145
6923631,-0.068258055,-3.7206628,-7.994575
6923641,0.17363891,-4.918173,-7.6221495
6923651,0.44906616,-5.8953404,-8.653206
6923660,0.49816406,-4.5421543,-8.207732
6923670,0.49576905,-2.7446923,-7.228169
6923680,0.061072998,-2.8273206,-7.931107
6923690,-0.21195923,-4.4954515,-8.788525
6923700,-0.10897339,-6.3863196,-11.037448
6923709,-0.28620484,-7.801776,-10.15608
6923719,0.2933899,-8.32868,-11.081756
6923729,-1.1053015,-7.167096,-11.00751
6923739,-1.4418018,-5.197192,-11.108101
6923748,-1.7866845,-3.7841308,-11.399096
6923758,-2.5890162,-3.4943335,-11.328443
6923768,-3.317102,-3.7242553,-10.923684
6923778,-3.2057335,-3.9805224,-11.094928
6923788,-2.5279431,-3.9338195,-11.366763
6923797,-1.3376184,-3.923042,-10.591974
6923807,-0.9316626,-4.436774,-9.398057
6923817,-1.0729687,-5.2582655,-8.849597
6923827,-1.1711645,-5.940846,-8.321495
6923836,-1.1711645,-6.2078905,-7.191046
6923846,-1.3388159,-6.6282167,-6.7575474
6923856,-1.6765137,-6.8305955,-6.4917006
6923866,-1.9399658,-6.9826794,-5.9959316
6923876,-2.0764818,-6.980284,-5.621111
6923885,-2.078877,-7.1431456,-5.3780165
6923895,-2.2656884,-7.3838453,-5.3061657
6923905,-2.4285498,-8.024513,-5.342091
6923915,-2.7303224,-8.484357,-5.126539
6923924,-3.006947,-8.947793,-5.061874
6923934,-3.194956,-9.297466,-4.7816563
6923944,-3.2380664,-9.558523,-4.277505
6923954,-3.202141,-9.733359,-3.861969
6923964,-2.9961693,-10.003997,-3.5697765
6923973,-2.6668541,-10.14171,-3.4428406
6923983,-2.7027795,-9.987231,-3.629652
6923993,-2.8692334,-9.570498,-2.999762
6924003,-2.9686267,-9.222023,-2.0285816
6924012,-2.9099488,-8.963361,-1.2513977
6924022,-2.757865,-8.800499,-0.9568103
6924032,-2.6848168,-8.861572,-1.2729529
6924042,-2.8009753,-9.212442,-1.5196398
6924051,-2.6596692,-9.022038,-1.289718
6924061,-2.1782703,-8.63644,-1.3280383
6924071,-2.242936,-7.97781,-0.41912842
6924081,-2.2285657,-6.868916,1.9387683
6924091,-1.7986597,-5.579198,2.9602442
6924100,-1.6310083,-5.2654505,0.7113208
6924110,-2.335144,-5.86181,-0.5783972
6924120,-3.1159203,-6.325247,0.040715333
6924130,-3.2045362,-7.191046,-0.52450925
6924139,-2.8464806,-7.4976087,-1.0023156
6924149,-2.337539,-7.316785,-0.05748047
6924159,-1.8166223,-7.5047936,1.1711645
6924169,-1.043031,-8.365803,1.3040881
6924179,-0.50774413,-8.752599,1.1843371
6924188,-0.41194335,-9.168135,0.7149133
6924198,-0.7220984,-9.76689,-0.09580078
6924208,-1.1795471,-9.775272,-0.2562671
6924218,-1.4394068,-9.414822,-0.3568579
6924227,-1.6825012,-9.192085,-0.10059082
6924237,-1.5795153,-9.25675,-0.38080812
6924247,-1.0466236,-9.608818,-1.0753638
6924257,-0.44786865,-10.0626745,-1.9998413
6924267,-0.17962646,-9.904603,-2.5339308
6924276,-0.28620484,-9.239985,-3.202141
6924286,-0.5376819,-8.474776,-3.4631982
6924296,-0.5041516,-8.182584,-4.628375
6924314,-0.38440064,-8.674761,-6.085745
6924323,-0.081430666,-9.139395,-6.1444225
6924333,0.5724097,-8.952583,-6.7922754
6924343,0.6011499,-8.923842,-6.9263964
6924353,0.94962525,-9.787248,-7.3287597
6924363,0.80592406,-8.780142,-8.260423
6924372,-0.32332763,-7.0712953,-8.010143
6924382,0.30177248,-6.7431774,-8.108338
6924392,0.7927515,-8.368198,-10.571616
6924402,0.43349853,-7.1994286,-9.241183
6924411,-0.026345216,-6.1528053,-4.196074
6924421,0.120948486,-5.4810023,-5.1864147
6924431,-0.920885,-6.5683413,-10.496173
6924441,-1.5867004,-8.455616,-8.527467
6924450,-1.0873389,-6.9144216,-6.397097
6924460,-1.3819263,-6.382727,-7.9287124
6924470,-2.0261865,-4.8594947,-7.244934
6924480,-1.7543519,-3.5134935,-8.493937
6924490,-1.2442126,-2.9015663,-9.122629
6924499,-1.0861413,-2.9782069,-9.79084
6924509,-1.0621911,-4.245172,-10.528506
6924519,-1.3495935,-4.9696655,-11.752361
6924529,-1.4262341,-4.5421543,-10.905722
6924538,-1.3052857,-4.1098537,-11.11289
6924548,-0.9963281,-3.8679566,-11.32485
6924558,-0.96399534,-3.1470556,-10.417137
6924568,-0.97716796,-2.010619,-9.956097
6924578,-1.653761,-1.3927039,-9.116642
6924587,-2.2165906,-0.74485105,-9.548943
6924597,-1.9926562,-0.9783655,-9.50224
6924607,-1.729204,-3.573369,-10.128537
6924617,-0.91609496,-5.7145166,-11.494896
6924626,-0.061072998,-4.988826,-10.480605
6924636,0.93286014,-3.2213013,-10.788365
6924646,1.3040881,-1.5304174,-10.558444
6924656,0.47301635,-0.85502195,-10.244696
6924666,-0.6610254,-1.2178674,-9.818382
6924675,-1.3352234,-2.2309606,-9.48308
6924685,-1.463357,-3.3626075,-9.050778
6924695,-1.1352392,-4.445156,-9.105865
6924705,-0.4897815,-4.968468,-9.233997
6924714,0.3197351,-5.2894006,-9.501042
6924724,1.1184741,-5.4738173,-9.605226
6924734,1.3795313,-5.494175,-9.868678
6924744,1.3352234,-5.619913,-9.793235
6924754,0.87298465,-5.205575,-9.436377
6924763,0.71730834,-4.6152024,-9.122629
6924773,0.82747924,-4.1457787,-8.680748
6924783,0.9136999,-4.167334,-8.073611
6924793,1.0142908,-4.0415955,-7.4341407
6924802,1.3687537,-3.930227,-7.132368
6924812,1.6118481,-4.148174,-7.2018237
6924822,1.5759228,-4.7373486,-6.981482
6924832,1.6729212,-5.316943,-6.5431933
6924841,1.7064514,-5.5600376,-6.5108604
6924851,1.6980689,-5.564828,-7.3299575
6924861,1.409469,-4.8355446,-8.054451
6924871,0.8562195,-3.7110827,-8.989706
6924881,0.22393432,-2.8740234,-8.528665
6924890,-0.2335144,-2.14953,-7.8939843
6924900,-0.47181883,-3.441643,-9.875863
6924910,-1.2585827,-4.893025,-9.5214
6924920,-0.7699988,-4.6726832,-8.57896
6924929,-0.30776,-4.5768824,-8.466394
6924939,-0.53049684,-4.494254,-8.681946
6924949,-0.98674804,-4.658313,-8.95378
6924959,-1.6777111,-4.9457154,-9.469907
6924969,-2.242936,-5.0427136,-10.279424
6924978,-2.3614893,-4.1457787,-10.317744
6924988,-1.648971,-3.1745985,-10.433903
6924998,-1.0262659,-2.7842102,-10.708133
6925008,-0.5340893,-3.2153137,-10.960807
6925017,-0.6442602,-3.6116896,-10.675799
6925027,-0.6370752,-3.5350487,-10.990745
6925037,-0.8370593,-2.9051588,-10.868599
6925047,-0.61073,-2.142345,-9.922565
6925057,-0.2574646,-2.1387525,-9.885443
6925066,-0.16525635,-2.711162,-10.483001
6925076,-0.41433838,-3.4500256,-10.309361
6925086,-1.3771362,-2.8644433,-9.660312
6925096,-1.4920971,-2.1698878,-10.547666
6925105,-2.1627026,-2.381847,-11.402688
6925115,-2.894381,-2.2309606,-12.673245
6925125,-3.5003211,-0.8466394,-13.553415
6925135,-3.742218,0.4287085,-13.289964
6925144,-3.4512231,1.0142908,-11.733201
6925154,-2.650089,-0.4897815,-10.3440895
6925164,-1.8058448,-3.0787976,-9.190887
6925174,-1.1975098,-4.623585,-8.806487
6925184,-0.7161108,-4.5768824,-8.798104
6925193,-0.54247195,-3.6895275,-8.513097
6925203,-0.4418811,-3.0919702,-8.224497
6925213,-0.49816406,-3.1745985,-8.087981
6925223,-0.47660887,-3.7685633,-7.865244
6925232,-0.30895752,-4.4834766,-7.500004
6925242,-0.09220825,-4.8654823,-7.465276
6925252,-0.21555176,-5.16486,-7.914342
6925262,-0.39996827,-5.1864147,-7.9179344
6925272,-0.8430469,-5.54926,-8.349038
6925281,-1.2394226,-4.93374,-8.3191
6925291,-1.8549427,-4.707411,-8.754993
6925301,-2.6165588,-4.211642,-8.53585
6925311,-2.8416908,-3.8116736,-9.701027
6925320,-3.046465,-3.6080968,-10.178833
6925330,-2.8321106,-3.6464171,-10.09381
6925340,-2.567461,-3.6967127,-9.195678
6925350,-1.1819421,-3.4727783,-9.552535
6925360,-0.031135254,-4.4403663,-9.702224
6925369,0.05388794,-6.995852,-9.390872
6925379,-0.36284545,-9.987231,-9.572893
6925389,-1.4358143,-11.067386,-10.848241
6925399,-2.7878027,-8.757389,-9.538165
6925408,-3.5350487,-5.8498354,-9.552535
6925418,-3.918252,-3.3410523,-11.558364
6925428,-3.6631823,-1.6393908,-12.365486
6925438,-2.706372,-1.7136365,-11.840977
6925448,-2.0501368,-2.2501209,-11.470946
6925457,-1.287323,-3.1638207,-11.862532
6925467,-2.1076171,-3.7625756,-10.736873
6925477,-2.3626869,-4.472699,-10.511741
6925487,-2.3734643,-4.716991,-9.544153
6925496,-2.396217,-4.655918,-8.661588
6925506,-2.090852,-4.877457,-8.205337
6925516,-2.1076171,-5.0654664,-7.1347632
6925526,-2.0776794,-5.5217175,-6.534811
6925535,-2.032174,-6.148015,-6.338419
6925545,-2.020199,-6.835386,-6.0713744
6925555,-2.210603,-7.2102065,-5.5384827
6925565,-2.5578809,-7.3275623,-4.9792457
6925575,-2.6045837,-7.6233473,-4.343368
6925584,-2.7997777,-7.9861927,-3.6536024
6925594,-2.945874,-8.402926,-3.0560448
6925604,-3.0644274,-9.19448,-2.9303064
6925614,-3.2248938,-9.906999,-3.803291
6925623,-3.5625916,-10.075848,-4.6104126
6925633,-3.8452039,-10.044712,-5.708529
6925643,-3.979325,-9.7321615,-6.0174866
6925653,-3.7098854,-9.031619,-5.562433
6925663,-3.6500099,-8.297545,-4.988826
6925672,-3.6320472,-7.597002,-4.190087
6925682,-3.4488282,-7.3850427,-2.9219239
6925692,-3.1278956,-7.3586974,-1.8106347
6925702,-2.8033705,-7.5107813,-0.852627
6925711,-2.863246,-7.9346995,-0.81670165
6925721,-3.4200878,-8.182584,-0.4897815
6925731,-3.6416273,-8.386161,-0.31015503
6925741,-3.9565723,-8.450827,0.065863036
6925751,-3.9673498,-8.909472,0.05987549
6925760,-3.6356397,-9.3309965,-0.2574646
6925770,-3.3446448,-9.038804,-0.1472937
6925780,-3.0488598,-8.101153,1.8238074
6925790,-2.5435107,-7.3072047,3.0895753
6925799,-2.2213807,-6.6497717,3.930227
6925809,-1.9279907,-6.3468018,3.542234
6925819,-2.3926246,-6.773115,1.4226416
6925829,-2.4656725,-7.155121,-1.0669812
6925838,-3.234474,-7.523954,-1.2525952
6925848,-4.1589513,-7.933502,0.6119275
6925858,-3.5817518,-8.394544,2.0764818
6925868,-2.6285338,-8.729846,2.9482691
6925878,-1.834585,-8.176597,3.8847218
6925887,-1.419049,-7.7119627,4.7744713
6925897,-1.1963123,-7.848479,5.6510487
6925920,-0.93286014,-7.980205,4.508624
6925930,-1.22146,-7.9011693,3.166216
6925940,-1.9651135,-7.801776,2.8716285
6925949,-2.4213648,-7.3778577,2.586621
6925959,-2.4333398,-6.605464,2.1531227
6925969,-2.242936,-6.028264,1.9579284
6925979,-1.7938696,-5.7300844,1.6298108
6925988,-1.5519726,-6.0474243,1.4873071
6925998,-1.287323,-6.5527735,1.2454102
6926008,-1.299298,-7.2509217,0.6502478
6926018,-1.0621911,-8.523874,0.19160156
6926028,-0.8921448,-9.80042,-0.3676355
6926037,-0.8370593,-11.04583,-1.4154565
6926047,-0.9580078,-11.219469,-1.1783496
6926057,-0.7197034,-11.578722,-1.5040723
6926067,-0.6538403,-11.726016,-0.6646179
6926076,-0.062270507,-12.558285,-0.8849597
6926086,0.24189697,-12.20502,-1.5423926
6926096,-0.104183346,-11.254197,-3.1087353
6926106,-1.1244617,-8.31431,-5.391189
6926116,-2.8668385,-4.467909,-5.021158
6926125,-3.2739916,-3.0165272,-5.1768346
6926135,-2.2968237,-3.145858,-6.573131
6926145,-0.9915381,-6.2725563,-7.298822
6926155,0.75682616,-11.554771,-7.961045
6926164,1.9243982,-13.456417,-6.0893373
6926174,1.6789087,-12.184662,-2.3650818
6926184,1.035846,-11.473341,-2.2345533
6926194,-0.35326537,-10.712922,-3.5003211
6926203,-2.046544,-9.496252,-3.5482213
6926213,-2.74589,-8.404123,-3.9996827
6926223,-3.4356556,-7.459288,-8.164621
6926233,-1.8980529,-6.1120896,-7.9993653
6926243,-3.3602123,-3.3063245,-8.262817
6926252,-1.3448035,-7.629335,-13.337864
6926262,-5.586383,-1.3747412,-8.933423
6926272,-3.1123278,0.28979737,-3.5350487
6926282,3.1530433,-6.173163,-8.584948
6926291,3.805686,-13.749807,-12.945081
6926301,0.73048097,-13.457615,-6.4174547
6926311,2.4153771,-10.254276,-3.9901025
6926321,1.6884887,-5.310956,-3.2991395
6926331,-0.95321774,-5.261858,-10.318942
6926340,-2.899171,-3.812871,-8.378976
6926350,-3.9877076,-3.67396,-12.346326
6926360,-5.146897,-5.932463,-9.336984
6926370,-4.9529004,-3.8727465,-8.345446
6926379,-2.875221,-2.5734484,-6.4557753
6926389,-0.7688013,-5.4043617,-7.332352
6926399,-0.05388794,-6.7623377,-7.0257897
6926409,1.3567786,-7.523954,-8.162227
6926419,2.3674767,-7.988588,-10.952424
6926428,1.2945081,-6.6964746,-12.737911
6926438,-0.5388794,-4.071533,-13.340259
6926448,-2.3052063,-2.699187,-12.0816765
6926458,-3.9649549,-2.3555017,-10.818303
6926467,-4.477489,-3.439248,-12.145144
6926477,-4.3122325,-5.6582336,-10.941647
6926487,-3.0081446,-4.3852806,-8.0436735
6926497,-0.5891748,-1.5100598,-11.716435
6926507,1.3795313,0.64066774,-10.801538
6926516,2.1267774,2.203418,-9.959689
6926526,0.8478369,1.3747412,-11.05062
6926536,-1.1184741,-0.45505372,-8.7334385
6926551,-2.010619,-3.2296839,-7.5922117
6926561,-2.0249891,-5.419929,-7.4497085
6926570,-1.9651135,-6.695277,-7.7430983
6926580,-1.5483801,-7.129973,-8.510702
6926590,-1.1879296,-6.781498,-9.150172
6926600,-0.7364685,-5.8582177,-9.624386
6926609,-0.40236327,-4.6187954,-10.091414
6926619,-0.2838098,-4.149371,-10.002799
6926629,-0.29099488,-4.533772,-9.740544
6926639,-0.2802173,-5.604346,-9.613608
6926648,-0.20716919,-5.660629,-8.806487
6926658,-0.028740235,-5.1852174,-8.560997
6926668,0.0742456,-4.9612827,-8.790919
6926678,-0.14010864,-5.1624646,-8.698711
6926688,-0.2335144,-5.4630394,-8.301138
6926697,-0.08023316,-5.748047,-7.6413097
6926707,0.18920654,-5.9839563,-7.5934095
6926717,0.5233118,-5.742059,-7.6880126
6926727,0.73407346,-5.5696177,-8.59812
6926736,0.857417,-4.990023,-9.170529
6926746,1.0669812,-4.2152343,-9.480685
6926756,1.2442126,-3.5901344,-8.5011215
6926766,1.233435,-2.8596532,-6.1120896
6926775,0.9855505,-3.3578174,-5.7456517
6926785,-0.26704466,-5.572013,-7.0581226
6926795,-1.1567944,-6.098917,-7.0162096
6926805,-0.7580237,-5.846243,-7.822134
6926815,-0.7819739,-4.8091993,-7.5934095
6926824,-0.7161108,-3.7637732,-8.582553
6926834,-0.5999524,-3.119513,-9.503437
6926844,-0.66701293,-2.6908045,-9.938133
6926854,-0.6753955,-3.1638207,-11.097323
6926863,-1.1400293,-4.2739124,-10.661429
6926873,-1.1819421,-4.8978148,-10.263856
6926883,-0.9448352,-5.346881,-9.645941
6926893,-0.41673338,-5.8402553,-9.016051
6926903,-0.31015503,-6.035449,-8.703501
6926912,-0.4179309,-5.5732102,-8.359816
6926922,-0.7496411,-5.4390893,-9.1765175
6926932,-1.5483801,-5.0750465,-10.13692
6926942,-2.15911,-3.434458,-10.583591
6926951,-2.7315197,-0.8143066,-12.759466
6926961,-2.9746141,0.8969348,-15.68618
6926971,-3.8212538,1.6082556,-17.426163
6926981,-5.1780324,2.4896228,-13.400134
6926991,-4.6595106,2.4333398,-10.71412
6927000,-3.1111305,0.54606444,-9.878258
6927010,-1.6429834,-2.2561083,-8.533455
6927020,-0.7711963,-4.269122,-7.820936
6927030,-0.47421387,-4.932543,-7.836504
6927039,-0.20477417,-4.5421543,-8.0436735
6927049,0.10657837,-4.228407,-7.763456
6927059,0.65264285,-4.0571632,-6.7970653
6927069,0.6706055,-5.0977993,-7.728728
6927078,1.2298425,-6.0570045,-7.5467067
6927088,1.5435901,-7.1024303,-7.850874
6927098,1.6334033,-7.7742333,-8.138276
6927108,1.5783179,-7.5658665,-8.485554
6927118,0.80472654,-5.965994,-9.072334
6927127,-0.3580554,-3.549419,-9.750125
6927137,-0.91010743,-4.7624965,-10.388397
6927147,-2.0417542,-4.0655456,-7.6904078
6927157,-2.650089,-1.9279907,-7.260502
6927166,-2.022594,-3.5865417,-9.959689
6927176,-2.254911,-5.23671,-8.467591
6927186,-2.4536974,-6.234236,-7.9993653
6927196,-3.427273,-8.022118,-11.752361
6927206,-4.8798523,-6.979087,-8.1143265
6927215,-3.7805383,-5.955216,-9.625584
6927225,-2.0118165,-5.4175344,-12.062516
6927235,-0.043110352,-4.1361985,-11.0194845
6927245,0.7256909,-4.2511597,-11.213482
6927254,0.83346677,-4.973258,-10.12734
6927264,0.5771997,-6.030659,-9.152567
6927274,-0.24788453,-6.2330384,-8.788525
6927284,-0.96040285,-5.925278,-8.443642
6927293,-1.3136683,-5.5217175,-8.377778
6927303,-1.6154407,-5.4462743,-8.587342
6927313,-1.9327807,-5.5025573,-8.580157
6927323,-1.5878979,-5.49178,-8.102351
6927333,-1.4669495,-5.3456836,-8.014933
6927342,-1.5220349,-5.2283278,-8.2712
6927352,-1.6381934,-5.1924024,-8.594527
6927362,-1.7555493,-5.2678456,-8.994495
6927372,-1.9627185,-5.471422,-8.826844
6927381,-1.9483484,-5.9001307,-8.52148
6927391,-1.8944604,-6.460565,-8.26641
6927401,-1.9124231,-6.380332,-8.29515
6927411,-2.2046156,-5.957611,-8.349038
6927421,-2.4273522,-5.485792,-8.370593
6927430,-2.4956102,-5.085824,-8.36221
6927440,-2.430945,-5.156477,-8.02571
6927450,-2.3770568,-5.419929,-7.2808595
6927460,-2.2465284,-5.8103175,-6.603069
6927469,-2.4405248,-6.357579,-5.9863515
6927479,-2.5830286,-6.5431933,-5.5684204
6927489,-2.8680358,-6.5910935,-5.245093
6927499,-3.1590307,-6.8042507,-5.391189
6927508,-3.0871801,-6.9754944,-6.2318406
6927518,-3.5506165,-7.2880445,-9.695039
6927528,-3.6356397,-7.1311707,-7.167096
6927538,-3.4200878,-7.5359287,-8.334668
6927548,-3.473976,-8.028106,-8.27599
6927557,-3.0955627,-8.046068,-8.167017
6927567,-2.5973988,-7.777826,-8.085586
6927577,-2.210603,-7.34313,-8.28078
6927587,-2.13037,-7.066505,-7.95865
6927596,-2.1531227,-6.7575474,-7.2581067
6927606,-1.9327807,-6.805448,-6.4246397
6927616,-1.407074,-6.3767395,-7.1850586
6927626,-1.6573535,-6.004314,-7.828121
6927636,-1.7435743,-5.9420433,-7.8544664
6927645,-1.6741186,-6.301296,-7.0581226
6927655,-1.3076806,-6.6473765,-6.5851064
6927665,-1.2777429,-6.8114357,-6.8629284
6927675,-0.8741821,-6.124065,-5.16486
6927684,0.040715333,-5.8654027,-6.1204724
6927694,0.5760022,-6.082152,-6.779103
6927704,0.8705896,-5.9851537,-6.6425867
6927714,0.8107141,-6.284531,-6.171965
6927724,0.93884766,-6.692882,-5.254673
6927733,1.0585986,-7.3539076,-4.3960586
6927743,1.2154725,-7.7347155,-2.9614418
6927753,1.4944922,-7.984995,-3.6284547
6927763,1.0585986,-8.697514,-5.9755735
6927772,0.49337402,-8.830437,-6.3815293
6927782,0.0981958,-8.491542,-6.6916847
6927792,-0.22632934,-7.635322,-7.921527
6927802,-0.183219,-6.76593,-8.686736
6927811,0.0119750975,-5.686974,-8.57896
6927821,-0.013172608,-3.4871485,-7.0904555
6927831,0.6825806,-2.7937903,-8.614885
6927841,0.7927515,-3.742218,-9.586065
6927851,0.05628296,-5.269043,-8.402926
6927860,-1.0837463,-6.13604,-8.00655
6927870,-2.2249732,-5.859415,-7.4125853
6927880,-3.239264,-5.021158,-8.780142
6927890,-4.01525,-4.2906775,-10.39199
6927899,-4.2834926,-3.5805542,-11.746373
6927909,-4.0571632,-2.3710694,-11.085348
6927919,-3.0249097,-1.5567627,-11.359577
6927929,-2.0309765,-1.0502161,-10.729688
6927939,-0.9831555,-0.58079225,-10.13692
6927948,-0.47660887,-0.53049684,-10.435101
6927958,-0.46942383,-1.5723304,-12.619358
6927968,-1.890868,-2.7003846,-12.991783
6927978,-2.6045837,-3.2967443,-11.341615
6927987,-2.5315356,-4.381688,-10.47342
6927997,-2.4321423,-4.691843,-8.818462
6928007,-1.7280066,-4.700226,-8.793314
6928017,-0.80592406,-5.630691,-9.314231
6928027,-0.25147706,-6.262976,-8.238867
6928036,0.42152345,-7.0341725,-7.298822
6928046,1.0945239,-7.2724767,-6.41506
6928056,1.5232325,-7.921527,-6.541996
6928066,1.1999048,-8.134684,-6.13604
6928075,1.346001,-8.57896,-6.124065
6928085,1.6980689,-9.207653,-5.4319043
6928095,2.088457,-9.126222,-3.502716
6928105,2.4644752,-9.980046,-2.8321106
6928115,2.982997,-11.808643,-5.2678456
6928124,2.8764184,-13.19536,-7.907157
6928134,2.398612,-13.5606,-7.458091
6928144,1.4262341,-12.512779,-6.2090883
6928154,0.12933105,-10.886561,-5.0008006
6928163,-0.552052,-8.715476,-5.889353
6928173,-0.97477293,-8.02571,-7.056925
6928183,-0.47062135,-6.6006737,-6.2869263
6928193,0.14968872,-5.764812,-7.1347632
6928203,0.49097902,-5.8438478,-7.9837976
6928212,0.2969824,-5.6833816,-8.389753
6928222,-0.39757323,-5.2965856,-8.412506
6928232,-1.2669654,-5.20318,-9.183702
6928242,-2.4656725,-5.1289344,-8.804091
6928251,-3.8428087,-4.006868,-9.427995
6928261,-4.4343786,-3.1674132,-9.831555
6928271,-4.6978307,-2.3531067,-11.201507
6928281,-5.0487013,-1.6022681,-12.803775
6928290,-3.9721398,-1.0538086,-11.884087
6928300,-2.9889843,-1.771117,-11.915222
6928310,-2.147135,-2.1219873,-10.6817875
6928320,-0.732876,-1.9447559,-10.765613
6928330,-0.37003052,-2.9243188,-13.323494
6928339,-1.0825489,-3.0500574,-10.395582
6928349,-1.541195,-3.0668225,-9.327404
6928359,-2.591411,-3.5434313,-9.654324
6928369,-2.8620484,-4.3002577,-7.557484
6928378,-2.2776635,-5.960006,-5.9049206
6928388,-1.3783337,-7.401808,-4.91937
6928398,-0.23830444,-8.248447,-4.4487486
6928408,0.9687854,-9.556128,-3.9469922
6928418,2.0118165,-10.874586,-3.439248
6928427,2.8129504,-12.743899,-2.8692334
6928437,3.2560291,-13.068424,-1.1460168
6928447,3.2823744,-12.033775,0.20597167
6928457,2.6393116,-10.797946,-2.8201356
6928466,1.5088623,-11.209888,-5.8725877
6928476,0.14370117,-10.735675,-5.413942
6928486,-1.1591895,-10.243499,-5.3241286
6928496,-1.9842737,-10.546469,-5.3971767
6928506,-2.3830445,-9.46392,-3.8344262
6928515,-1.3268409,-8.061636,-2.6141639
6928525,-0.33410522,-6.8461633,-3.998485
6928535,0.8370593,-5.5384827,-5.760022
6928545,1.6010705,-3.7733533,-6.779103
6928554,1.5040723,-3.810476,-9.48308
6928564,0.18681152,-3.7266505,-11.381133
6928574,-0.8143066,-4.4894643,-13.918656
6928584,-3.4560132,-5.86181,-11.754756
6928594,-5.4175344,-5.182822,-8.869955
6928603,-7.470066,-4.8451247,-12.3104
6928613,-7.467671,-4.429589,-14.570102
6928623,-6.0486217,-4.6906457,-13.685142
6928633,-3.5554066,-4.9109874,-11.929592
6928642,-0.78915894,-4.5637097,-10.584789
6928652,1.0645862,-4.3912683,-9.269923
6928662,1.2370276,-5.367239,-7.7119627
6928672,0.4514612,-6.690487,-6.8868785
6928682,-0.5724097,-7.995773,-5.332511
6928691,-0.4514612,-8.623268,-5.503755
6928701,-0.4071533,-9.707014,-8.225695
6928711,-0.53049684,-9.416019,-7.4473133
6928721,-0.4287085,-8.444839,-7.6796303
6928730,-0.37721556,-8.132289,-7.7502832
6928740,-0.1963916,-7.33834,-5.372029
6928750,0.41314086,-7.747888,-2.8955786
6928760,0.37601808,-8.398136,-1.5783179
6928769,0.21914428,-8.681946,-0.34488282
6928779,0.5400769,-7.563472,0.9675879
6928789,0.7161108,-7.37187,-3.7793407
6928799,-0.29817992,-8.372989,-6.42943
6928809,-1.3771362,-9.183702,-5.591173
6928818,-2.4860303,-9.001681,-4.482279
6928828,-2.4656725,-9.51182,-5.108577
6928838,-1.771117,-9.257948,-4.7529163
6928848,-0.38679564,-7.555089,-4.352948
6928857,0.8322693,-6.3539867,-8.309521
6928885,1.4681469,-5.2822156,-11.080558
6928895,2.3686743,-4.64514,-9.720187
6928905,1.4298266,-4.035608,-11.140433
6928914,-0.7688013,-4.5780797,-12.115207
6928924,-2.4980054,-4.877457,-12.402609
6928934,-4.317023,-5.9300685,-12.808564
6928944,-6.2713585,-6.5431933,-12.50799
6928954,-6.053412,-5.429509,-11.206296
6928963,-4.7205834,-5.82828,-12.573853
6928973,-2.3590941,-5.031936,-9.178912
6928983,0.59635985,-3.6140845,-7.2341566
6928993,1.9423609,-3.5482213,-6.73719
6929002,1.780697,-4.5469446,-7.452103
6929012,-0.07783814,-6.2977037,-6.204298
6929022,-1.1987072,-7.876022,-7.5910144
6929032,-2.6931994,-9.125025,-10.187216
6929042,-3.9158568,-8.095166,-8.752599
6929051,-3.8715491,-6.9922595,-8.078401
6929061,-3.0213172,-5.9755735,-8.917855
6929071,-1.111289,-6.182743,-8.575367
6929081,0.80592406,-7.122788,-5.764812
6929090,1.8729053,-7.599397,-2.838098
6929100,1.5040723,-7.8808117,-2.0070264
6929110,0.39996827,-7.764653,-1.7363892
6929120,-0.45744872,-6.724017,0.15567628
6929129,-0.18681152,-5.606741,-2.0441492
6929139,-0.36164796,-6.8964586,-6.7288074
6929149,-0.49696654,-8.081993,-4.9552956
6929159,-0.7472461,-9.702224,-4.111051
6929169,-1.1160791,-9.614806,-4.02962
6929178,-0.93286014,-8.751401,-3.6631823
6929188,-0.085023195,-6.8749037,-3.4045203
6929198,0.55803955,-5.774392,-6.41506
6929208,0.64665526,-5.386399,-8.21851
6929217,0.7209009,-5.356461,-8.98731
6929227,0.3412903,-6.692882,-9.370514
6929237,-0.31494507,-8.008945,-8.438851
6929247,-0.86699706,-8.6699705,-8.207732
6929257,-1.7471668,-8.108338,-7.8939843
6929266,-2.5279431,-7.350315,-7.029382
6929276,-3.2715967,-6.898854,-8.235274
6929286,-3.6595898,-8.575367,-10.5620365
6929296,-4.1373963,-10.249486,-11.91163
6929305,-3.7517982,-10.412348,-9.8447275
6929315,-2.8548632,-9.707014,-6.7527575
6929325,-2.1555176,-8.7825365,-5.494175
6929335,-1.6717236,-8.115523,-5.166057
6929345,-1.3855188,-7.8161464,-5.292993
6929354,-1.4166541,-8.25683,-5.029541
6929364,-1.8693128,-8.634046,-3.9469922
6929374,-2.327959,-8.541837,-3.556604
6929389,-3.133883,-9.071136,-3.9685473
6929399,-3.681145,-9.286688,-4.123026
6929409,-4.2032595,-9.114246,-3.2009437
6929418,-3.7685633,-9.604029,-1.968706
6929428,-3.166216,-10.033935,-1.8405725
6929438,-2.4608827,-9.513018,-1.6741186
6929448,-1.8824854,-9.105865,-0.64665526
6929457,-1.0490185,-7.860454,0.30776
6929467,-0.4646338,-6.084547,1.3723462
6929477,-0.08981323,-5.024751,1.8190173
6929487,-0.016765136,-4.2487645,1.4250367
6929497,-0.10897339,-4.485872,0.87657714
6929506,-0.013172608,-5.3540664,0.041912843
6929516,-0.12693603,-6.8317933,-0.75682616
6929526,-0.7149133,-8.516689,-0.3927832
6929536,-1.3651612,-9.291478,0.98794556
6929545,-1.4513818,-9.86269,0.81550413
6929555,-1.8022522,-9.927356,0.5640271
6929565,-2.222578,-9.744137,0.40116578
6929575,-2.1710851,-9.141789,-0.5771997
6929585,-1.712439,-8.428074,-1.4322217
6929594,-0.99752563,-7.0689,-2.2165906
6929604,-0.17483643,-5.7516394,-4.742139
6929614,-0.20716919,-5.7851696,-7.0964427
6929624,0.5771997,-5.7923546,-7.6592727
6929633,1.0933264,-5.816305,-8.267608
6929643,0.120948486,-6.4869103,-8.747808
6929653,-1.0502161,-7.0748878,-9.008866
6929663,-1.8609302,-7.252119,-9.618399
6929673,-2.7446923,-7.588619,-10.626701
6929682,-3.5925293,-8.346643,-11.539204
6929692,-4.0954833,-8.55501,-10.050699
6929702,-4.0583606,-8.86277,-8.533455
6929712,-4.3218126,-10.078242,-7.571854
6929721,-4.0739284,-10.886561,-6.253396
6929731,-3.410508,-10.038724,-5.3265233
6929741,-2.574646,-7.6149645,-5.9983263
6929751,-2.2824535,-5.144502,-7.3610926
6929760,-2.650089,-3.2105236,-8.86277
6929770,-3.3063245,-2.074087,-9.637559
6929780,-3.8152661,-1.7112415,-10.206376
6929790,-3.3350646,-2.15432,-10.735675
6929800,-3.129093,-3.7973034,-10.891352
6929809,-2.7937903,-5.139712,-11.802656
6929819,-2.1902454,-6.2893214,-10.499765
6929829,-1.6429834,-6.9695067,-10.142908
6929839,-1.6777111,-6.8772984,-9.159752
6929848,-1.6657361,-6.5431933,-8.485554
6929858,-1.3268409,-5.315746,-8.498727
6929868,-1.3424084,-4.58766,-9.856703
6929878,-1.2549902,-3.495531,-10.838661
6929888,-0.64066774,-2.9602442,-10.10818
6929897,-0.31015503,-3.2620165,-9.860295
6929907,-0.10059082,-4.021238,-9.083112
6929917,0.0023950196,-4.9481106,-9.861493
6929927,0.24189697,-4.581672,-6.581514
6929936,1.1376343,-4.4966493,-5.1672544
6929946,2.098037,-5.533693,-4.702621
6929956,2.3004162,-7.6856174,-7.6472974
6929966,1.0166858,-9.54535,-10.106982
6929975,0.21195923,-9.396859,-8.286768
6929985,-0.9580078,-8.361013,-8.120314
6929995,-2.5099804,-6.915619,-9.2256155
6930005,-3.4308655,-5.716912,-10.765613
6930015,-3.4667907,-5.6163206,-12.670851
6930024,-3.3254845,-4.9600854,-9.77647
6930034,-2.1710851,-3.5937269,-7.509584
6930044,-1.7531543,-3.6955152,-9.325008
6930054,-1.4429992,-4.6894484,-11.740386
6930063,-1.223855,-4.8427296,-9.3872795
6930073,-1.7016613,-1.8321899,-8.274793
6930083,-2.3076012,-0.74485105,-10.880573
6930093,-1.8525476,-2.3698719,-9.396859
6930103,-1.0490185,-4.237987,-6.9778895
6930112,-0.09580078,-5.989944,-6.724017
6930122,0.5221143,-6.2486057,-7.36229
6930132,0.61073,-4.6415477,-5.6270986
6930142,0.17483643,-3.3278797,-4.942123
6930151,-1.167572,-5.366041,-6.598279
6930161,-1.9148182,-6.956334,-6.085745
6930171,-1.7543519,-6.781498,-4.269122
6930181,-0.95321774,-5.78996,-2.499203
6930191,0.069455564,-5.7097263,-3.1111305
6930200,0.48499146,-5.2989807,-3.8871167
6930210,0.4897815,-6.431825,-5.764812
6930220,0.2215393,-8.133487,-6.5108604
6930230,-0.043110352,-9.356144,-6.763535
6930239,-0.09220825,-9.475895,-8.138276
6930249,-0.18202148,-8.774154,-10.36325
6930259,-0.08741821,-7.8879967,-11.8637295
6930269,-0.13771363,-6.9826794,-10.296189
6930278,-0.21195923,-5.181625,-8.935818
6930288,-0.58558226,-3.3961377,-10.000404
6930298,-0.4754114,-3.011737,-11.317665
6930308,-1.541195,-2.8404932,-10.223141
6930318,-1.9938538,-2.5004003,-9.087902
6930327,-1.9112256,-2.14474,-9.239985
6930337,-1.0322534,-2.1255798,-9.374106
6930347,-0.15687378,-2.3626869,-9.054371
6930357,0.21674927,-1.0035132,-8.668774
6930366,1.0370435,-0.2203418,-9.570498
6930376,1.8022522,-2.6668541,-11.5751295
6930386,1.5495776,-5.029541,-10.994337
6930396,1.7615368,-6.0977197,-11.252999
6930406,1.956731,-6.206693,-11.322454
6930415,0.8083191,-5.618716,-10.477013
6930425,-1.5902929,-5.430707,-10.159673
6930435,-3.617677,-5.555248,-9.4507475
6930445,-4.4906616,-5.9635987,-8.693921
6930454,-4.064348,-6.0905347,-8.721463
6930464,-2.826123,-5.498965,-10.215956
6930474,-1.1184741,-3.7601807,-11.015892
6930484,0.8454419,-2.3243666,-11.114088
6930494,1.9064355,-2.3950195,-11.673326
6930503,1.9112256,-3.1087353,-11.419453
6930513,1.4765296,-3.7458105,-10.875784
6930523,0.7496411,-4.58766,-11.254197
6930533,-0.44667113,-5.070256,-10.275831
6930542,-1.4980847,-5.4582496,-10.409952
6930552,-1.6417859,-5.259463,-10.154882
6930562,-2.3590941,-4.3206153,-9.899814
6930572,-1.8884729,-4.160149,-10.627899
6930582,-1.9962487,-4.1876917,-10.1824255
6930591,-1.6992663,-4.829557,-10.292597
6930601,-1.6082556,-5.052294,-8.426876
6930611,-0.9448352,-5.8905506,-8.596923
6930621,-0.803529,-5.8881555,-8.8316345
6930630,-1.348396,-5.836663,-7.443721
6930640,-1.9794836,-5.9839563,-5.9073157
6930650,-1.8693128,-6.8090405,-6.4569726
6930660,-2.430945,-8.357421,-7.2832546
6930669,-3.2296839,-8.919053,-6.605464
6930679,-3.2560291,-10.07465,-8.765772
6930689,-3.4775684,-11.135643,-10.365644
6930699,-4.223617,-10.74765,-8.713081
6930709,-4.8403344,-9.916578,-6.9335814
6930718,-5.142107,-9.889035,-6.0486217
6930728,-4.8978148,-9.341774,-4.4427614
6930738,-4.0823107,-8.8951025,-2.1842577
6930748,-3.2739916,-8.637638,-0.13172607
6930757,-2.577041,-8.21851,1.1292517
6930767,-2.222578,-8.352631,1.2250525
6930777,-2.4680676,-7.874824,1.2981006
6930787,-2.7949877,-7.4736586,2.9650342
6930797,-2.809358,-8.02571,2.9231215
6930806,-2.2608984,-9.917776,2.4393275
6930816,-2.4956102,-11.6876955,3.6164794
6930826,-2.9362938,-10.95482,3.803291
6930846,-2.9841943,-8.576565,4.022435
6930856,-2.9303064,-5.3432884,4.660708
6930866,-3.495531,-1.890868,4.7038183
6930876,-4.078718,1.0490185,3.8164637
6930885,-3.98651,3.439248,2.6668541
6930895,-3.4691858,4.315825,3.5829492
6930905,-2.8225305,3.8080812,4.2571473
6930915,-2.0513341,2.9027636,5.686974
6930925,-1.6034656,1.3136683,6.916816
6930934,-1.4861096,-0.38080812,7.235354
6930944,-1.7902771,-1.9998413,7.237749
6930954,-2.44771,-3.4548156,5.879773
6930964,-2.9602442,-5.4091516,6.101312
6930973,-3.026107,-7.3419323,5.061874
6930983,-3.1111305,-8.183782,4.6714854
6930993,-3.0991552,-8.200547,4.8798523
6931003,-2.7590625,-8.320298,5.124144
6931013,-2.393822,-8.399334,4.867877
6931022,-2.0848646,-8.187374,4.756509
6931032,-1.7555493,-7.740703,4.4762917
6931042,-1.346001,-7.1850586,3.2236962
6931052,-1.3136683,-6.3611717,4.176914
6931061,-1.2274475,-5.0738487,5.564828
6931071,-0.9017249,-4.309838,5.7384667
6931081,-0.5221143,-4.6475353,5.20318
6931091,-0.93765014,-5.5169277,3.6332445
6931100,-1.531615,-5.669011,0.5412744
6931110,-1.8250049,-5.8294773,-1.108894
6931120,-1.6848962,-6.4988856,-3.5949242
6931130,-1.8669177,-6.8976564,-5.710924
6931140,-2.14474,-6.7216225,-6.5623536
6931149,-1.9603235,-6.5431933,-6.8629284
6931159,-1.5843054,-6.2965064,-6.553971
6931169,-1.3962964,-6.595884,-6.358777
6931179,-1.1412268,-10.611134,-8.321495
6931188,-1.2585827,-15.22514,-8.589738
6931198,-0.36284545,-16.587906,-6.0641894
6931208,1.5016773,-16.555573,-6.182743
6931222,2.753075,-16.396303,-6.8701134
6931232,4.096681,-18.02372,-6.4102697
6931242,4.205654,-17.054934,-5.6270986
6931251,2.6201513,-13.955779,-3.206931
6931261,-0.120948486,-11.205099,-5.1935997
6931271,-1.729204,-9.408834,-5.3061657
6931281,-3.187771,-9.257948,-6.666537
6931290,-4.57329,-6.9826794,-3.38536
6931300,-3.5925293,-5.853428,-4.7744713
6931310,-2.6524842,-9.837543,-13.088781
6931320,-2.6105714,-9.637559,-9.255553
6931330,-1.6501684,-7.9083543,-9.244776
6931339,-1.3783337,-6.508466,-12.875625
6931349,-1.7950672,-5.5780005,-12.112811
6931359,-1.9842737,-6.3767395,-8.519085
6931369,-1.5328125,-7.7694435,-8.974138
6931378,-1.3627661,-7.822134,-7.812554
6931388,-0.9927356,-6.028264,-8.701106
6931398,-0.48379394,-4.411626,-8.510702
6931408,-0.39877075,-2.7830126,-9.365724
6931417,-0.6610254,-1.1184741,-9.241183
6931427,-0.61073,-0.0011975098,-8.52148
6931437,-1.043031,-1.2046949,-6.8952613
6931447,-1.84656,-1.9363732,-7.108418
6931457,-1.8944604,-2.2872436,-6.539601
6931466,-1.7423767,-2.687212,-7.204219
6931476,-1.5364051,-2.3267615,-7.7047777
6931486,-0.89932984,-2.9817994,-9.703422
6931496,-0.6622229,-3.793711,-9.76689
6931505,-0.87777466,-5.20318,-9.313033
6931515,-0.8789722,-6.4102697,-8.783734
6931525,-0.4071533,-7.091653,-9.346563
6931535,0.0059875487,-7.7203455,-9.85311
6931545,0.37242553,-7.6161623,-9.285491
6931554,0.37482056,-5.715714,-8.605305
6931564,0.73407346,-4.2248144,-8.992101
6931574,1.0214758,-4.3709106,-9.418414
6931584,0.61552,-5.190007,-9.295071
6931593,0.41194335,-5.3708315,-8.081993
6931603,0.49936157,-4.987628,-6.604266
6931613,0.39517823,-4.467909,-2.9913795
6931623,-1.2861255,-6.5851064,-2.7878027
6931633,-2.5950036,-10.760822,-3.4572108
6931642,-2.335144,-12.510385,-2.4165747
6931652,-1.3100756,-10.679392,-3.8116736
6931662,-0.5783972,-7.8377013,-6.339617
6931672,-0.07304809,-5.2917957,-8.965755
6931681,-0.429906,-3.2201037,-9.895023
6931691,-0.70533323,-1.7363892,-8.801697
6931705,-0.9340576,-1.1029065,-11.121273
6931715,-1.4801221,-1.6178356,-11.322454
6931725,-0.75203615,-3.5063086,-9.414822
6931734,-1.3424084,-7.3095994,-10.754835
6931744,-1.9758911,-8.922646,-12.981006
6931754,-2.7758276,-5.642666,-9.84832
6931764,-4.160149,-0.32692015,-16.984282
6931773,-3.6476147,4.364923,-12.052936
6931783,-2.5638685,2.823728,-13.492343
6931793,-2.0082238,-2.4165747,-11.323652
6931803,-0.6370752,-5.273833,-9.216035
6931813,0.80113405,-5.2259326,-8.784931
6931822,1.0873389,-4.1936793,-9.333391
6931832,0.25387207,-4.453539,-5.6390734
6931842,1.1196716,-4.951703,-6.3348265
6931852,-0.26345214,-8.652008,-8.170609
6931861,1.4549744,-9.607621,-6.3719497
6931871,1.8657203,-9.333391,-6.883286
6931881,1.9519409,-7.692803,-6.1132874
6931891,1.3364209,-6.3468018,-7.129973
6931901,0.6227051,-3.011737,-6.922804
6931910,0.20956421,-0.1951941,-8.443642
6931920,-1.1100916,-0.7831714,-8.525072
6931930,-2.7291248,-2.8009753,-8.038883
6931940,-3.0907726,-2.3543043,-8.240065
6931949,-2.6069787,-3.5362463,-10.764416
6931959,-1.9148182,-5.760022,-10.930869
6931969,-2.0357666,-7.6975927,-13.397739
6931979,-3.9996827,-8.546627,-14.047987
6931989,-4.9205675,-6.194718,-10.04112
6931998,-3.7829332,-4.02962,-12.000245
6932008,-1.9734961,-3.5961218,-16.015495
6932018,0.2335144,-2.1040246,-14.526991
6932028,1.3915063,-0.98674804,-12.455299
6932037,0.64665526,-1.4130615,-11.67572
6932047,-0.48858398,-2.4980054,-10.944042
6932057,-1.53401,-3.5362463,-9.728569
6932067,-1.7950672,-4.115841,-8.351433
6932076,-2.1950355,-4.4439588,-7.430548
6932086,-2.0968397,-4.567302,-7.029382
6932096,-1.8657203,-4.9648757,-7.203021
6932106,-1.5543677,-5.6462584,-7.961045
6932116,-1.5148499,-6.394702,-8.406519
6932125,-1.5352075,-7.098838,-8.52148
6932135,-1.465752,-7.643705,-8.917855
6932145,-1.6501684,-7.4389305,-9.153765
6932155,-1.6789087,-6.7838926,-9.713001
6932164,-1.8753003,-5.684579,-9.895023
6932174,-2.0118165,-5.180427,-10.310559
6932184,-2.44292,-5.2307224,-10.535691
6932194,-2.6908045,-5.278623,-9.895023
6932204,-2.814148,-5.357659,-8.866363
6932213,-2.8740234,-5.374424,-7.902367
6932223,-3.1159203,-5.715714,-7.32397
6932233,-3.1446607,-6.0330544,-7.149133
6932243,-3.3278797,-6.1863356,-5.48699
6932252,-3.2859669,-6.9898643,-3.7745507
6932262,-2.4788451,-7.6053843,-10.746452
6932272,-3.7901185,-7.2269716,-10.356065
6932282,-3.2608192,-6.086942,-7.211404
6932292,-3.8978944,-7.388635,-4.2571473
6932301,-4.4247985,-8.062833,-0.6047424
6932311,-3.8356237,-7.7694435,-2.9219239
6932321,-3.0620325,-7.5443115,-6.8485584
6932331,-2.8536658,-7.33355,-4.8355446
6932340,-1.5016773,-6.267766,-1.0753638
6932350,-0.7316785,-6.659352,-3.1638207
6932360,-0.43589357,-7.176676,-1.7304016
6932370,0.16405883,-6.029462,-0.1353186
6932379,0.27662477,-7.3838453,-3.9218445
6932389,0.14489868,-7.8867993,-4.4595265
6932399,0.9663904,-8.161029,-3.202141
6932409,2.2010229,-8.608898,-1.5124549
6932419,3.3721876,-8.933423,1.0202783
6932428,4.077521,-7.9502673,3.558999
6932438,3.9026842,-8.0305,0.017962646
6932448,2.2656884,-10.668614,-4.9768505
6932458,0.52091676,-11.621832,-4.5960426
6932467,-0.86579955,-11.769126,-4.4595265
6932477,-2.0932472,-11.450588,-5.7935524
6932487,-2.1926403,-9.673484,-4.749324
6932497,-0.5376819,-8.400531,-4.691843
6932507,0.92208254,-8.234077,-4.179309
6932516,2.6393116,-6.197113,-2.4069946
6932526,2.8333082,-4.851112,-5.4259167
6932536,1.9184107,-5.3852015,-10.120155
6932546,0.9089099,-6.0079064,-10.030342
6932555,-0.8945398,-8.268805,-9.804012
6932572,-4.1361985,-7.804171,-10.557246
6932582,-6.1073,-7.1658983,-14.235996
6932592,-6.3791347,-6.2785435,-16.428637
6932602,-5.8079224,-4.8379393,-14.009666
6932611,-3.9014869,-4.2511597,-12.989388
6932621,-1.9112256,-3.9014869,-11.312875
6932631,0.6993457,-2.5267456,-10.876981
6932641,1.9387683,-4.3685155,-13.48875
6932651,0.68377805,-5.2798204,-10.259067
6932660,-1.0562036,-6.274951,-8.976533
6932670,-2.567461,-6.2941113,-6.827003
6932680,-2.1363573,-5.706134,-5.6558385
6932690,-0.9963281,-5.046306,-6.901249
6932699,-0.05867798,-4.916975,-7.479646
6932709,0.6981482,-6.1587925,-7.594607
6932719,1.5639478,-7.883207,-4.763694
6932729,2.4441175,-10.20398,-2.266886
6932738,2.4213648,-10.4494705,0.7113208
6932748,1.1843371,-9.909393,1.3220508
6932758,0.2838098,-8.240065,1.848955
6932768,0.45744872,-7.0700974,-1.5112573
6932778,0.27183473,-8.308323,-6.525231
6932787,-0.21195923,-8.787327,-5.372029
6932797,-0.9424402,-9.923763,-4.5397596
6932807,-1.592688,-9.629176,-3.2009437
6932817,-1.104104,-8.178991,-2.6201513
6932826,-0.20357665,-7.2880445,-3.5278637
6932836,0.9292676,-5.9492283,-5.3456836
6932846,1.3016931,-4.7157936,-7.460486
6932856,1.1615845,-4.9061975,-8.59812
6932866,-0.033530273,-5.464237,-9.981244
6932875,-1.3364209,-6.004314,-11.238629
6932885,-1.6142431,-7.7059755,-13.309124
6932895,-3.2165112,-9.523795,-11.657758
6932905,-4.8415318,-8.79571,-8.429272
6932914,-6.446195,-8.224497,-11.98827
6932924,-6.8701134,-6.364764,-13.516293
6932934,-5.0642686,-4.4080334,-12.064911
6932944,-3.182981,-3.7517982,-11.317665
6932954,-0.4035608,-3.3063245,-10.37762
6932963,1.785487,-2.9171338,-9.233997
6932973,2.5566833,-2.9566517,-7.6592727
6932983,1.5399976,-5.3265233,-7.868837
6932995,-0.5760022,-6.422245,-5.901328
6933005,-1.22625,-7.3586974,-5.640271
6933014,-2.0501368,-8.5645895,-6.9527416
6933024,-2.6021888,-8.505912,-7.5766444
6933034,-1.5555652,-7.587422,-6.4713426
6933044,0.038320314,-8.339458,-7.4389305
6933053,1.7902771,-8.111931,-5.797145
6933063,2.7937903,-8.242459,-4.022435
6933073,2.870431,-7.841294,-1.5256275
6933083,2.1387525,-7.533534,-0.31135255
6933092,1.6022681,-7.1072206,-2.1387525
6933102,0.46223876,-8.448431,-6.4186525
6933112,-0.7005432,-8.813672,-5.9121056
6933122,-1.7699194,-9.383686,-6.1587925
6933132,-2.4656725,-9.675879,-6.4964905
6933141,-2.4860303,-8.454419,-4.7349534
6933151,-1.2789404,-7.3658824,-4.5038342
6933161,-0.14609618,-7.268884,-6.6306114
6933171,0.79394895,-6.497688,-7.195836
6933180,1.7028589,-5.435497,-7.883207
6933190,1.595083,-4.8379393,-10.083033
6933200,0.0371228,-4.022435,-10.417137
6933210,-1.407074,-3.2284863,-11.618239
6933220,-2.718347,-3.0895753,-12.014615
6933229,-3.817661,-4.1242237,-12.114009
6933239,-4.980443,-4.482279,-10.146501
6933249,-5.142107,-4.4882665,-8.716674
6933259,-4.348158,-4.6738806,-10.160871
6933268,-3.2213013,-4.6355605,-9.960886
6933278,-1.3867164,-4.148174,-9.542955
6933288,0.032332763,-4.4978466,-10.466235
6933298,0.104183346,-4.7050157,-10.717712
6933307,-0.8238867,-4.388873,-10.570418
6933317,-2.0657043,-5.733677,-12.6373205
6933327,-4.2343946,-5.830675,-8.780142
6933337,-4.518204,-5.118157,-10.024354
6933347,-3.7781434,-4.5074267,-10.121352
6933356,-1.9902612,-4.164939,-10.277029
6933366,-0.31015503,-4.0044727,-10.817105
6933376,0.8107141,-3.6631823,-10.948832
6933386,1.0142908,-3.359015,-10.498569
6933395,0.9472302,-3.6404297,-7.052135
6933405,-0.032332763,-3.800896,-4.198469
6933415,-0.8202942,-4.5684996,-4.078718
6933425,-0.4263135,-5.1049843,-4.851112
6933435,0.59635985,-5.567223,-6.6246243
6933444,1.0861413,-5.6642213,-6.251001
6933454,1.5160474,-5.684579,-6.582711
6933464,1.6142431,-5.987549,-6.412665
6933474,1.3124707,-5.836663,-6.0546093
6933483,1.2094848,-5.3133507,-6.678512
6933493,0.85023195,-4.7744713,-7.782616
6933503,0.38919067,-4.564907,-8.529862
6933513,0.10298584,-4.867877,-9.55972
6933522,-0.1101709,-5.7145166,-10.380014
6933532,0.0371228,-6.791078,-10.39199
6933542,0.48379394,-7.731123,-10.514135
6933552,0.69455564,-7.531139,-9.540561
6933562,0.90411985,-6.5300207,-9.358539
6933571,0.19160156,-5.591173,-9.643546
6933581,-0.69096315,-4.90979,-9.126222
6933591,-1.8094373,-3.6308496,-7.476053
6933601,-3.1614258,-1.5747254,-7.619755
6933610,-2.3064039,-0.35087037,-8.686736
6933620,-0.67898804,-1.595083,-10.935659
6933630,0.11256592,-3.6943176,-12.092454
6933640,0.852627,-3.9625597,-12.594211
6933650,1.5232325,-3.2260914,-12.648098
6933659,1.3064831,-2.650089,-12.0816765
6933669,0.44906616,-2.6297314,-11.245814
6933679,-1.1639795,-2.838098,-10.2315235
6933689,-2.7123597,-3.1913636,-8.911868
6933698,-3.615282,-3.1841784,-8.460406
6933708,-3.3841627,-2.9590466,-9.648336
6933718,-2.039359,-2.5291407,-10.368039
6933728,-0.7388635,-1.7280066,-11.009905
6933738,0.5891748,-1.2442126,-11.424243
6933747,1.1831397,-1.3783337,-12.394226
6933757,0.8298743,-1.9088305,-11.749966
6933767,0.30057496,-2.8201356,-11.133248
6933777,-0.3197351,-3.6727624,-10.929671
6933786,-0.9627979,-4.3709106,-10.433903
6933796,-0.77838135,-4.6187954,-10.381212
6933806,-0.5185217,-3.9158568,-10.283016
6933816,-0.36284545,-3.0273046,-10.477013
6933826,-0.5712122,-2.6345215,-9.963282
6933835,-0.66940796,-3.06323,-9.499845
6933845,-1.0717713,-3.2368689,-9.231603
6933855,-1.2466077,-3.2823744,-9.0076685
6933865,-1.3687537,-2.8955786,-9.691446
6933874,-1.6657361,-2.1339624,-10.073452
6933884,-2.095642,-1.5747254,-10.096205
6933894,-2.4213648,-1.096919,-10.057884
6933904,-2.2489233,-1.5016773,-10.174043
6933913,-1.8729053,-2.7327173,-10.121352
6933923,-1.409469,-4.1074586,-9.315429
6933933,-1.111289,-4.7624965,-8.703501
6933943,-0.59635985,-5.24629,-8.228089
6933953,-0.7149133,-6.0258694,-8.31431
6933962,-1.4106665,-6.4306273,-7.589817
6933972,-1.4621594,-6.441405,-6.9671116
6933982,-1.4717395,-6.730005,-7.244934
6933992,-1.6980689,-6.730005,-7.0892577
6934001,-1.6836988,-6.612649,-7.3910303
6934011,-1.8788928,-6.2498035,-7.5922117
6934021,-2.3686743,-5.884563,-7.7059755
6934031,-2.618954,-5.606741,-7.95865
6934041,-3.0428724,-5.327721,-8.126301
6934050,-3.1686108,-5.149292,-8.696316
6934060,-3.070415,-5.078639,-9.074729
6934070,-3.060835,-5.107379,-8.89151
6934080,-2.994972,-5.2570677,-8.538244
6934089,-2.9446764,-4.987628,-8.673563
6934099,-2.8955786,-4.1781116,-8.720266
6934109,-2.982997,-3.4943335,-8.663983
6934119,-3.0524523,-3.0644274,-8.93941
6934128,-3.1590307,-2.7339149,-9.263935
6934138,-2.8764184,-2.694397,-9.456735
6934148,-2.3878345,-3.0368848,-9.471105
6934158,-1.8812878,-3.5793567,-9.313033
6934168,-1.4226416,-3.9122643,-9.666299
6934177,-1.1124866,-3.8727465,-9.451944
6934187,-1.2478051,-3.810476,-9.217233
6934197,-1.2801379,-4.2487645,-9.059161
6934207,-1.5064673,-4.6355605,-8.626861
6934216,-1.3292358,-4.7325587,-8.450827
6934226,-1.287323,-4.452341,-8.465197
6934236,-1.2957056,-4.4319835,-8.539442
6934246,-1.289718,-4.5445495,-8.644823
6934256,-1.5208374,-4.140989,-8.629255
6934265,-1.5160474,-4.012855,-9.590856
6934275,-1.531615,-4.160149,-10.217154
6934285,-1.5483801,-4.9038024,-9.952503
6934295,-1.162782,-5.7528367,-9.76689
6934304,-0.857417,-6.4737377,-9.411229
6934314,-0.60713744,-7.091653,-8.240065
6934324,-0.6873706,-7.515571,-7.3491173
6934334,-0.74485105,-7.620952,-7.2904396
6934344,-0.66342044,-7.625742,-8.167017
6934353,-0.6993457,-7.1347632,-8.947793
6934363,-0.7652087,-7.388635,-8.952583
6934373,-1.0023156,-8.208929,-9.239985
6934383,-0.7316785,-8.699908,-7.364685
6934392,-1.1244617,-9.481882,-7.919132
6934402,-0.7807764,-9.496252,-6.077362
6934412,-0.80233157,-9.59325,-5.630691
6934422,-1.4130615,-9.80521,-6.476133
6934431,-1.0011182,-8.92504,-4.205654
6934441,-1.5986755,-9.616003,-5.2750306
6934451,-2.242936,-8.7334385,-6.1516075
6934461,-1.0394385,-8.062833,-4.021238
6934471,-2.311194,-8.305927,-3.9338195
6934480,-3.410508,-8.008945,-4.430786
6934490,-2.1890478,-8.345446,-2.9794042
6934500,-2.2932312,-8.28078,-1.4429992
6934510,-2.889591,-8.455616,-0.5724097
6934519,-2.8859985,-8.659193,0.34009278
6934529,-3.0368848,-8.374186,1.111289
6934539,-3.3087194,-8.869955,2.0920496
6934549,-3.5506165,-9.299861,2.405797
6934559,-3.493136,-9.198072,1.7555493
6934568,-3.1518457,-9.333391,1.4861096
6934578,-3.39015,-9.527388,3.0524523
6934588,-2.994972,-8.996891,3.08239
6934598,-2.7327173,-7.019802,2.2417383
6934607,-3.114723,-5.755232,4.3122325
6934617,-3.248844,-5.379214,3.009342
6934627,-3.6033068,-2.8249254,2.3555017
6934637,-4.0571632,-1.4429992,4.88584
6934647,-4.0978785,-1.8357825,3.258424
6934656,-4.0835085,-1.0574012,2.039359
6934666,-3.9637573,-0.39877075,3.3530273
6934676,-3.6823425,-0.86699706,4.946913
6934686,-3.3111145,-2.14953,4.197272
6934695,-3.241659,-3.68354,3.3865576
6934705,-3.133883,-4.9540977,3.6955152
6934715,-2.9398866,-5.9540186,4.191284
6934725,-2.8249254,-6.495293,4.27511
6934735,-2.654879,-7.0018396,3.5769618
6934744,-2.6644592,-7.435338,3.138673
6934754,-2.8225305,-7.6892104,2.7842102
6934764,-2.8321106,-7.9442797,2.5279431
6934774,-3.1111305,-8.618478,1.9351758
6934783,-3.4871485,-9.793235,1.6561561
6934793,-3.822451,-11.411071,1.9112256
6934803,-3.5925293,-13.377381,2.1710851
6934813,-2.9638367,-14.37371,2.4273522
6934822,-2.5087829,-14.634767,3.1626234
6934832,-2.318379,-15.086228,3.2835717
6934842,-2.2405407,-14.831159,3.5338514
6934852,-2.4465125,-14.107862,3.6943176
6934862,-2.7782226,-13.289964,3.2248938
6934871,-3.1434631,-12.054133,3.0009594
6934881,-3.3254845,-10.486593,3.202141
6934891,-3.6416273,-9.029223,3.7338355
6934901,-3.547024,-7.9574523,3.8607714
6934910,-3.570974,-6.8114357,4.096681
6934920,-3.5601966,-5.7875648,4.5229945
6934930,-3.4452355,-5.388794,4.343368
6934956,-3.1362782,-5.1792297,4.916975
6934966,-2.9961693,-4.90021,5.0570836
6934976,-2.5758436,-4.237987,5.5660253
6934985,-2.3854394,-3.3865576,6.0785594
6934995,-2.1734803,-2.1950355,6.3468018
6935005,-2.379452,-1.0106982,6.5863037
6935015,-2.5938063,-0.061072998,6.7779055
6935024,-2.598596,0.54366946,6.0498195
6935034,-2.9566517,0.50774413,6.0474243
6935044,-3.1530433,0.10178833,5.739664
6935054,-3.246449,-0.5173242,5.5851855
6935063,-3.3602123,-1.2418176,5.6462584
6935073,-3.5685792,-1.7495618,5.988746
6935083,-3.854784,-1.8992505,6.245013
6935093,-4.233197,-1.8669177,6.4497876
6935103,-4.4583287,-1.5759228,6.4629602
6935112,-4.721781,-1.0274634,6.5431933
6935122,-4.893025,-0.5484595,6.502478
6935132,-5.1433043,0.021555176,6.2641735
6935142,-5.327721,0.47660887,6.2569885
6935151,-5.484595,0.8741821,6.2653713
6935161,-5.603148,1.1076965,6.4725404
6935171,-5.703739,1.3711487,6.3132715
6935181,-5.909711,1.4166541,6.2078905
6935191,-6.1120896,1.465752,6.16478
6935200,-6.331234,1.4489868,6.227051
6935210,-6.5180454,1.3927039,6.2258534
6935220,-6.547983,1.1891272,6.2162733
6935230,-6.541996,1.0693762,6.2486057
6935239,-6.3982944,1.0693762,6.43422
6935249,-6.5060706,1.0921289,6.5743284
6935259,-6.4641576,1.0370435,6.709647
6935269,-6.546786,1.0705737,6.929989
6935279,-6.540798,1.0538086,6.8725085
6935288,-6.589896,0.92807007,7.0485425
6935298,-6.5863037,0.979563,7.0221972
6935308,-6.668932,1.101709,6.9503465
6935318,-6.4881077,1.0753638,5.9540186
6935327,-6.5791187,1.2789404,6.483318
6935337,-6.4306273,1.1771522,6.8509536
6935347,-6.4102697,1.2406201,6.9036436
6935357,-6.3923073,1.1352392,6.873706
6935366,-6.5384035,0.9196875,6.8976564
6935376,-6.4713426,0.7364685,6.9204087
6935386,-6.4869103,0.613125,6.9096313
6935396,-6.4234424,0.6274951,6.8042507
6935406,-6.3994923,0.46343628,6.864126
6935415,-8.034093,3.6045043,3.7553906
6935425,-9.638756,1.3950989,5.6163206
6935435,-4.806804,0.014370117,7.294032
6935445,-4.3493557,-0.613125,8.103549
6935454,-4.463119,-0.09580078,8.238867
6935464,-4.301455,1.1508069,7.740703
6935474,-5.3313136,2.6716442,6.365962
6935484,-7.582632,2.9470716,4.6990285
6935493,-8.293953,2.259701,4.9433203
6935503,-7.692803,1.7663269,5.2882032
6935513,-6.915619,1.1448194,5.4342995
6935523,-6.325247,0.798739,5.769602
6935533,-5.846243,0.5053491,6.043832
6935542,-5.5732102,0.2562671,6.077362
6935552,-5.6462584,0.25387207,6.2150755
6935562,-5.8019347,0.18681152,6.0965223
6935572,-6.079757,0.2562671,6.051017
