17673781,-5.344486,-2.5973988,3.9877076
17673791,-5.125342,-2.6213489,3.7242553
17673889,-2.8321106,-9.607621,7.5467067
17673898,-2.8596532,-9.20406,7.6496925
17673908,-3.0644274,-9.017248,6.9587293
17673918,-3.5122962,-8.947793,6.4497876
17673928,-3.6428246,-8.81008,5.9468336
17673938,-3.7194653,-8.514295,5.031936
17673947,-3.4967284,-8.143066,3.9948926
17673957,-3.3482373,-7.5754466,3.5721717
17673967,-3.202141,-6.6306114,3.258424
17673977,-2.9147387,-5.4953723,3.4775684
17673986,-2.5758436,-4.695436,3.5410364
17673996,-2.290836,-4.6738806,3.2189062
17674006,-1.9363732,-5.50615,2.711162
17674016,-1.8753003,-6.673722,2.2632935
17674026,-1.9172131,-8.0017605,1.9196081
17674035,-1.9435583,-8.968151,1.4022839
17674045,-1.4058765,-9.55972,0.40116578
17674055,-0.7484436,-9.75252,-0.7699988
17674065,-0.45505372,-10.42073,-1.9112256
17674074,-0.34488282,-11.157199,-2.2944288
17674084,-0.4071533,-11.996653,-3.4631982
17674094,-0.62031007,-12.410992,-4.7086086
17674104,-0.7137158,-12.218192,-5.726492
17674114,-0.66821045,-11.94995,-6.8820887
17674123,-0.76161623,-12.017011,-7.6305323
17674133,-0.82747924,-11.844569,-8.235274
17674143,-0.9029224,-11.481724,-9.717792
17674153,-1.8573376,-11.0757675,-8.356223
17674162,-4.5912523,-8.187374,-2.9482691
17674172,-5.771997,-7.286847,-4.3757005
17674182,-4.333788,-9.562116,-8.58854
17674192,-4.939728,-10.423125,-5.5756054
17674201,-4.614005,-11.864926,-8.23288
17674211,-3.617677,-10.746452,-9.287886
17674221,-2.7375073,-9.347761,-9.265133
17674231,-2.205813,-7.99697,-7.2856493
17674241,-2.1112096,-6.0833497,-3.326682
17674250,-1.4226416,-5.5265074,-3.6751575
17674260,-0.5879773,-5.661826,-4.4487486
17674270,-0.21076173,-7.8867993,-4.550537
17674280,0.40954834,-9.748927,-2.151925
17674289,0.14370117,-8.497529,0.34488282
17674299,-0.15687378,-7.1754785,-1.5723304
17674309,-0.33171022,-6.2881236,-2.814148
17674323,0.26824218,-7.05932,-3.202141
17674333,0.48379394,-8.751401,-2.8321106
17674343,0.66821045,-9.655521,-2.6644592
17674353,0.9903406,-8.448431,-2.9362938
17674362,0.68018556,-6.898854,-3.3290772
17674372,0.49097902,-6.644982,-3.3889527
17674382,0.35326537,-6.9539394,-3.3290772
17674392,0.552052,-7.259304,-4.9229627
17674401,1.3268409,-7.547904,-7.188651
17674411,1.6884887,-7.04495,-9.121432
17674421,1.3915063,-6.998247,-9.916578
17674431,0.8418494,-7.7538757,-9.626781
17674441,0.124541014,-7.387438,-8.135881
17674450,-0.5173242,-7.492819,-8.6280575
17674460,-1.3927039,-7.5227566,-8.014933
17674470,-2.1124072,-8.143066,-9.588461
17674480,-1.8142273,-8.428074,-10.051897
17674489,-0.63587767,-8.740623,-9.638756
17674499,0.26824218,-9.348959,-8.663983
17674509,0.9520203,-10.226733,-8.532257
17674519,1.0837463,-11.054213,-8.184979
17674529,0.7149133,-11.088941,-7.494016
17674538,0.027542725,-11.24342,-7.0784802
17674548,-0.735271,-10.736873,-6.492898
17674558,-1.3220508,-9.875863,-6.13125
17674568,-1.5723304,-7.8496766,-6.4402075
17674577,-0.9304651,-5.9755735,-7.0748878
17674587,-0.5783972,-6.199508,-7.1874537
17674597,-0.49816406,-7.2317615,-4.479884
17674607,-0.97597045,-7.7526784,-0.36404297
17674617,-1.8657203,-8.013736,1.6765137
17674626,-2.081272,-6.8018556,1.9734961
17674636,-1.6334033,-5.1935997,2.142345
17674646,-1.2370276,-4.4343786,2.6393116
17674656,-0.7161108,-5.358856,2.5399182
17674665,-1.1999048,-6.276149,3.8200562
17674675,-1.5435901,-5.315746,4.7445335
17674685,-0.6274951,-4.6080174,3.1075377
17674695,-0.53648436,-6.2737536,1.3651612
17674705,-1.7579443,-8.599318,0.7927515
17674714,-1.8681152,-10.166858,0.081430666
17674724,-0.9412427,-9.81958,-1.3879138
17674734,-0.25387207,-8.040081,-4.101471
17674744,0.82747924,-7.95386,-10.051897
17674753,1.1819421,-9.336984,-13.518688
17674763,-0.16765137,-11.284135,-14.39766
17674773,-1.104104,-12.376264,-15.213164
17674783,-1.4801221,-12.649296,-15.495776
17674792,-1.4154565,-12.122392,-14.834751
17674802,-0.2562671,-10.465038,-12.836107
17674812,0.54606444,-11.241024,-13.937817
17674822,-0.95441526,-11.732003,-10.830278
17674832,-1.2861255,-11.612252,-9.182505
17674841,-1.5495776,-10.39199,-7.3826475
17674851,-1.7411792,-6.212681,-4.8570995
17674861,-0.57001466,-3.8966968,-5.170847
17674871,-0.5412744,-6.2474084,-4.518204
17674880,-1.4322217,-8.55022,-1.9136206
17674890,-0.671803,-7.339537,1.6166382
17674900,-0.90052736,-6.043832,4.5601172
17674910,-1.9040406,-5.884563,5.6797886
17674920,-2.2345533,-5.26066,6.5839086
17674929,-1.8238074,-6.004314,5.771997
17674939,-2.010619,-8.129894,3.1638207
17674949,-2.330354,-8.885523,2.0657043
17674959,-2.4525,-8.823252,1.0442286
17674968,-2.5997937,-7.6892104,1.900448
17674978,-2.1579125,-6.6497717,0.81550413
17674988,-1.3112732,-6.0474243,-0.19040406
17674998,-0.40116578,-4.834347,0.23710693
17675008,0.87657714,-6.236631,-3.551814
17675017,0.85382444,-8.01134,-8.608898
17675027,1.1220666,-9.726174,-14.817986
17675037,-1.1005114,-10.785971,-15.370038
17675047,-4.4978466,-11.214679,-15.433506
17675056,-5.8246875,-11.231444,-16.329243
17675066,-4.3912683,-12.147539,-16.761543
17675076,-2.0058289,-12.178675,-13.649217
17675086,-0.30057496,-11.120075,-11.927197
17675096,-0.18920654,-10.290201,-11.373948
17675105,-1.2777429,-9.756112,-9.741742
17675115,-2.4273522,-9.425599,-8.444839
17675125,-2.6800268,-8.619676,-7.515571
17675135,-2.1974304,-7.1994286,-6.570736
17675144,-1.2693603,-6.326444,-5.6821837
17675154,-1.4082714,-8.028106,-5.2558703
17675164,-2.3662794,-9.323811,-3.5685792
17675174,-2.0525317,-9.078321,-2.2489233
17675184,-1.0801538,-7.980205,0.4658313
17675193,-1.3867164,-7.97302,2.9889843
17675203,-2.1124072,-7.0796776,5.6223083
17675213,-1.9459534,-5.239105,6.236631
17675223,-1.2633728,-4.216432,5.2750306
17675232,-1.583108,-6.695277,1.9088305
17675242,-2.7710376,-9.190887,1.3519886
17675252,-3.0332923,-10.405163,1.1963123
17675262,-2.410587,-9.260343,2.2141955
17675272,-0.95441526,-8.293953,1.7028589
17675281,-0.4035608,-7.883207,-0.5400769
17675291,0.5712122,-7.164701,-0.80592406
17675301,-0.082628176,-5.0115786,-1.1316468
17675311,0.31135255,-3.8559813,-3.05844
17675320,0.36284545,-6.0546093,-4.8259645
17675330,-1.3364209,-8.947793,-6.441405
17675340,-2.2812562,-11.033855,-5.5133348
17675350,-3.248844,-14.289884,-7.0796776
17675360,-3.8464015,-16.587906,-8.404123
17675369,-3.3997302,-16.22027,-7.436536
17675379,-2.5842261,-12.998968,-5.3852015
17675389,-1.2945081,-11.133248,-6.316864
17675399,-1.7483642,-10.491383,-5.50615
17675408,-2.44771,-9.936936,-4.111051
17675418,-2.6405091,-10.293794,-3.857179
17675437,-3.1243029,-9.970467,-1.8142273
17675447,-2.9722192,-9.575288,-0.68497556
17675456,-2.5782385,-9.036408,-0.46223876
17675466,-2.0848646,-7.728728,0.63108766
17675476,-1.6034656,-6.9659142,2.2752686
17675486,-1.0753638,-7.228169,4.150569
17675495,-0.8107141,-7.904762,6.622229
17675505,-1.2178674,-7.5981994,7.465276
17675515,-1.3879138,-7.3275623,7.801776
17675525,-1.84656,-6.540798,6.5527735
17675535,-2.2537134,-4.973258,5.640271
17675544,-2.0417542,-3.2452514,5.924081
17675554,-1.7902771,-2.3507116,5.476212
17675564,-1.7842896,-3.1398706,5.2486854
17675574,-2.4560926,-4.6247826,5.2882032
17675583,-3.0524523,-5.8953404,5.449867
17675593,-3.0668225,-6.956334,4.8259645
17675603,-2.1770728,-7.458091,4.6319675
17675613,-1.287323,-8.028106,4.455934
17675623,-0.735271,-8.580157,4.9385304
17675632,-0.71850586,-9.18969,6.0390415
17675642,-1.4465919,-9.532178,5.910908
17675652,-2.518363,-9.241183,4.773274
17675662,-2.9422815,-8.635242,2.9758117
17675671,-3.1698084,-8.309521,1.2885205
17675681,-3.166216,-8.432864,-0.12933105
17675691,-3.434458,-8.770561,-0.5412744
17675701,-3.9410048,-9.017248,-0.08023316
17675711,-4.651128,-9.287886,0.85023195
17675720,-5.3337083,-9.53577,0.74365354
17675730,-5.3995714,-8.576565,-0.18561402
17675740,-5.3624487,-7.6940002,-0.9448352
17675750,-5.0570836,-7.4832387,-1.0502161
17675759,-4.4319835,-7.3299575,-0.27662477
17675769,-3.7853284,-8.054451,1.2933105
17675779,-3.7146752,-9.623188,2.572251
17675789,-3.2847693,-10.092612,3.7649708
17675799,-1.9255958,-10.4566555,2.290836
17675808,-1.7375866,-10.477013,0.6215076
17675818,-1.8058448,-10.45905,-1.0633887
17675828,-1.9794836,-10.870994,-2.095642
17675838,-1.9184107,-11.252999,-1.0789562
17675847,-1.275348,-11.35359,-0.19040406
17675857,-1.1891272,-11.735596,0.083825685
17675867,-1.1160791,-12.279265,0.9891431
17675877,-1.2933105,-12.017011,0.016765136
17675887,-1.3244458,-10.641071,0.033530273
17675896,-0.46223876,-12.684024,-4.9924183
17675906,-2.3758593,-12.979809,-3.8895118
17675916,-1.971101,-13.045671,-2.4704626
17675926,-0.7472461,-12.703183,-2.3004162
17675935,-1.1639795,-11.36796,-1.5328125
17675945,0.1844165,-9.970467,-1.7220191
17675955,0.7807764,-11.876902,-3.38536
17675965,0.9675879,-13.134287,-4.0535707
17675975,0.13891113,-10.909314,-2.9913795
17675989,-2.098037,-6.1767554,-1.299298
17675999,-0.66821045,-2.4345374,-2.4225624
17676008,-1.4262341,-1.2909155,-3.0524523
17676018,-1.1472144,-2.5399182,-1.475332
17676028,-0.4790039,-5.2558703,-0.49576905
17676038,-0.35326537,-6.1599903,0.37841308
17676047,-1.0190808,-4.60203,-0.18082398
17676057,-0.37362304,-3.0979578,-0.7604187
17676067,-0.8298743,-2.7710376,-2.8404932
17676077,-1.5807129,-3.7613783,-3.4152977
17676086,-1.2729529,-4.5708947,-3.8799317
17676096,-0.94363767,-5.1624646,-4.190087
17676106,-0.8681946,-6.9455566,-6.692882
17676116,-1.2681628,-9.651929,-8.120314
17676126,-2.032174,-13.317506,-9.238788
17676135,-3.119513,-13.695919,-8.483159
17676145,-1.6884887,-11.581117,-9.501042
17676155,-1.1687695,-7.782616,-8.819659
17676165,-0.68976563,-5.54926,-8.84361
17676174,-0.6873706,-5.6809864,-7.9742174
17676184,-1.3256433,-6.283334,-6.3695545
17676194,-2.1507275,-7.266489,-4.9014072
17676204,-1.7136365,-7.1599107,-5.2043777
17676214,0.28859985,-6.365962,-6.798263
17676223,2.6129663,-8.231682,-9.073531
17676233,1.5819104,-10.884167,-8.004155
17676243,0.43709105,-11.054213,-6.610254
17676253,-0.08023316,-11.789484,-6.6749196
17676263,-0.87178713,-11.110496,-7.8005786
17676272,-2.630929,-8.292755,-6.3468018
17676282,-4.028423,-7.260502,-6.949149
17676292,-3.36141,-6.326444,-7.266489
17676302,-1.0957215,-6.3851223,-7.7921963
17676311,0.33769774,-6.4569726,-7.570657
17676321,0.91489744,-8.206534,-8.073611
17676331,1.2370276,-8.690329,-7.450906
17676341,-1.045426,-9.681867,-7.550299
17676351,-1.9088305,-8.770561,-7.387438
17676360,-1.8226099,-7.8161464,-7.332352
17676370,-1.6801062,-8.376581,-7.09285
17676380,-1.3627661,-8.5083065,-7.3682775
17676390,-1.6477734,-6.910829,-7.084468
17676399,-2.0381615,-6.598279,-6.9970493
17676409,-1.9088305,-7.523954,-6.915619
17676419,-1.5172448,-7.9909825,-7.35271
17676429,-1.1388317,-7.7933936,-7.8544664
17676438,-1.047821,-7.4101906,-8.765772
17676448,-1.096919,-6.9898643,-9.632769
17676458,-1.5519726,-6.8317933,-8.86277
17676468,-2.0513341,-7.155121,-7.8029737
17676478,-2.14953,-7.037765,-6.6844997
17676487,-1.8788928,-7.010222,-5.7923546
17676497,-2.032174,-7.028185,-5.4271145
17676507,-2.3219714,-7.036567,-5.4726195
17676517,-2.9039612,-7.3491173,-5.452262
17676527,-3.446433,-6.053412,-5.021158
17676536,-2.9841943,-4.4595265,-5.676196
17676546,-2.2405407,-5.151687,-5.8414526
17676556,-1.7687219,-6.452183,-5.6953564
17676566,-0.93765014,-6.9587293,-5.48699
17676575,-0.1844165,-6.918014,-6.4354177
17676585,-0.23471192,-7.556287,-6.9754944
17676595,-0.90531737,-8.438851,-6.0546093
17676605,-1.5004797,-8.956176,-4.2439747
17676615,-1.4238391,-9.551338,-3.3530273
17676624,-1.4465919,-8.623268,-3.5530114
17676634,-1.2478051,-7.7419004,-4.794829
17676644,-0.5269043,-8.032895,-5.422324
17676654,-0.43349853,-8.137079,-6.0809546
17676663,-0.3903882,-7.32397,-7.01142
17676673,-0.47660887,-6.332432,-7.2090087
17676683,-0.47301635,-6.6377964,-7.491621
17676693,0.11615845,-7.68442,-7.289242
17676703,0.5879773,-8.716674,-6.8042507
17676712,0.39637575,-9.893826,-5.7121215
17676722,-1.3136683,-9.054371,-3.4715807
17676732,-2.386637,-9.720187,-1.9507434
17676742,-4.785249,-11.854149,2.4800427
17676751,-7.625742,-12.131971,7.2904396
17676761,-8.696316,-11.991863,5.012776
17676771,-5.5947657,-8.948991,1.1747571
17676781,-1.5399976,-9.687854,-2.379452
17676791,0.1353186,-11.952345,-3.7110827
17676800,0.95441526,-13.997692,-5.47741
17676810,0.81670165,-15.981965,-6.860533
17676820,0.37841308,-16.890875,-6.764733
17676830,0.07185058,-16.51366,-5.6019506
17676839,-1.4537768,-14.013259,-1.4992822
17676849,-4.336183,-8.49274,-0.72808594
17676859,-3.690725,-4.4954515,-1.8082397
17676869,-3.505111,-0.2323169,-0.53169435
17676879,-3.3039293,2.8105555,0.022752685
17676888,-2.711162,2.6788294,-0.4670288
17676898,-2.15911,-0.98674804,-1.5567627
17676908,-2.5686584,-4.3840833,-0.0059875487
17676918,-3.0296998,-7.060518,0.9172925
17676927,-2.6979895,-8.323891,2.6417065
17676937,-2.208208,-9.1130495,4.047583
17676947,-2.6512866,-11.511662,3.3015344
17676957,-3.8428087,-13.432467,2.4201672
17676967,-4.3278003,-13.240866,2.9482691
17676976,-4.052373,-13.422887,3.3650024
17676986,-4.5840673,-12.244537,5.6318884
17676996,-4.728966,-10.465038,6.119275
17677006,-4.2224193,-9.308244,4.3864784
17677015,-3.5530114,-6.5946865,2.3459215
17677025,-2.0501368,-5.7911572,-1.3495935
17677035,-1.223855,-4.9373326,-2.2309606
17677045,-1.275348,-3.214116,1.3004956
17677054,-1.033451,-3.1674132,3.307522
17677064,-0.6251001,-3.410508,3.514691
17677074,-0.37122804,-3.3805702,2.1531227
17677084,-0.66342044,-3.1135254,1.7591418
17677094,-0.9089099,-4.714596,0.37362304
17677103,-0.9927356,-6.6354017,-0.013172608
17677113,-0.8298743,-7.850874,-0.7089258
17677123,-0.92687255,-8.2233,-0.55803955
17677133,-1.0753638,-9.114246,-0.2706372
17677143,-2.088457,-10.736873,1.353186
17677161,-3.2081287,-11.565549,3.2644117
17677171,-4.6175976,-11.124866,4.8523097
17677181,-6.0977197,-10.881771,5.3624487
17677191,-6.524033,-10.663824,4.296665
17677200,-5.892946,-9.614806,4.667893
17677210,-4.87626,-8.440049,4.8091993
17677220,-4.287085,-7.244934,4.5050316
17677230,-5.2415004,-5.445077,6.484515
17677239,-7.1263804,-4.0559654,8.466394
17677249,-7.5658665,-2.838098,9.885443
17677259,-6.6629443,-3.1051428,10.491383
17677269,-4.8990126,-4.997208,9.875863
17677279,-3.2081287,-6.4964905,9.051976
17677288,-2.4764502,-5.7384667,8.9022875
17677298,-2.0800745,-3.6368372,9.277108
17677308,-1.9136206,-2.635719,9.602831
17677318,-1.5711328,-4.179309,9.794433
17677327,-1.2154725,-6.8772984,8.854387
17677337,-1.0609937,-8.093968,9.022038
17677347,-1.2621753,-7.2808595,8.7897215
17677357,-2.445315,-4.912185,9.414822
17677367,-3.4871485,-1.961521,9.004076
17677376,-4.343368,-0.09460327,8.904682
17677386,-4.743336,0.55803955,7.7909985
17677396,-4.7157936,0.5412744,5.612728
17677406,-4.205654,-0.07783814,3.7757483
17677415,-3.9410048,-0.5484595,4.2272096
17677425,-3.9002893,-1.0023156,6.6258216
17677435,-4.4439588,-1.6956738,8.370593
17677445,-5.342091,-2.9746141,7.739506
17677455,-5.9061184,-3.8487964,6.3815293
17677464,-6.199508,-4.0332127,5.076244
17677474,-5.825885,-3.2692018,3.5242712
17677484,-5.300178,-2.3710694,2.4656725
17677494,-5.197192,-1.7639319,2.5938063
17677503,-5.4582496,-2.1650977,3.05844
17677513,-5.229525,-3.1698084,2.9937744
17677523,-5.2678456,-4.7936316,1.6142431
17677533,-5.604346,-6.0150914,0.368833
17677543,-5.3708315,-7.004235,-1.6369958
17677552,-4.7397437,-7.5191636,-3.4164953
17677562,-4.1517663,-8.315508,-4.721781
17677572,-3.458408,-9.255553,-5.1061816
17677582,-2.7482848,-10.43989,-5.2343154
17677591,-2.2381458,-11.561956,-4.5613146
17677601,-2.1555176,-12.066109,-3.549419
17677611,-2.6680517,-11.1320505,-3.5877392
17677621,-2.6560767,-10.293794,-4.372108
17677630,-2.523153,-10.352472,-4.5349693
17677640,-2.3099964,-10.441088,-4.540957
17677650,-1.5244299,-10.006392,-4.8810496
17677660,-0.27183473,-10.882969,-5.726492
17677670,0.4418811,-11.813434,-7.5287437
17677679,0.4514612,-11.597882,-6.2881236
17677689,1.2442126,-12.280462,-5.5384827
17677699,1.8285974,-12.342733,-5.045109
17677713,0.552052,-12.843292,-4.038003
17677723,0.27303222,-12.903168,-3.6236646
17677733,-0.72808594,-12.615766,-2.7291248
17677743,-1.8178198,-12.269685,-2.0800745
17677752,-2.6464965,-12.57984,-2.191443
17677762,-2.9602442,-12.384646,-2.1016297
17677772,-2.1962328,-11.572735,-2.9279113
17677782,-1.8178198,-10.427915,-3.8332288
17677792,-1.729204,-9.22322,-4.916975
17677801,-1.5399976,-8.375383,-5.0630713
17677811,-1.8441651,-8.341853,-4.912185
17677821,-2.1567152,-8.435259,-5.0415163
17677831,-2.0166063,-9.062754,-4.2978625
17677840,-1.7315991,-10.256671,-3.6009119
17677850,-1.541195,-11.658955,-2.7231371
17677860,-1.2154725,-13.100757,-2.4692652
17677870,-1.1951147,-13.729449,-2.191443
17677880,-1.4597644,-13.372592,-1.3184582
17677889,-1.597478,-12.097243,-0.9891431
17677899,-2.242936,-11.254197,-0.64066774
17677909,-3.5242712,-10.116563,-0.5831873
17677919,-5.0475035,-5.471422,-1.0286609
17677928,-2.884801,-4.174519,-3.8655615
17677938,-0.7137158,-6.295309,-4.2715173
17677948,0.53049684,-10.226733,-4.404441
17677958,0.70174074,-13.948594,-4.5229945
17677968,0.49337402,-15.189214,-3.1159203
17677977,0.7843689,-14.651532,-2.374662
17677987,0.1101709,-12.92113,-0.83825684
17677997,-1.7663269,-10.455458,-0.18561402
17678007,-2.8967762,-8.128696,-1.3076806
17678016,-3.9410048,-6.3839245,-0.58198977
17678026,-4.405638,-4.8822474,-0.23471192
17678036,-4.5158095,-3.7649708,-1.1064991
17678046,-4.6080174,-3.126698,-1.4334192
17678055,-4.1948767,-2.9374914,-0.7388635
17678065,-3.6643798,-2.938689,0.53528684
17678075,-3.2093263,-3.1757958,1.8645227
17678085,-3.197351,-3.446433,3.2117212
17678095,-3.36141,-3.1985486,4.9505053
17678104,-3.612887,-3.314707,5.606741
17678114,-4.118236,-4.782854,4.870272
17678124,-4.687053,-6.1156826,3.5901344
17678134,-5.6223083,-6.452183,3.8044884
17678143,-5.8833656,-7.176676,3.0871801
17678153,-4.7373486,-6.605464,2.5243506
17678163,-3.6068995,-6.245013,2.5375233
17678173,-2.8764184,-6.222261,2.515968
17678183,-2.7830126,-6.0498195,2.738705
17678192,-3.5015185,-5.0008006,3.6033068
17678202,-4.9768505,-4.6343627,4.5217967
17678212,-5.932463,-4.2655296,4.9205675
17678222,-6.0785594,-3.7015028,5.322931
17678231,-4.7816563,-4.8020144,4.6319675
17678241,-2.7913952,-6.377937,4.1002736
17678251,-1.4429992,-7.870034,4.035608
17678261,-1.3400134,-9.222023,4.3924656
17678271,-1.9136206,-10.032737,3.9625597
17678280,-3.561394,-10.923684,3.6895275
17678290,-4.8032117,-10.904524,4.118236
17678300,-4.455934,-10.142908,5.48699
17678310,-3.617677,-8.95378,7.171886
17678319,-2.503993,-7.2880445,8.089178
17678333,-2.1806653,-5.795947,8.307125
17678343,-2.2046156,-5.031936,7.7838135
17678352,-1.6274158,-5.1037865,6.1108923
17678362,-2.5518932,-5.134922,7.6472974
17678372,-4.5146117,-7.7682457,11.779903
17678382,-1.5543677,-9.584868,9.988429
17678391,-1.7220191,-8.440049,6.6018715
17678401,-2.9087512,-6.5599585,5.24629
17678411,-2.14953,-5.1720448,5.5612354
17678421,-1.0885364,-5.0966015,8.174202
17678431,-1.6741186,-5.8031325,10.715318
17678440,-2.4513025,-6.2330384,9.370514
17678450,-2.7195446,-5.8965383,4.9852333
17678460,-3.5949242,-3.5961218,5.21276
17678470,-4.555327,-1.7411792,6.0737696
17678479,-4.2260118,-1.4992822,5.3373013
17678489,-3.6607873,-2.1411474,4.7696815
17678499,-3.570974,-3.9026842,4.8235693
17678509,-3.6332445,-5.8666005,5.412744
17678519,-3.3494349,-7.5838294,6.1552
17678528,-3.2428565,-8.883127,7.5467067
17678538,-3.7637732,-8.883127,8.338261
17678548,-4.9576902,-7.467671,9.656719
17678558,-5.419929,-6.580316,9.010063
17678567,-4.01525,-5.781577,8.248447
17678577,-3.6524048,-6.0079064,8.832832
17678587,-3.4727783,-5.7684045,9.612411
17678597,-2.894381,-6.4485903,8.231682
17678607,-2.2704785,-7.452103,7.191046
17678616,-1.6010705,-7.658075,6.8677187
17678626,-1.5663428,-6.644982,6.678512
17678636,-2.3614893,-5.2750306,6.206693
17678646,-3.6512072,-4.5936475,4.7157936
17678655,-5.2235374,-4.254752,3.9553747
17678665,-6.444998,-4.821174,5.259463
17678675,-6.636599,-6.516848,6.724017
17678685,-5.508545,-7.042555,6.4330225
17678695,-3.747008,-6.3767395,5.7348742
17678704,-2.6488917,-5.6797886,5.581593
17678714,-1.6669335,-4.9014072,5.527705
17678724,-0.8095166,-4.287085,3.857179
17678734,-0.7256909,-3.5326538,2.7171497
17678743,-1.287323,-2.7782226,2.962639
17678753,-2.577041,-2.5051904,3.7637732
17678763,-4.1864944,-2.962639,3.1769934
17678773,-5.4750147,-3.9709425,1.5100598
17678783,-6.844966,-4.7541137,1.343606
17678792,-7.316785,-4.678671,2.7961853
17678802,-6.8868785,-4.006868,3.1590307
17678812,-6.1815453,-3.5338514,2.2118006
17678822,-5.395979,-3.6356397,0.9903406
17678831,-4.6259804,-4.1218286,-0.3580554
17678841,-4.047583,-4.517007,-0.26704466
17678851,-3.5506165,-5.595963,-0.16286133
17678861,-3.1997461,-6.1204724,-0.64665526
17678871,-3.0308971,-6.2725563,-1.705254
17678880,-3.4081128,-6.41506,-2.1195922
17678890,-3.3865576,-6.6797094,-2.8548632
17678900,-3.1231055,-6.45817,-3.8308337
17678910,-2.8440857,-6.546786,-6.267766
17678919,-2.2189856,-7.458091,-9.123827
17678929,-2.0369642,-9.206455,-8.981323
17678939,-1.4525794,-11.444601,-9.207653
17678949,-1.4609619,-13.50312,-8.480764
17678958,-1.2549902,-16.155603,-7.9826
17678968,-0.067060545,-18.167421,-7.67484
17678978,1.1747571,-18.245258,-5.3612514
17678988,1.8585352,-16.775915,-2.5315356
17678998,1.8693128,-15.311359,-1.4106665
17679007,2.1124072,-13.715079,-2.269281
17679017,2.1830604,-13.019326,-2.9159362
17679027,1.2154725,-13.578564,-3.866759
17679037,0.14609618,-14.707815,-3.9709425
17679046,-0.083825685,-15.079043,-3.7553906
17679056,-0.2335144,-14.736555,-3.676355
17679066,-0.41314086,-13.917459,-3.7553906
17679076,-0.429906,-12.143947,-2.8572583
17679086,-2.6692493,-10.898537,0.7209009
17679101,-4.3074427,-11.742781,2.347119
17679111,-4.245172,-11.999048,1.1124866
17679121,-3.1985486,-11.624228,-2.3135889
17679131,-2.6644592,-10.318942,-3.36141
17679141,-2.1064196,-9.783655,-4.543352
17679150,-1.9375708,-10.293794,-6.0570045
17679160,-2.5926087,-10.10339,-4.9157777
17679170,-3.1434631,-8.867559,-3.2524366
17679180,-2.3902295,-7.94907,-3.7434156
17679189,-1.2430152,-9.707014,-5.6366787
17679199,-0.4430786,-10.600356,-5.428312
17679209,-0.24069947,-10.517728,-4.7768664
17679219,-1.4645544,-7.543114,-2.863246
17679229,-1.1783496,-6.1959157,-3.97693
17679238,-1.3124707,-6.001919,-3.2955468
17679248,-0.95321774,-7.5023985,-2.757865
17679258,-1.531615,-9.691446,-2.0704944
17679268,-2.2201831,-11.171569,0.17962646
17679277,-2.102827,-12.3068075,1.5843054
17679287,-1.6417859,-13.662389,2.0776794
17679297,-2.8452833,-14.438375,2.5219555
17679307,-4.228407,-11.9619255,-0.11256592
17679317,-3.549419,-6.910829,-2.7949877
17679326,-3.2177088,-3.117118,-2.9710217
17679336,-3.7266505,-1.9627185,-3.1015503
17679346,-3.9853125,-1.5364051,-2.8416908
17679356,-3.3877552,-2.6836195,-2.3135889
17679365,-2.8249254,-4.813989,-0.4682263
17679375,-2.9686267,-6.492898,3.0776
17679385,-2.8177404,-7.789801,5.0738487
17679395,-3.0919702,-8.674761,4.990023
17679405,-3.4679883,-8.497529,4.1709266
17679414,-3.427273,-7.8305163,2.8440857
17679424,-3.145858,-6.940767,1.4322217
17679434,-3.549419,-6.6701293,1.585503
17679444,-4.1026683,-6.798263,3.4943335
17679453,-4.1290135,-6.2641735,5.325326
17679463,-3.7829332,-6.541996,5.007986
17679473,-3.3566198,-7.004235,3.969745
17679483,-3.2165112,-6.234236,4.157754
17679493,-3.4596057,-5.330116,4.884642
17679502,-3.8080812,-4.3421702,4.883445
17679512,-3.3362622,-3.2009437,4.716991
17679522,-1.6801062,-3.5625916,0.6394702
17679532,-0.58558226,-4.5158095,-0.26704466
17679541,-0.8322693,-6.0737696,2.1483326
17679551,-0.12573853,-7.465276,4.2176294
17679561,1.2346326,-7.874824,3.2452514
17679571,1.4394068,-8.88672,0.5831873
17679581,-0.039517824,-9.111852,-1.8178198
17679590,-1.2825329,-9.607621,-4.4511437
17679605,-4.01525,-11.777509,-4.8726673
17679615,-6.1552,-14.756913,-1.7531543
17679625,-2.46687,-15.904127,2.166295
17679635,1.1939173,-16.207098,3.849994
17679645,-0.59755737,-16.822617,4.0906935
17679654,-2.2309606,-15.034735,4.3062453
17679664,-2.45729,-11.921209,0.92687255
17679674,-2.5518932,-8.983718,-0.082628176
17679684,-2.4584875,-6.5431933,1.8034497
17679693,-4.5445495,-6.2031007,2.6297314
17679703,-6.5192432,-8.073611,3.3997302
17679713,-4.142186,-9.313033,0.53049684
17679723,-1.7974621,-10.433903,-2.7878027
17679733,-3.4751732,-11.636203,-0.79993653
17679742,-1.9435583,-12.2146,1.355581
17679752,0.43469605,-11.429033,1.3232483
17679762,0.37721556,-9.962084,2.1136048
17679772,0.13891113,-9.262738,2.5099804
17679781,-1.0322534,-7.757468,3.9386096
17679791,-1.2502002,-9.029223,3.1566358
17679801,-0.9412427,-10.542876,1.9303857
17679811,-0.6885681,-9.763297,3.5530114
17679821,0.3305127,-7.5371265,3.9314246
17679830,0.7268884,-6.2653713,2.4261549
17679840,0.66940796,-6.666537,0.017962646
17679850,0.3927832,-7.1024303,0.57480466
17679860,0.37003052,-7.291637,-0.53169435
17679869,0.18202148,-8.916657,-5.0307384
17679879,-1.101709,-9.748927,-6.4330225
17679889,-1.2513977,-9.524993,-7.4880285
17679899,-2.0549269,-9.742939,-10.037527
17679909,-3.1793885,-10.3512745,-12.640913
17679918,-3.930227,-10.702145,-14.309044
17679928,-3.446433,-10.322535,-15.245497
17679938,-2.6668541,-10.005194,-13.71987
17679948,-2.327959,-9.717792,-13.77256
17679958,-1.9639161,-9.325008,-13.237273
17679967,-1.6226257,-9.438772,-12.3774605
17679977,-1.9208057,-8.875942,-9.820778
17679987,-1.8800904,-7.7251353,-8.053253
17679997,-1.3424084,-5.7384667,-5.846243
17680006,-1.3028907,-5.9001307,-6.2031007
17680016,-1.9579284,-6.5036755,-5.877378
17680026,-0.85382444,-7.1096153,-3.676355
17680036,-0.7747888,-7.3826475,1.3184582
17680046,-1.0729687,-5.703739,5.1037865
17680055,-1.2466077,-4.6666956,5.8270826
17680065,-1.592688,-4.3230104,6.165978
17680075,-1.4142591,-4.6738806,4.843927
17680085,-2.4297473,-6.079757,3.5039136
17680094,-2.8740234,-6.0965223,4.5888577
17680104,-1.9315833,-6.2007055,3.1003528
17680114,-1.1759546,-6.0330544,1.4537768
17680124,-2.1183949,-5.698949,-0.87657714
17680134,-2.4692652,-5.9145007,-2.7710376
17680143,-2.027384,-5.3923864,-5.909711
17680153,-0.8214917,-5.0846267,-7.4880285
17680163,-0.803529,-6.525231,-13.547428
17680173,-2.445315,-6.836583,-16.419056
17680182,-3.6595898,-8.101153,-19.739752
17680192,-4.3206153,-9.9010105,-20.278631
17680202,-4.460724,-12.490026,-19.175724
17680212,-2.337539,-12.848083,-16.12926
17680222,0.2814148,-11.04104,-12.978611
17680231,1.2154725,-10.087822,-11.691288
17680241,0.26225463,-10.212363,-10.147697
17680251,-1.1807446,-8.576565,-6.229446
17680261,-0.8586145,-6.5767236,-5.5265074
17680270,-1.0238708,-6.6473765,-6.6401916
17680280,-1.4873071,-8.307125,-6.3611717
17680290,-1.1843371,-9.396859,-5.9145007
17680300,0.16046631,-8.596923,-2.6800268
17680310,0.6502478,-7.858059,1.0011182
17680319,0.61552,-7.4054003,2.4093897
17680329,-1.0418335,-6.4725404,4.5852647
17680339,-2.3674767,-4.9205675,5.816305
17680349,-3.0560448,-5.271438,4.594845
17680358,-3.119513,-6.4629602,4.3589354
17680368,-2.6273365,-7.5119786,4.877457
17680378,-1.9351758,-7.5443115,4.4667115
17680388,-1.6429834,-7.3215747,2.7866051
17680398,-1.2394226,-6.484515,0.46942383
17680407,-0.62031007,-5.1528845,-0.6873706
17680417,0.4682263,-4.0044727,-5.4606447
17680427,1.7998571,-5.1552796,-11.03146
17680437,1.0142908,-8.083191,-16.995058
17680446,-1.096919,-9.595646,-14.554534
17680456,-4.3960586,-10.995535,-10.98356
17680466,-5.635481,-11.144026,-14.822776
17680476,-5.0475035,-11.296109,-15.695761
17680486,-2.5207582,-11.1320505,-12.090058
17680495,-0.07304809,-10.638677,-10.311756
17680505,0.029937744,-9.801618,-10.309361
17680515,-0.8214917,-8.641231,-10.065069
17680525,-1.9459534,-7.7299256,-8.842412
17680534,-3.0728102,-7.3119946,-7.442523
17680544,-2.687212,-7.026987,-6.676117
17680554,-1.9279907,-7.555089,-6.10251
17680564,-1.7232165,-7.9766126,-4.26074
17680574,-1.6753162,-7.9909825,-2.208208
17680583,-1.6836988,-7.3287597,1.0633887
17680593,-1.3663586,-7.289242,3.7194653
17680603,-0.6251001,-7.150331,5.0115786
17680613,-0.45744872,-5.8953404,7.254514
17680622,-0.06346802,-5.5756054,7.6029897
17680632,-0.27662477,-8.265212,5.102589
17680642,-2.1411474,-11.448194,3.3039293
17680652,-2.863246,-11.242222,3.1398706
17680662,-1.9124231,-9.285491,0.086220704
17680671,-0.5281018,-7.7921963,-1.7543519
17680681,0.4514612,-7.562274,-2.7710376
17680691,1.2981006,-7.077283,-1.2657678
17680701,1.2370276,-6.8186207,-2.950664
17680710,0.48618898,-6.9946547,-6.4713426
17680720,-1.1843371,-9.153765,-9.707014
17680730,-4.3613305,-10.932067,-9.292676
17680740,-4.7181883,-12.125984,-10.45426
17680749,-3.97693,-13.728252,-10.936856
17680759,-3.3949401,-14.728172,-10.417137
17680769,-2.6405091,-14.025234,-9.590856
17680779,-2.6009912,-11.212284,-6.3935046
17680789,-2.337539,-8.835227,-4.6619053
17680798,-2.9937744,-8.065228,-5.542075
17680818,-4.2583447,-7.8556643,-5.5312977
17680827,-4.6882505,-8.322693,-5.221143
17680837,-4.9720607,-8.376581,-3.5458264
17680847,-3.9877076,-7.8377013,-1.6729212
17680857,-2.7518775,-8.0508585,-0.5831873
17680866,-2.3638842,-8.693921,-0.31734008
17680876,-2.205813,-9.236393,0.3820056
17680886,-1.8681152,-9.066346,2.2165906
17680896,-1.771117,-8.430469,3.7589831
17680906,-2.1315675,-7.8101587,4.2248144
17680915,-2.5279431,-6.5503783,3.9469922
17680925,-2.4129822,-5.9683886,3.2787817
17680935,-2.4393275,-5.322931,3.453618
17680945,-2.0872595,-5.088219,3.8727465
17680954,-1.8573376,-4.883445,3.6188745
17680964,-1.5388,-4.8247666,4.0727305
17680974,-1.7160316,-5.7360716,4.1781116
17680984,-2.186653,-7.1994286,3.6488123
17680994,-2.3040087,-8.89151,2.4405248
17681003,-2.3902295,-10.330916,1.3519886
17681013,-2.1890478,-11.129656,0.7975415
17681023,-1.6884887,-11.035052,0.47301635
17681033,-1.4441968,-11.011103,0.0011975098
17681042,-1.3627661,-10.996732,0.41074586
17681052,-1.233435,-11.241024,0.6502478
17681062,-1.5364051,-11.578722,0.55803955
17681072,-2.1782703,-10.975177,0.4418811
17681082,-3.6092944,-9.916578,0.6095325
17681091,-5.013973,-8.157436,0.47181883
17681101,-5.51094,-6.9515443,-0.28859985
17681111,-5.5241127,-6.6797094,-0.9951306
17681121,-5.101392,-8.169412,-1.9938538
17681130,-3.8308337,-10.095007,-2.3028114
17681140,-2.3710694,-10.942844,-0.70533323
17681150,-1.6106507,-10.750045,0.43709105
17681160,-1.4849122,-9.412427,1.162782
17681170,-2.2501209,-8.161029,0.7735913
17681179,-2.5734484,-7.7430983,-0.9699829
17681189,-2.757865,-8.440049,-2.0657043
17681199,-2.003434,-9.693842,-1.3136683
17681209,-0.75562865,-11.018288,-1.287323
17681218,0.69096315,-12.449311,-1.4897021
17681228,1.3879138,-13.858781,-1.1268567
17681238,0.9089099,-13.639636,0.6730005
17681248,0.8813672,-14.08511,0.41912842
17681258,0.8586145,-14.692247,-1.5280224
17681267,-0.2574646,-14.526991,-1.9303857
17681281,-0.21076173,-14.97965,-2.0525317
17681291,1.1496093,-12.937896,-1.0765613
17681300,1.5471826,-10.005194,-2.4920177
17681310,0.49696654,-8.527467,-4.54934
17681320,-2.0333717,-6.551576,-4.206852
17681330,-3.0931678,-4.2272096,-3.3470397
17681340,-1.7100439,-4.990023,-5.612728
17681349,-2.3722668,-7.721543,-2.858456
17681359,-0.33889526,-9.233997,-2.1782703
17681369,0.99992067,-9.713001,-2.242936
17681379,0.31494507,-8.865165,-3.0991552
17681388,0.24908203,-6.7216225,-3.9960902
17681398,-0.77718383,-4.446354,-3.1207104
17681408,-0.99992067,-1.2573853,-2.330354
17681418,0.6430628,1.5627502,-4.998406
17681427,-0.66940796,3.1446607,-5.6570363
17681437,-1.1735595,0.35087037,-6.563551
17681447,-0.35925293,-5.742059,-8.084389
17681457,-1.0142908,-10.791958,-9.0148535
17681467,-1.5064673,-12.469669,-8.672366
17681476,-0.8143066,-11.303295,-8.137079
17681486,-1.0322534,-9.9644785,-9.341774
17681496,-1.8058448,-7.67484,-8.817265
17681506,-1.1160791,-5.3504734,-9.411229
17681515,-0.6478528,-4.4499464,-9.107061
17681525,-0.56881714,-5.572013,-7.789801
17681535,-0.71850586,-6.309679,-6.245013
17681545,-0.32332763,-6.446195,-6.3719497
17681555,0.49337402,-6.1300526,-7.179071
17681564,1.1771522,-5.4905825,-8.58854
17681574,2.0764818,-6.1540027,-10.263856
17681584,1.9232007,-9.222023,-8.908276
17681594,0.59635985,-11.3571825,-6.5527735
17681603,-0.57480466,-9.3381815,-5.604346
17681613,-0.4682263,-7.428153,-6.338419
17681623,-1.3184582,-7.897577,-6.189928
17681633,-1.3172607,-6.502478,-4.526587
17681643,-1.3364209,-5.518125,-6.4030848
17681652,-1.1064991,-4.6403503,-7.862849
17681662,-0.32811767,-3.8835242,-9.134604
17681672,0.183219,-4.357738,-11.693683
17681682,-0.18561402,-6.016289,-12.615766
17681691,-0.8705896,-8.9585705,-11.512859
17681701,-1.4034815,-10.987152,-10.211165
17681711,-1.4298266,-9.993219,-9.065149
17681721,-1.6717236,-8.117919,-9.254355
17681731,-1.9148182,-6.507268,-9.709409
17681740,-1.7471668,-5.1756372,-10.433903
17681750,-1.4346167,-4.223617,-11.417058
17681760,-1.53401,-3.6212695,-11.373948
17681770,-2.0285816,-3.742218,-10.047107
17681779,-2.4249573,-4.731361,-8.889115
17681789,-2.4333398,-5.7588243,-7.9670324
17681799,-1.7747095,-6.5120583,-7.7371106
17681809,-0.37721556,-6.859336,-8.193362
17681819,0.11136841,-6.7455726,-7.6688523
17681828,0.45984375,-6.8581386,-7.796986
17681838,-0.27901977,-7.2078114,-6.77072
17681848,-0.71730834,-7.620952,-7.3826475
17681858,-1.3280383,-7.926317,-6.8246083
17681867,-2.4824378,-6.739585,-4.839137
17681877,-1.1579919,-5.987549,-5.0570836
17681887,-0.14370117,-5.380411,-3.906277
17681897,-0.2969824,-6.7970653,-1.9291883
17681906,-0.62390256,-7.740703,-0.10777588
17681916,-1.4849122,-7.6496925,1.3220508
17681926,-0.80233157,-9.24238,0.5760022
17681936,-0.8801697,-11.354788,0.18202148
17681946,-1.5675403,-12.203822,-0.4047583
17681955,-1.8154248,-11.147618,-1.6405884
17681965,-1.3471985,-9.653126,-3.6571949
17681975,-0.6251001,-7.9514647,-4.1936793
17681985,-0.45625123,-6.725215,-4.6343627
17681994,-0.979563,-4.86189,-5.5169277
17682004,-0.859812,-2.193838,-6.157595
17682014,0.81191164,-1.4968872,-8.898695
17682024,1.9543359,-4.912185,-9.514215
17682034,0.82867676,-8.884325,-5.3480787
17682043,-1.890868,-12.062516,-3.7206628
17682053,-2.8740234,-13.48875,-4.277505
17682063,-3.4440382,-14.138998,-3.253634
17682073,-1.5100598,-11.176358,-5.8785753
17682082,0.0023950196,-7.171886,-8.562195
17682092,1.3100756,-3.7146752,-10.708133
17682102,1.8812878,-2.6213489,-12.437336
17682112,0.31135255,-4.3840833,-11.981085
17682122,-1.1460168,-7.7742333,-12.518767
17682131,-2.1327648,-9.286688,-11.527229
17682141,-2.266886,-7.7059755,-9.51661
17682151,-2.0848646,-6.053412,-8.957373
17682161,-1.299298,-4.812792,-9.938133
17682170,-1.0166858,-3.69312,-9.395661
17682180,-1.0346484,-3.37099,-9.309441
17682190,-1.477727,-4.035608,-8.841214
17682200,-2.0848646,-5.134922,-8.108338
17682210,-2.034569,-6.228248,-7.771838
17682227,-0.94842774,-6.788683,-7.5251513
17682237,-0.81550413,-6.661747,-6.2031007
17682247,-1.6657361,-6.268964,-2.7087672
17682256,-1.6813037,-7.3910303,-2.9183314
17682266,-0.94962525,-7.8089614,-5.8438478
17682276,-0.7472461,-6.678512,-7.397018
17682286,0.122145995,-6.604266,-8.549023
17682295,1.0825489,-6.6162415,-6.5431933
17682305,0.069455564,-6.1120896,-4.8582973
17682315,-1.2070899,-7.3095994,-4.0954833
17682325,-2.9159362,-7.613767,-1.4561719
17682334,-3.2644117,-7.4808435,-1.0262659
17682344,-1.778302,-8.26162,-1.8693128
17682354,-0.9687854,-9.566906,-1.7651294
17682364,-0.676593,-10.496173,-2.151925
17682374,-0.95441526,-10.368039,-3.9553747
17682383,-0.99872315,-9.248368,-5.6390734
17682393,-0.6586304,-7.7766285,-6.5060706
17682403,-1.1484119,-7.0341725,-5.957611
17682413,-1.7555493,-6.436615,-4.5864625
17682422,-0.9340576,-5.781577,-4.501439
17682432,0.041912843,-6.347999,-5.7360716
17682442,0.10777588,-8.423284,-6.41985
17682452,-0.6622229,-9.975256,-6.9132237
17682462,-2.0896544,-9.528585,-6.0498195
17682471,-1.7519568,-8.586145,-6.0318565
17682481,-0.37003052,-8.780142,-6.43901
17682491,0.11496094,-10.490186,-6.149213
17682501,-0.7041357,-11.35359,-6.431825
17682510,-1.780697,-10.372829,-7.08327
17682520,-1.8142273,-8.187374,-8.052055
17682530,-1.3052857,-6.986272,-8.465197
17682540,-0.93884766,-6.018684,-8.502319
17682550,-0.80592406,-5.464237,-8.217312
17682559,-1.0346484,-5.9204884,-7.4568934
17682569,-1.040636,-6.8006577,-6.980284
17682579,-0.8693921,-7.4832387,-6.5695386
17682589,-0.5005591,-8.083191,-7.1611085
17682598,-0.7364685,-8.187374,-7.9574523
17682608,-0.6969507,-7.6975927,-9.2747135
17682618,-1.1316468,-7.0976405,-10.091414
17682628,-1.7567468,-7.0162096,-10.139316
17682638,-2.4333398,-7.322772,-9.237591
17682647,-2.3902295,-7.852072,-8.869955
17682657,-2.1124072,-7.818541,-8.432864
17682667,-1.4992822,-7.6149645,-8.317903
17682677,-0.75562865,-7.538324,-8.036488
17682686,-0.3221301,-7.4544983,-7.5814342
17682696,-0.49097902,-8.052055,-7.486831
17682706,-0.79035646,-9.236393,-7.204219
17682716,-1.9220031,-9.995614,-5.0846267
17682726,-3.3602123,-8.946595,-0.14609618
17682735,-3.011737,-7.628137,0.37841308
17682745,-2.5411158,-7.479646,-1.1879296
17682755,-2.4237597,-8.358618,-0.5412744
17682765,-2.1830604,-8.850795,1.0897338
17682774,-2.2381458,-9.554931,2.0130138
17682784,-3.4117053,-9.717792,3.7901185
17682794,-4.3421702,-7.8891945,5.005591
17682804,-3.6092944,-6.1468177,3.317102
17682813,-2.459685,-4.733756,1.7040564
17682823,-1.7519568,-4.594845,0.39877075
17682833,-1.108894,-6.199508,0.083825685
17682843,-1.2142749,-7.6544824,0.6706055
17682853,-1.3998889,-8.187374,1.2789404
17682862,-1.4525794,-8.545429,1.1543994
17682872,-1.9902612,-8.108338,2.286046
17682882,-3.2919543,-8.931027,3.4404457
17682892,-4.2092466,-9.938133,2.933899
17682901,-4.1385937,-8.975336,1.2011023
17682911,-4.381688,-7.543114,1.2490027
17682921,-4.0535707,-6.6306114,2.4405248
17682931,-3.5554066,-6.5743284,3.7074902
17682941,-3.0943651,-6.8317933,4.4966493
17682950,-2.44292,-6.7288074,4.958888
17682960,-2.0489392,-5.9635987,5.647456
17682970,-2.7219398,-5.5312977,6.4473925
17682980,-3.8727465,-5.088219,6.4917006
17682989,-4.622388,-5.379214,4.2858872
17682999,-4.877457,-6.253396,2.15911
17683009,-4.9109874,-6.192323,2.46208
17683019,-4.7086086,-5.619913,3.8835242
17683028,-4.5050316,-5.339696,4.843927
17683044,-4.333788,-5.0331335,5.718109
17683053,-4.1948767,-5.22713,5.071454
17683063,-4.1637416,-5.7145166,3.9278321
17683073,-4.2799,-5.955216,4.5541296
17683083,-4.773274,-6.7324,5.8737855
17683092,-5.253475,-7.4616833,6.884484
17683102,-5.3408937,-7.3048096,7.308402
17683112,-5.2702403,-6.74677,7.877219
17683122,-4.348158,-5.4606447,8.478369
17683132,-2.1555176,-5.1205516,6.0270667
17683141,0.47660887,-6.0737696,1.0861413
17683151,1.5376025,-7.883207,-0.432301
17683161,0.9831555,-9.618399,0.8837622
17683171,0.15088624,-10.098599,3.3566198
17683180,-1.1532019,-10.5620365,3.6476147
17683190,-2.9710217,-11.105705,3.5757642
17683200,-3.9493873,-10.207573,3.2117212
17683210,-3.1614258,-7.812554,2.945874
17683220,-2.0441492,-5.981561,3.793711
17683229,-1.2885205,-5.613926,4.0811133
17683239,-1.3723462,-6.307284,3.9709425
17683249,-1.8944604,-7.7179503,3.9146595
17683259,-2.264491,-8.884325,4.5864625
17683268,-2.1076171,-8.87235,5.9923387
17683278,-1.5495776,-7.7251353,6.492898
17683288,-1.6801062,-6.8749037,6.0617943
17683298,-2.1159997,-7.005432,5.461842
17683307,-1.9926562,-7.6963954,5.2235374
17683317,-1.5986755,-8.103549,6.74198
17683327,-1.6525635,-8.253238,9.201665
17683337,-1.9112256,-7.301217,6.971902
17683347,-1.9064355,-5.710924,4.2978625
17683356,-3.0919702,-3.7625756,6.5719337
17683366,-3.9386096,-2.4560926,7.613767
17683376,-3.67396,-2.147135,6.5910935
17683386,-3.317102,-2.15432,6.9287915
17683395,-2.7135572,-2.8273206,6.8976564
17683405,-2.1710851,-4.309838,5.9923387
17683419,-2.0237916,-5.5995555,6.478528
17683429,-2.1112096,-6.7946706,7.8640466
17683439,-2.5027955,-6.941964,8.816067
17683449,-3.2153137,-7.0509377,9.713001
17683459,-3.2476466,-7.5934095,8.532257
17683468,-4.212839,-7.865244,10.268646
17683478,-4.00567,-7.437733,11.266171
17683488,-2.6908045,-8.158634,9.514215
17683498,-1.2621753,-8.6208725,8.176597
17683507,-0.24429199,-9.296268,7.156318
17683517,0.63108766,-9.298663,8.125104
17683527,0.9172925,-9.325008,8.332273
17683537,0.48020142,-9.2747135,8.558602
17683547,-0.36164796,-8.325088,10.358459
17683556,-1.155597,-7.5119786,10.588382
17683566,-1.1723621,-7.1850586,8.24725
17683576,-0.6706055,-6.795868,5.733677
17683586,-0.35925293,-6.0414367,4.679868
17683595,-1.2502002,-5.034331,6.3791347
17683605,-2.513573,-4.59245,7.33355
17683615,-3.2368689,-4.254752,5.548063
17683625,-3.0201197,-3.5338514,2.906356
17683634,-2.45729,-1.8812878,3.9278321
17683644,-2.6680517,0.05388794,8.3957405
17683654,-2.6009912,1.2801379,9.433982
17683664,-2.7542725,1.7579443,7.907157
17683674,-2.9937744,1.4908997,5.20797
17683683,-3.3410523,0.2945874,3.0907726
17683693,-3.9924974,-1.0645862,2.6752367
17683703,-4.4738965,-2.0549269,2.4069946
17683713,-4.719386,-2.4153771,3.1542406
17683722,-4.757706,-2.3147864,4.1565566
17683732,-4.8415318,-1.7687219,4.55892
17683742,-4.726571,-1.1759546,3.7805383
17683752,-4.8427296,-0.9424402,2.8764184
17683762,-5.0307384,-1.1244617,2.0249891
17683771,-5.053491,-1.4358143,0.8705896
17683781,-5.0355287,-2.569856,0.60354495
17683791,-5.269043,-5.0594788,0.065863036
17683801,-5.1612673,-7.835306,-0.5999524
17683810,-4.6906457,-9.701027,-0.4430786
17683820,-3.9002893,-10.306967,-0.31135255
17683830,-3.2153137,-10.12734,0.1472937
17683840,-2.5207582,-9.467512,-0.26105714
17683850,-2.071692,-9.348959,-0.8083191
17683859,-2.3327491,-9.5070305,-1.284928
17683869,-1.9459534,-9.661509,-1.1196716
17683879,-1.7627344,-9.930948,-1.0693762
17683889,-1.3388159,-10.341694,-0.9460327
17683898,-1.1328442,-11.25779,-1.8094373
17683908,-0.8190967,-12.504397,-2.8788135
17683918,-0.69216067,-12.955858,-3.126698
17683928,-0.305365,-12.941488,-3.3805702
17683938,-0.32452515,-12.571458,-3.3913476
17683947,-0.5269043,-11.247012,-3.9122643
17683957,-0.8466394,-9.753717,-4.9205675
17683967,-0.45984375,-8.904682,-6.6258216
17683977,-0.12573853,-8.29036,-7.369475
17683986,0.44547364,-8.624465,-8.038883
17683996,0.6730005,-9.80042,-8.066425
17684006,-0.16525635,-11.3643675,-8.133487
17684016,0.31015503,-13.418097,-5.1037865
17684025,0.20836669,-16.069384,-3.5937269
17684040,-0.03592529,-16.91243,-1.8980529
17684050,0.66342044,-14.846726,-1.1124866
17684060,0.6993457,-13.562996,-1.3400134
17684070,0.11855347,-12.308005,-2.2249732
17684079,-0.8095166,-10.485395,-3.4308655
17684089,-1.7375866,-9.21364,-5.3217335
17684099,-1.5172448,-8.765772,-7.1311707
17684109,-0.9831555,-9.75252,-7.8161464
17684118,-0.6215076,-11.772718,-7.739506
17684128,-0.27303222,-12.860058,-7.113208
17684138,-0.29817992,-13.103152,-5.948031
17684148,-0.14010864,-12.60379,-4.6990285
17684158,-0.9592053,-11.254197,-3.0955627
17684167,-1.9639161,-9.742939,-2.4908204
17684177,-2.8057654,-8.388556,-1.5531702
17684187,-3.190166,-7.3838453,-0.0011975098
17684197,-3.2009437,-7.1371584,-0.1484912
17684206,-2.123185,-7.310797,-2.2297633
17684216,-2.1327648,-6.13125,-3.6679723
17684226,-1.1496093,-5.8103175,-4.078718
17684236,-0.5340893,-7.129973,-4.355343
17684246,-0.10059082,-8.63165,-3.1925611
17684255,0.15088624,-10.281818,-3.0296998
17684265,-0.46343628,-11.880494,-2.5004003
17684275,-1.2142749,-12.90676,-0.52091676
17684285,-1.8944604,-13.49833,0.9963281
17684294,-2.4800427,-12.809762,2.5926087
17684304,-2.4608827,-10.788365,1.6992663
17684314,-2.7087672,-8.404123,-0.23710693
17684324,-3.7901185,-5.4654346,-0.21914428
17684334,-4.714596,-2.8129504,1.2573853
17684343,-4.30864,-1.7794995,1.3256433
17684353,-3.5889368,-2.3147864,2.0249891
17684363,-3.5326538,-3.7314405,3.6021094
17684373,-3.861969,-5.4402866,4.7960267
17684382,-4.1170387,-6.9515443,4.667893
17684392,-4.142186,-7.9502673,3.615282
17684402,-3.8284388,-7.5670643,3.6883302
17684412,-3.6655774,-7.35271,4.101471
17684422,-3.5350487,-7.579039,4.1589513
17684431,-3.7242553,-7.404203,4.1709266
17684441,-4.091891,-7.05453,4.679868
17684451,-4.0392003,-6.413862,5.054689
17684461,-3.9781275,-5.654641,5.316943
17684470,-3.8368213,-4.982838,4.918173
17684480,-3.7745507,-5.003196,4.6092153
17684490,-3.410508,-5.384004,3.7565882
17684500,-2.9135413,-5.611531,2.9530592
17684510,-2.4716601,-5.6091356,2.767445
17684519,-1.9327807,-5.9707837,2.0213964
17684529,-1.4310242,-6.228248,1.2442126
17684539,-1.0885364,-6.2246556,1.4178516
17684549,-0.81670165,-6.149213,1.3855188
17684558,-0.8310718,-6.2713585,1.6896863
17684568,-0.9400452,-6.6078587,1.8812878
17684578,-0.6777905,-6.660549,0.86100954
17684588,-0.6119275,-6.4893055,1.0849439
17684602,-0.82747924,-7.682025,2.0920496
17684612,-0.34727782,-8.268805,2.9877868
17684622,0.88855225,-8.418493,0.31494507
17684631,0.21315674,-9.277108,1.0418335
17684641,-0.23950195,-10.671009,0.7041357
17684651,-0.91250247,-12.341536,0.50894165
17684661,-2.039359,-13.407319,1.2418176
17684670,-3.3434472,-13.48396,1.7112415
17684680,-3.8212538,-13.221705,0.37841308
17684690,-3.735033,-11.512859,-1.411864
17684700,-3.4763708,-9.817185,-1.7627344
17684710,-3.2751892,-9.820778,-1.3244458
17684719,-3.2835717,-10.309361,-0.5161267
17684729,-3.424878,-10.899734,0.2933899
17684739,-3.4308655,-11.330837,0.94962525
17684749,-2.9530592,-11.158396,1.6681311
17684758,-2.1112096,-10.736873,1.8872753
17684768,-1.6118481,-10.097403,1.6417859
17684778,-0.73048097,-9.825567,1.2789404
17684788,-0.21555176,-9.514215,1.5962806
17684797,0.25267455,-10.07465,1.5651453
17684807,0.29219237,-10.451865,1.4346167
17684817,-0.1484912,-9.774075,1.9806812
17684827,-1.0514135,-8.867559,2.7315197
17684837,-2.14474,-8.775352,2.2405407
17684846,-3.5757642,-9.317823,2.3902295
17684856,-3.9457946,-9.77647,3.4500256
17684866,-2.838098,-9.54535,4.893025
17684876,-1.3867164,-10.378818,3.8583765
17684885,-0.7244934,-10.639874,2.6668541
17684895,-2.8129504,-9.13221,1.8082397
17684905,-3.8260436,-6.4749355,0.33410522
17684915,-3.4284704,-3.7553906,-0.7484436
17684925,-2.7494824,-1.223855,-0.86699706
17684934,-2.0010388,-2.0010388,-4.8259645
17684944,-2.6153612,-4.475094,-6.302494
17684954,-2.8656409,-6.098917,-4.9229627
17684964,-1.4717395,-6.973099,-4.5469446
17684973,-1.2298425,-8.310718,-5.380411
17684983,-2.1339624,-9.414822,-6.1851377
17684993,-1.5699353,-9.820778,-7.3467226
17685003,-1.7639319,-10.926079,-8.4520235
17685013,-1.8106347,-11.2518015,-7.7227407
17685022,-1.113684,-9.672286,-7.3275623
17685032,-1.5747254,-7.7371106,-7.2006264
17685042,-1.1615845,-5.6342835,-7.9826
17685052,-1.3004956,-4.6523256,-8.434061
17685061,-1.1280541,-3.9805224,-7.2485266
17685071,0.27422974,-4.851112,-7.1946387
17685081,0.7364685,-7.3610926,-7.9358974
17685091,-0.04430786,-9.649533,-8.412506
17685100,-1.1903247,-9.765692,-8.355025
17685110,-1.8429675,-7.691605,-8.514295
17685120,-2.0405567,-6.1276574,-8.913065
17685130,-1.9351758,-5.619913,-9.164542
17685140,-1.595083,-5.645061,-9.268725
17685149,-1.7208215,-6.387517,-8.481961
17685159,-2.1710851,-7.052135,-7.8939843
17685169,-2.1878502,-7.047345,-7.719148
17685179,-1.9962487,-7.084468,-8.081993
17685193,-1.712439,-7.181466,-8.210127
17685203,-1.6022681,-7.2652917,-8.303533
17685213,-1.5040723,-7.2461314,-8.230485
17685223,-1.7771045,-7.296427,-7.9933777
17685232,-2.2704785,-6.8808913,-7.6544824
17685242,-2.4824378,-5.8953404,-7.1922436
17685252,-2.6524842,-5.2007847,-7.1946387
17685262,-2.7279272,-4.799619,-7.100035
17685272,-2.7973828,-4.792434,-7.0186048
17685281,-3.2368689,-5.19839,-6.798263
17685291,-3.5793567,-5.692961,-6.6497717
17685301,-3.7565882,-6.0761647,-6.3683567
17685311,-3.4883459,-6.0342517,-6.4917006
17685320,-3.3805702,-6.192323,-6.873706
17685330,-3.7853284,-6.205496,-6.993457
17685340,-4.030818,-5.9767714,-7.133566
17685350,-4.0882983,-5.8019347,-7.220984
17685359,-4.2008643,-5.960006,-7.374265
17685369,-4.1026683,-5.9779687,-6.883286
17685379,-3.735033,-6.11688,-6.5994763
17685389,-3.549419,-6.0402393,-6.75156
17685399,-3.5961218,-5.8474402,-7.108418
17685408,-3.8356237,-5.716912,-7.4832387
17685418,-3.9086719,-5.476212,-7.923922
17685428,-3.9589672,-5.3133507,-8.049661
17685438,-3.7218604,-5.379214,-8.013736
17685447,-3.5266662,-5.743257,-7.9993653
17685457,-3.178191,-5.999524,-8.181387
17685467,-3.2045362,-6.2414207,-8.26641
17685477,-3.38536,-6.2881236,-8.198152
17685487,-3.4212854,-5.696554,-8.076006
17685496,-3.2189062,-5.095404,-7.6904078
17685506,-3.0644274,-5.7360716,-8.008945
17685516,-3.0153296,-6.41506,-7.3491173
17685526,-2.7051744,-6.910829,-6.993457
17685535,-2.5075855,-6.673722,-6.9850745
17685545,-2.650089,-6.051017,-7.03058
17685555,-2.9183314,-5.676196,-7.037765
17685565,-3.0560448,-5.358856,-7.150331
17685575,-3.1674132,-5.300178,-7.1658983
17685584,-3.2105236,-5.3289185,-6.915619
17685594,-3.239264,-5.5468655,-6.871311
17685604,-3.2201037,-5.52052,-6.7599425
17685614,-3.0380824,-5.4881873,-6.7767076
17685623,-2.9614418,-5.271438,-6.9874697
17685633,-3.0668225,-5.090614,-7.1778736
17685643,-3.2332764,-5.0846267,-7.4688683
17685653,-3.2727942,-5.20797,-7.6329274
17685662,-3.1889684,-5.3528686,-7.662865
17685672,-3.171006,-5.442682,-7.714358
17685682,-3.190166,-5.484595,-7.7921963
17685692,-3.2356713,-5.5708156,-7.7179503
17685702,-3.265609,-5.6330857,-7.756271
17685711,-3.258424,-5.52531,-7.848479
17685721,-3.3673975,-5.4043617,-7.7430983
17685731,-3.354225,-5.4342995,-7.7275305
17685741,-3.2644117,-5.3828063,-7.6856174
17685750,-3.171006,-5.5432725,-7.5526943
17685760,-3.1494508,-5.6558385,-7.3610926
17685770,-3.1278956,-5.771997,-7.316785
17685780,-3.1410682,-5.8977356,-7.254514
17685790,-3.1111305,-5.781577,-7.3778577
17685799,-3.2356713,-5.8402553,-7.508386
17685809,-3.1434631,-5.909711,-7.6736426
17685819,-3.08239,-5.8498354,-7.726333
17685829,-2.9614418,-5.891748,-7.6029897
17685838,-2.9123437,-5.567223,-7.5347314
17685848,-2.9171338,-5.485792,-7.562274
17685858,-2.9219239,-5.6893687,-7.6077795
17685868,-2.938689,-5.9061184,-7.5023985
17685877,-2.870431,-6.030659,-7.3910303
17685887,-2.994972,-6.0031166,-7.291637
17685897,-2.9291089,-5.9983263,-7.2904396
17685907,-2.821333,-6.1372375,-7.2018237
17685917,-2.8596532,-6.1599903,-6.957532
17685926,-2.7854078,-6.182743,-6.786288
17685936,-2.941084,-6.1540027,-7.101233
17685946,-3.2105236,-6.1863356,-7.0557275
17685956,-3.2943494,-6.2809386,-7.0233946
17685965,-3.2751892,-6.421047,-6.9611244
17685975,-3.4572108,-6.549181,-6.9120264
17685985,-3.6631823,-6.422245,-6.4641576
17685995,-3.5218763,-6.13125,-6.363567
17686005,-3.2895594,-6.309679,-6.0390415
17686014,-3.2500415,-6.9539394,-5.8342676
17686024,-3.37578,-7.555089,-5.572013
17686034,-3.6188745,-7.6496925,-5.292993
17686044,-3.754193,-7.5862246,-5.342091
17686053,-3.8140686,-7.8101587,-5.4115467
17686063,-4.061953,-7.956255,-5.7025414
17686073,-4.7517185,-7.806566,-5.492977
17686083,-4.9840355,-7.212601,-5.245093
17686093,-4.7050157,-6.700067,-5.0307384
17686102,-4.3780956,-6.495293,-4.64514
17686112,-4.162544,-6.779103,-4.188889
17686122,-4.0320153,-6.957532,-3.97693
17686132,-4.174519,-7.0174074,-4.096681
17686141,-4.3757005,-7.0341725,-4.2727146
17686151,-4.538562,-7.2808595,-4.252357
17686161,-4.742139,-7.7179503,-4.101471
17686171,-4.7696815,-7.8736267,-4.0116577
17686181,-4.92416,-7.904762,-4.0248303
17686190,-5.015171,-7.9059596,-4.091891
17686200,-5.093009,-7.8329115,-4.149371
17686210,-5.146897,-7.692803,-4.078718
17686220,-5.0498986,-7.885602,-3.7925134
17686229,-5.036726,-7.9358974,-3.3350646
17686239,-5.1229467,-7.9011693,-2.9362938
17686249,-5.16486,-7.7610607,-2.5710535
17686259,-5.3408937,-7.66526,-2.6369164
17686268,-5.254673,-7.5119786,-2.753075
17686278,-5.3480787,-7.2832546,-3.0225146
17686288,-5.395979,-6.995852,-3.1578333
17686298,-5.1780324,-6.915619,-3.0392797
17686308,-4.956493,-6.9695067,-3.0895753
17686317,-4.6355605,-7.2724767,-3.3518298
17686327,-4.373306,-7.3706727,-3.321892
17686337,-4.069138,-7.413783,-3.7458105
17686347,-3.8464015,-7.420968,-4.0535707
17686356,-3.7733533,-7.404203,-4.164939
17686366,-3.925437,-7.505991,-4.5158095
17686376,-3.8080812,-7.8317137,-4.531377
17686386,-3.446433,-8.23288,-4.3026524
17686396,-3.202141,-8.640033,-4.380491
17686405,-3.1925611,-8.85798,-4.6080174
17686415,-3.1410682,-8.463999,-4.702621
17686425,-3.2763867,-7.756271,-5.102589
17686435,-3.302732,-6.7324,-5.7276893
17686444,-3.556604,-5.9073157,-6.4030848
17686454,-3.7901185,-5.366041,-6.6557593
17686464,-3.578159,-5.4534593,-6.8006577
17686474,-3.3949401,-6.0833497,-6.4497876
17686483,-3.36141,-6.8808913,-6.3036914
17686493,-3.2284863,-7.3191795,-6.2617784
17686503,-3.0716126,-6.7994604,-6.3767395
17686513,-3.246449,-5.948031,-7.0078273
17686523,-3.4524207,-5.661826,-7.6305323
17686532,-3.417693,-5.6881714,-7.7371106
17686542,-3.1638207,-5.9061184,-7.732321
17686552,-3.1039453,-5.938451,-7.7993813
17686562,-3.3254845,-5.6905665,-8.104746
17686571,-3.2428565,-5.0750465,-8.171806
17686581,-3.3566198,-4.7110033,-8.250842
17686591,-3.1925611,-4.7960267,-8.2197075
17686601,-3.129093,-5.0307384,-7.95865
17686610,-3.006947,-5.252278,-7.8305163
17686620,-2.9806018,-5.405559,-7.61257
17686630,-2.957849,-5.285808,-7.4497085
17686640,-2.9985645,-5.2917957,-7.4616833
17686650,-2.8967762,-5.3241286,-7.3287597
17686659,-2.9207263,-5.269043,-7.3275623
17686669,-2.8919861,-5.388794,-7.1730833
17686679,-2.9003687,-5.2235374,-7.3539076
17686689,-2.9195287,-5.2067723,-7.599397
17686698,-2.8836036,-5.2870054,-7.6784325
17686708,-2.9362938,-5.349276,-7.865244
17686718,-2.884801,-5.308561,-7.938292
17686728,-2.826123,-5.16486,-8.083191
17686738,-2.7482848,-5.0187635,-8.334668
17686747,-2.7159522,-4.9109874,-8.29994
17686757,-2.8345056,-4.8738647,-8.144264
17686767,-2.7303224,-4.9864306,-8.128696
17686777,-2.814148,-5.2187476,-7.8939843
17686786,-2.76505,-5.3361034,-8.002957
17686796,-2.7890003,-5.4091516,-7.867639
17686806,-2.8572583,-5.2798204,-7.9814024
17686816,-3.1793885,-5.2917957,-8.126301
17686825,-3.1003528,-5.4115467,-8.377778
17686835,-3.2081287,-5.6582336,-8.381371
17686845,-3.1985486,-5.7312818,-8.121511
17686855,-3.2213013,-6.0641894,-8.00655
17686865,-3.011737,-5.981561,-7.884404
17686874,-3.05365,-6.035449,-7.9370947
17686884,-3.129093,-5.879773,-7.8472815
17686894,-3.3003368,-5.7863674,-7.709568
17686904,-3.432063,-5.81391,-7.7622585
17686913,-3.5769618,-5.9540186,-7.7909985
17686923,-3.6524048,-6.060597,-7.6712475
17686933,-3.7003052,-5.8270826,-7.676038
17686943,-3.8607714,-5.588778,-7.470066
17686952,-4.0044727,-5.459447,-7.2712793
17686962,-3.9996827,-5.628296,-7.056925
17686972,-3.791316,-5.676196,-6.7503624
17686982,-3.8763392,-5.51094,-6.5946865
17686992,-3.9709425,-5.2822156,-6.573131
17687001,-4.2655296,-5.2415004,-6.6138463
17687011,-4.4834766,-5.273833,-6.484515
17687021,-4.4403663,-5.395979,-6.3444066
17687031,-4.3697133,-5.583988,-5.973179
17687040,-4.31822,-5.4905825,-5.6785913
17687050,-4.3050475,-5.422324,-5.685776
17687060,-4.3792934,-5.3205357,-5.718109
17687070,-4.3852806,-5.3528686,-5.9635987
17687080,-4.4104285,-5.3995714,-6.0498195
17687089,-4.5050316,-5.7660093,-6.4725404
17687099,-4.8008165,-5.9767714,-6.587501
17687109,-4.942123,-6.0833497,-6.6413894
17687119,-4.912185,-5.950426,-6.791078
17687128,-5.090614,-5.9025254,-6.744375
17687138,-5.046306,-5.9767714,-6.4102697
17687148,-4.782854,-6.0833497,-6.2090883
17687158,-4.782854,-6.1073,-6.0689793
17687167,-5.022356,-6.1863356,-6.0222764
17687177,-4.981641,-6.413862,-6.1204724
17687187,-5.0307384,-6.450985,-6.1073
17687197,-5.17444,-6.5048733,-6.357579
17687207,-5.2846107,-6.3695545,-6.246211
17687216,-5.247488,-6.301296,-6.170768
17687226,-5.144502,-6.2078905,-6.1552
17687236,-5.053491,-6.2078905,-5.82349
17687246,-4.9912205,-6.3863196,-5.816305
17687255,-5.0594788,-6.4066772,-5.8019347
17687265,-4.9996033,-6.3132715,-5.725294
17687275,-4.8547044,-6.4641576,-5.760022
17687285,-4.8247666,-6.5120583,-5.649851
17687294,-4.6738806,-6.787485,-5.6642213
17687304,-4.501439,-6.829398,-5.50615
17687314,-4.511019,-6.9144216,-5.302573
17687324,-4.4439588,-6.7623377,-5.332511
17687334,-4.2643323,-6.73719,-5.586383
17687343,-4.643943,-6.793473,-5.459447
17687353,-4.806804,-6.7779055,-5.4091516
17687363,-4.467909,-6.7779055,-5.269043
17687373,-4.428391,-6.864126,-5.52531
17687382,-4.423601,-6.9060388,-5.891748
17687392,-4.3613305,-6.894064,-5.8881555
17687402,-4.6343627,-6.947952,-5.762417
17687412,-4.7768664,-7.162306,-6.175558
17687422,-4.6654983,-7.3263645,-5.9863515
17687431,-4.748126,-7.3910303,-5.988746
17687441,-4.639153,-7.6688523,-5.882168
17687451,-4.7301636,-7.9622426,-5.6630235
17687461,-4.7936316,-8.250842,-5.0487013
17687470,-4.6619053,-8.374186,-4.5397596
17687480,-4.6008325,-8.426876,-3.8212538
17687490,-4.685856,-8.4520235,-3.2967443
17687500,-4.7888417,-8.368198,-2.8045678
17687509,-4.9277525,-8.081993,-2.3734643
17687519,-5.197192,-7.835306,-1.7507592
17687529,-5.2498827,-7.5922117,-1.3388159
17687539,-5.292993,-7.2557116,-1.0514135
17687549,-5.2750306,-6.927594,-1.108894
17687558,-5.2965856,-6.871311,-1.0981164
17687568,-5.4438796,-6.673722,-0.92567503
17687578,-5.363646,-6.6330066,-0.89932984
17687588,-5.623506,-6.5791187,-0.7137158
17687597,-5.739664,-6.629414,-0.3305127
17687607,-5.7564297,-6.7599425,-0.09460327
17687617,-5.4953723,-6.859336,0.4418811
17687627,-5.4438796,-6.7120423,1.1208692
17687637,-5.3875966,-6.2007055,1.7926722
17687646,-5.806725,-5.868995,2.13516
17687656,-6.0031166,-5.4438796,2.3064039
17687666,-6.1611876,-4.758904,2.1627026
17687676,-6.051017,-4.2858872,2.13995
17687685,-5.750442,-4.453539,1.8477576
17687695,-5.6821837,-5.264253,1.8154248
17687705,-5.3708315,-5.9695864,1.8896704
17687715,-4.5960426,-6.4378123,1.167572
17687725,-4.148174,-7.2149963,0.8741821
17687734,-3.98651,-7.787406,0.41433838
17687744,-4.1002736,-8.101153,-0.12693603
17687754,-3.7757483,-8.060438,-0.69455564
17687764,-3.5134935,-7.582632,-1.0597961
17687773,-3.4715807,-7.244934,-1.3424084
17687783,-3.1243029,-7.0892577,-1.7459693
17687793,-3.0596375,-7.4616833,-1.7651294
17687803,-3.3697925,-8.365803,-1.8453625
17687812,-2.76026,-8.321495,-2.290836
17687822,-2.1279747,-7.860454,-3.410508
17687832,-2.525548,-8.353828,-3.8272412
17687842,-2.8273206,-9.574091,-3.5841467
17687852,-2.5219555,-9.839938,-3.1757958
17687861,-1.7567468,-10.085427,-3.8954992
17687871,-1.5376025,-10.554852,-3.6164794
17687881,-2.0357666,-11.025473,-3.7757483
17687913,-2.0992346,-9.933344,-5.0091834
17687923,-2.8404932,-8.982521,-5.6738014
17687933,-3.3410523,-8.407716,-7.0233946
17687943,-3.925437,-8.388556,-7.5287437
17687952,-4.076323,-8.842412,-8.514295
17687962,-3.3458424,-8.205337,-8.968151
17687972,-2.386637,-7.5119786,-9.722582
17687982,-1.5627502,-6.260581,-8.394544
17687992,-0.75562865,-5.384004,-7.156318
17688001,-0.0742456,-6.380332,-8.26162
17688011,-0.12573853,-8.18977,-7.6101747
17688021,-0.085023195,-8.145461,-5.2331176
17688031,-0.53169435,-7.5251513,-7.1443434
17688040,-3.0787976,-6.340814,-7.8544664
17688050,-5.3875966,-5.50136,-8.679551
17688060,-6.285729,-5.80433,-9.192085
17688070,-4.4200087,-4.855902,-6.573131
17688079,-1.155597,-4.493057,-6.9850745
17688089,-0.0011975098,-5.724097,-8.57896
17688099,-0.9017249,-6.941964,-7.037765
17688109,-1.5184424,-8.369396,-6.2474084
17688119,-1.1424243,-6.260581,-5.4390893
17688128,-1.3567786,-5.1061816,-7.276069
17688138,-1.8800904,-4.216432,-8.022118
17688148,-2.5099804,-3.6536024,-9.200467
17688158,-3.3566198,-2.2237756,-9.231603
17688167,-3.0452673,-1.9950513,-9.519005
17688177,-2.579436,-3.1913636,-8.672366
17688187,-2.1854553,-4.709806,-7.7766285
17688197,-2.0285816,-5.649851,-7.4544983
17688207,-1.961521,-5.6833816,-7.1455407
17688216,-2.1483326,-5.078639,-7.117998
17688226,-2.389032,-4.5708947,-7.755073
17688236,-2.579436,-4.4319835,-8.070019
17688246,-2.5950036,-4.55892,-8.2197075
17688255,-2.511178,-4.92416,-8.156239
17688265,-2.6620643,-5.4582496,-8.067623
17688275,-2.7195446,-5.7923546,-8.065228
17688285,-2.8476782,-5.9959316,-8.153844
17688294,-2.7854078,-5.940846,-8.062833
17688304,-2.753075,-5.9001307,-8.01613
17688314,-2.6704469,-5.9133034,-8.004155
17688324,-2.650089,-5.7707996,-8.123906
17688334,-2.687212,-5.586383,-8.29994
17688343,-2.757865,-5.635481,-8.244855
17688353,-2.711162,-5.724097,-8.352631
17688363,-2.6884093,-5.6366787,-8.303533
17688373,-2.6752367,-5.764812,-8.241262
17688382,-2.6608667,-5.760022,-8.2197075
17688392,-2.6057813,-5.7947497,-8.270002
17688402,-2.7123597,-5.7217016,-8.168214
17688412,-2.633324,-5.606741,-8.174202
17688421,-2.6464965,-5.492977,-8.195757
17688431,-2.694397,-5.26066,-8.193362
17688441,-2.7087672,-5.139712,-8.146659
17688451,-2.694397,-4.981641,-8.133487
17688461,-2.5962012,-4.91937,-8.126301
17688470,-2.6093738,-5.0019984,-8.153844
17688480,-2.654879,-5.1145644,-8.193362
17688490,-2.6644592,-5.17444,-7.961045
17688500,-2.6009912,-5.294191,-7.801776
17688509,-2.642904,-5.3504734,-7.904762
17688519,-2.6081762,-5.4163365,-7.946675
17688529,-2.699187,-5.400769,-8.144264
17688539,-2.7842102,-5.5025573,-8.388556
17688549,-3.0404773,-5.548063,-8.2712
17688558,-3.0165272,-5.5121374,-8.153844
17688568,-3.009342,-5.6247034,-8.036488
17688578,-2.9566517,-5.767207,-7.8951817
17688588,-2.9877868,-5.8330703,-7.8005786
17688597,-3.145858,-5.773195,-7.6951976
17688607,-3.2045362,-5.6163206,-7.6904078
17688617,-3.1961536,-5.542075,-7.707173
17688627,-3.4823585,-5.5935683,-7.3131924
17688636,-3.5649865,-5.6223083,-7.211404
17688646,-3.2859669,-5.6079383,-7.117998
17688656,-3.326682,-5.8031325,-7.1191955
17688666,-3.570974,-6.1623855,-7.03537
17688676,-3.6631823,-6.507268,-7.1443434
17688685,-3.6955152,-6.382727,-7.3119946
17688695,-3.6428246,-5.835465,-7.619755
17688705,-3.7757483,-5.3504734,-7.5023985
17688715,-3.7733533,-5.190007,-7.408993
17688724,-3.7098854,-5.5756054,-7.0389624
17688734,-3.7122803,-6.013894,-6.8880763
17688744,-3.9050794,-6.021079,-6.7527575
17688754,-4.212839,-5.82349,-6.6138463
17688763,-4.360133,-5.494175,-6.744375
17688773,-4.1457787,-5.1109715,-6.5839086
17688783,-4.33259,-5.294191,-6.629414
17688793,-4.374503,-5.4043617,-6.4497876
17688803,-4.5038342,-5.464237,-6.4749355
17688812,-4.517007,-5.5756054,-6.4557753
17688822,-4.4583287,-5.821095,-6.2174706
17688832,-4.5780797,-5.950426,-6.157595
17688842,-4.404441,-6.011499,-6.1372375
17688851,-4.4259963,-6.0641894,-6.13125
17688861,-4.526587,-6.157595,-6.091732
17688871,-4.575685,-6.285729,-6.10251
17688881,-4.4667115,-6.319259,-6.2414207
17688891,-4.660708,-6.277346,-6.4018874
17688900,-4.6619053,-6.2653713,-6.2881236
17688910,-4.6762757,-6.211483,-6.218668
17688920,-4.6319675,-6.40548,-5.9133034
17688930,-4.6643004,-6.6114516,-5.6953564
17688939,-4.5852647,-6.707252,-5.7935524
17688949,-4.564907,-6.5431933,-5.884563
17688959,-4.736151,-6.468948,-6.1587925
17688969,-4.7553115,-6.497688,-6.10251
17688978,-4.8163843,-6.690487,-6.0761647
17688988,-4.7840514,-6.817423,-5.7612195
17688998,-4.6175976,-7.219786,-5.853428
17689008,-4.667893,-7.420968,-5.863008
17689018,-4.628375,-7.613767,-5.846243
17689027,-4.763694,-7.5119786,-5.8091197
17689037,-4.792434,-7.580237,-5.891748
17689047,-4.768484,-7.562274,-5.733677
17689057,-4.4595265,-7.39582,-5.597161
17689066,-4.5038342,-7.2485266,-5.654641
17689076,-5.003196,-7.213799,-5.5265074
17689086,-4.9780483,-7.515571,-4.997208
17689096,-4.120631,-7.6461,-5.2019825
17689106,-4.7325587,-7.965835,-5.266648
17689115,-4.8175817,-7.9119473,-4.2715173
17689125,-3.8188586,-7.0461473,-4.028423
17689135,-5.0115786,-8.279583,-5.4067564
17689145,-5.8713903,-8.462802,-2.6884093
17689154,-4.9361353,-7.965835,-1.8285974
17689164,-4.311035,-6.940767,-2.2573059
17689174,-5.7384667,-7.380253,-4.0727305
17689184,-6.6844997,-6.5132556,-1.9196081
17689194,-6.358777,-5.8654027,-1.0885364
17689203,-5.6666164,-5.095404,0.15088624
17689213,-5.2115626,-4.9624805,0.22393432
17689223,-4.9948134,-5.1876125,-0.16765137
17689233,-5.007986,-6.3959,-3.5063086
17689242,-6.5910935,-8.127499,-1.169967
17689252,-6.253396,-8.832832,1.5304174
17689262,-4.9912205,-9.131012,1.8010547
17689272,-4.6595106,-9.1849,3.5158887
17689281,-4.0835085,-9.81958,3.5961218
17689291,-3.5637891,-10.289004,2.5075855
17689301,-3.935017,-10.001601,2.205813
17689311,-4.721781,-9.060359,2.738705
17689321,-5.4726195,-7.7586656,3.7314405
17689330,-5.5540504,-6.638994,3.8703516
17689340,-5.3061657,-6.119275,2.8273206
17689350,-5.613926,-5.870193,3.1817834
17689360,-6.0893373,-5.518125,4.61161
17689369,-6.312074,-5.1864147,6.1276574
17689379,-5.9372535,-3.9781275,6.828201
17689389,-5.374424,-3.3554223,4.324208
17689399,-5.3241286,-3.0488598,3.8068836
17689408,-5.503755,-2.8333082,3.854784
17689418,-5.6079383,-2.880011,4.8091993
17689428,-4.867877,-3.4715807,4.531377
17689438,-4.5517344,-3.7697608,4.087101
17689448,-4.557722,-4.6152024,4.90021
17689457,-4.6080174,-5.1373167,4.524192
17689467,-4.768484,-5.384004,4.792434
17689477,-5.294191,-4.7086086,5.309758
17689487,-5.764812,-3.2009437,5.4414845
17689496,-5.4750147,-2.931504,4.084706
17689506,-5.2415004,-2.4968078,3.2787817
17689516,-4.770879,-2.4872277,4.0104604
17689526,-4.736151,-3.7697608,1.6825012
17689536,-3.3638048,-1.771117,3.0273046
17689545,-3.6703675,-3.3290772,2.3926246
17689555,-5.180427,-5.6977515,1.7926722
17689565,-4.7840514,-5.283413,3.1722033
17689575,-4.511019,-4.9612827,2.1794677
17689584,-4.709806,-5.940846,2.0752845
17689594,-4.836742,-7.2832546,2.3363416
17689604,-3.8332288,-7.0904555,2.5578809
17689614,-3.9362147,-8.543035,2.7422974
17689637,-3.6440222,-8.307125,0.6262976
17689646,-3.4260755,-7.8424916,-0.17962646
17689656,-3.984115,-8.430469,-1.5388
17689666,-4.218827,-9.20885,-1.6573535
17689676,-4.0906935,-9.709409,-1.0861413
17689685,-3.9673498,-10.305769,-1.033451
17689695,-3.6308496,-11.07936,-1.0550061
17689705,-3.0716126,-12.097243,-1.2825329
17689715,-2.5004003,-11.700868,-1.6573535
17689725,-2.4812403,-11.2518015,-2.0609143
17689734,-3.1626234,-11.225456,-1.9734961
17689744,-3.270399,-10.893746,-1.1460168
17689754,-2.577041,-11.394305,-1.8405725
17689764,-1.7950672,-12.074491,-2.1064196
17689773,-1.848955,-12.521162,-0.12693603
17689783,-1.3388159,-12.9187355,1.8872753
17689793,0.38799316,-11.72362,3.2332764
17689803,1.2466077,-10.49258,2.2932312
17689812,0.22513184,-13.118719,-2.1016297
17689822,-0.7807764,-13.2492485,-0.87657714
17689832,-1.0490185,-12.524755,-0.366438
17689842,-1.6549585,-11.311677,-2.4225624
17689852,-2.4345374,-8.754993,-3.0620325
17689861,-3.1638207,-6.8401756,-3.6212695
17689871,-3.2835717,-5.8246875,-3.6559973
17689881,-3.3518298,-5.3241286,-2.8249254
17689891,-3.7625756,-5.652246,-1.3124707
17689900,-2.9614418,-5.6414685,-0.81670165
17689910,-2.325564,-6.0785594,-1.7327967
17689920,-2.9662316,-6.5719337,-2.1615052
17689930,-3.2823744,-6.941964,-3.166216
17689940,-3.4440382,-7.413783,-3.9170544
17689949,-3.8284388,-7.961045,-3.7589831
17689959,-3.3721876,-7.4832387,-3.0428724
17689969,-2.802173,-7.029382,-1.6896863
17689979,-2.6560767,-8.825647,-5.7540345
17689988,-5.0798364,-8.723859,-3.8356237
17689998,-5.5073476,-8.055648,-2.962639
17690008,-4.766089,-8.327483,-3.7553906
17690018,-4.567302,-8.2712,-2.811753
17690027,-3.7961059,-8.418493,-3.2260914
17690037,-3.739823,-8.5717745,-3.2332764
17690047,-3.9014869,-9.447155,-3.859574
17690057,-4.1876917,-9.235195,-3.8200562
17690067,-3.3973353,-8.799302,-3.9829175
17690076,-3.5961218,-8.380174,-4.2810974
17690086,-3.8140686,-7.9598475,-4.851112
17690096,-3.9577699,-7.0880604,-4.740941
17690106,-3.8811293,-6.7838926,-4.9289503
17690115,-3.925437,-7.213799,-4.926555
17690125,-4.003275,-7.531139,-4.785249
17690135,-3.3973353,-7.5586815,-4.094286
17690145,-3.011737,-7.4317455,-3.5865417
17690155,-3.182981,-6.531218,-3.1590307
17690164,-3.3973353,-5.2007847,-2.4369323
17690174,-3.5039136,-4.6726832,-4.677473
17690184,-4.905,-5.415139,-5.7001467
17690194,-4.997208,-6.5300207,-5.740862
17690203,-4.315825,-7.6317296,-5.0798364
17690213,-3.241659,-7.8808117,-4.191284
17690223,-3.1518457,-7.3263645,-3.6643798
17690233,-1.9639161,-6.8305955,-5.859415
17690242,-4.4499464,-7.7514806,-6.1671753
17690252,-5.7839723,-7.5862246,-5.5684204
17690262,-5.0750465,-7.3910303,-4.33259
17690272,-3.9829175,-9.592053,-5.007986
17690282,-3.5278637,-10.817105,-4.405638
17690291,-3.661985,-12.239747,-4.748126
17690301,-5.0642686,-12.622951,-3.8535864
17690311,-4.855902,-12.032578,-4.3864784
17690321,-3.114723,-11.548784,-6.891669
17690330,-4.8247666,-10.157278,-6.431825
17690340,-4.1864944,-6.2809386,-5.0115786
17690350,-3.6595898,-5.8151073,-4.758904
17690360,-3.2835717,-6.098917,-1.8824854
17690370,-2.5997937,-9.486672,-3.1805859
17690379,-2.1818628,-13.184583,-4.526587
17690389,-2.9518616,-14.121036,-2.3411317
17690399,-3.974535,-11.702065,0.9891431
17690409,-4.061953,-7.6951976,1.3064831
17690418,-4.6822634,-3.7733533,-0.39996827
17690428,-5.3456836,-0.8262817,-0.70174074
17690438,-5.635481,-1.3292358,-1.84177
17690448,-6.0665846,-2.9650342,-0.5736072
17690458,-6.387517,-5.0067883,1.4394068
17690467,-5.574408,-6.2258534,2.5423133
17690477,-4.6690907,-8.466394,4.191284
17690487,-4.1876917,-11.156001,4.1361985
17690497,-4.9792457,-11.71883,4.6643004
17690506,-6.173163,-9.285491,4.567302
17690516,-6.9587293,-6.2809386,3.3506324
17690526,-6.795868,-4.4691067,3.0129347
17690536,-6.5216384,-4.7157936,3.622467
17690546,-6.892866,-5.6893687,5.0175657
17690555,-7.0880604,-6.077362,3.854784
17690565,-6.6425867,-4.567302,2.7470875
17690575,-5.691764,-2.3087988,0.5999524
17690585,-4.918173,-0.21674927,-0.32692015
17690594,-5.252278,-0.60234743,0.0023950196
17690604,-5.4630394,-2.318379,-0.32811767
17690614,-5.364844,-3.1255004,1.905238
17690624,-5.4115467,-4.6499305,4.267925
17690633,-6.546786,-5.9121056,4.884642
17690643,-6.9599266,-5.5468655,6.41506
17690653,-7.8724294,-4.9061975,6.973099
17690663,-8.440049,-4.411626,5.254673
17690673,-7.3563023,-3.8284388,3.3003368
17690682,-5.374424,-3.5805542,1.3711487
17690701,-3.2751892,-3.197351,2.1962328
17690711,-1.8226099,-4.149371,2.7147546
17690720,-0.97237796,-5.647456,4.9457154
17690730,-1.6753162,-8.087981,6.6078587
17690740,-1.5483801,-9.9010105,5.9839563
17690750,-1.3651612,-10.778786,3.6895275
17690760,-1.7375866,-11.298505,1.353186
17690769,-2.9614418,-10.2315235,0.8071216
17690779,-4.423601,-7.9227247,0.6059399
17690789,-6.4186525,-5.9851537,0.55923706
17690799,-7.494016,-4.566105,1.2825329
17690808,-7.2808595,-3.9589672,2.46208
17690818,-5.8091197,-4.1122484,4.439169
17690828,-3.812871,-4.348158,6.283334
17690838,-3.2093263,-4.996011,7.0892577
17690848,-3.8823266,-5.163662,5.8725877
17690857,-3.4560132,-4.1829014,4.021238
17690867,-4.998406,-4.0535707,1.5699353
17690877,-6.070177,-5.8833656,1.5447876
17690887,-4.245172,-8.599318,4.1302114
17690896,-2.2764661,-11.03625,6.084547
17690906,-2.3519092,-13.379777,7.4054003
17690916,-2.5518932,-12.57505,8.29515
17690926,-4.1613464,-10.158475,7.0341725
17690936,-5.82349,-7.505991,5.4259167
17690945,-6.2090883,-6.1599903,4.390071
17690955,-4.724176,-6.3132715,5.5360875
17690965,-2.459685,-7.644902,4.9109874
17690975,-1.7866845,-7.8867993,3.737428
17690984,-2.9734168,-6.871311,4.8654823
17690994,-4.340973,-5.3624487,6.483318
17691004,-4.7205834,-4.023633,6.295309
17691014,-3.9685473,-3.4799633,4.748126
17691023,-3.5386415,-3.5578015,3.5039136
17691033,-3.911067,-3.5266662,4.540957
17691043,-4.806804,-3.9290295,5.088219
17691053,-5.6654186,-5.134922,6.319259
17691063,-4.9792457,-7.1144056,6.8066454
17691072,-3.9960902,-8.792117,7.1527257
17691082,-4.014053,-10.20398,8.699908
17691092,-4.126619,-10.48779,9.887838
17691102,-3.4883459,-10.611134,8.647218
17691111,-3.0919702,-10.477013,6.7120423
17691121,-2.9722192,-8.966953,6.308481
17691131,-2.9362938,-7.6496925,5.9372535
17691141,-2.6213489,-6.8138304,5.5169277
17691151,-2.4776478,-6.1683726,6.6581545
17691160,-2.1339624,-6.3048887,6.1288548
17691170,-2.499203,-5.9192905,5.891748
17691180,-3.1518457,-5.779182,7.2269716
17691190,-3.239264,-6.182743,7.738308
17691199,-3.171006,-6.6162415,6.629414
17691209,-3.014132,-7.0712953,5.7516394
17691219,-4.1757164,-7.658075,6.358777
17691229,-5.0558863,-7.301217,8.65081
17691239,-4.493057,-6.75635,5.6582336
17691248,-4.087101,-6.156398,3.69791
17691258,-3.5230737,-5.7444544,3.9829175
17691268,-3.1925611,-5.5935683,4.63077
17691278,-3.150648,-5.498965,4.646338
17691287,-3.4093103,-5.2019825,3.798501
17691297,-3.9685473,-4.9481106,3.3314722
17691307,-4.4571314,-4.7253737,3.0967603
17691317,-4.8080015,-4.932543,3.133883
17691327,-4.721781,-5.154082,2.7518775
17691336,-4.2655296,-4.9576902,2.186653
17691346,-3.8523889,-4.6152024,2.7410998
17691356,-4.301455,-4.1074586,4.204457
17691366,-5.2067723,-3.5865417,3.9901025
17691375,-5.830675,-2.9806018,3.0416749
17691385,-6.3994923,-2.46208,3.08239
17691395,-6.898854,-2.034569,3.4452355
17691405,-6.993457,-2.0309765,2.3243666
17691414,-7.5586815,-2.8620484,1.0047107
17691424,-7.7538757,-2.950664,1.7064514
17691434,-6.7803,-2.9362938,1.6357983
17691444,-5.7707996,-2.6045837,1.5364051
17691454,-5.454657,-3.138673,2.1052222
17691463,-5.603148,-4.4080334,2.066902
17691473,-5.908513,-5.4271145,1.4382092
17691483,-6.1516075,-5.8031325,0.7807764
17691493,-6.619834,-5.797145,-0.04790039
17691502,-6.901249,-5.7468495,-0.8490344
17691512,-7.235354,-5.981561,-1.0705737
17691522,-6.915619,-6.876101,-1.6369958
17691532,-6.3468018,-7.6544824,-2.274071
17691542,-5.795947,-7.770641,-2.2477257
17691551,-5.197192,-7.988588,-2.6848168
17691561,-5.1373167,-8.018525,-2.7937903
17691571,-5.0870214,-7.7203455,-2.1782703
17691581,-4.8523097,-7.8963795,-2.515968
17691590,-5.060676,-8.078401,-2.020199
17691600,-4.939728,-8.435259,-2.7482848
17691610,-4.5864625,-8.486752,-3.1470556
17691620,-4.2583447,-8.344248,-4.0188427
17691630,-4.519402,-8.103549,-4.221222
17691639,-4.91937,-7.5742493,-3.822451
17691649,-5.1289344,-7.228169,-3.969745
17691659,-4.893025,-6.9946547,-4.070336
17691669,-4.3373804,-6.864126,-4.648733
17691678,-4.0116577,-6.852151,-4.997208
17691688,-3.6188745,-7.1359606,-5.6726036
17691698,-3.265609,-7.8616514,-6.500083
17691708,-3.4033227,-8.947793,-7.066505
17691718,-4.3565407,-9.669891,-5.7767873
17691727,-4.237987,-9.841135,-5.1361194
17691737,-3.9972875,-9.896221,-5.938451
17691747,-4.1709266,-9.541758,-6.3132715
17691757,-4.120631,-9.075927,-6.3527894
17691766,-3.9853125,-8.929831,-6.0689793
17691776,-3.920647,-8.965755,-6.0689793
17691786,-4.023633,-9.140592,-5.6953564
17691796,-4.524192,-9.601633,-5.413942
17691805,-5.1504893,-9.793235,-5.031936
17691815,-5.342091,-9.3453665,-4.956493
17691825,-5.1995873,-8.305927,-4.7912364
17691835,-4.8163843,-7.140751,-4.416416
17691845,-4.2296047,-6.45338,-4.0655456
17691854,-3.9948926,-6.43422,-4.5158095
17691864,-4.749324,-7.5526943,-4.2008643
17691874,-5.070256,-8.922646,-4.475094
17691884,-5.2331176,-10.274633,-4.6355605
17691893,-4.9481106,-11.421848,-5.8737855
17691903,-5.6103334,-11.054213,-4.7325587
17691913,-5.901328,-9.059161,-3.6212695
17691923,-5.0558863,-6.7755103,-5.3361034
17691933,-5.253475,-5.316943,-4.0332127
17691953,-6.108497,-3.5554066,-0.5388794
17691962,-5.918093,-2.1902454,-1.5304174
17691972,-5.5803957,-1.2358301,-2.5734484
17691982,-5.3899913,-3.2320788,-2.5806336
17691992,-5.845045,-6.4964905,-2.5854235
17692001,-6.667734,-9.21364,-1.7794995
17692011,-6.843768,-11.35838,-1.0166858
17692021,-6.211483,-12.094849,-0.4035608
17692031,-5.4905825,-11.370356,-0.28979737
17692041,-5.301376,-10.953622,-0.7532337
17692050,-4.61161,-10.360854,-2.311194
17692060,-4.096681,-9.27591,-2.882406
17692070,-4.6714854,-8.0580435,-2.381847
17692080,-4.7253737,-7.7933936,-1.7244141
17692089,-4.0439906,-8.566985,-1.8717078
17692099,-3.3242872,-9.717792,-1.9088305
17692109,-4.843927,-9.423204,-0.07783814
17692119,-6.701265,-6.119275,-0.17603393
17692129,-6.2785435,-1.3543836,-1.4238391
17692138,-5.9204884,0.27422974,-0.3915857
17692148,-5.6486535,-3.69312,1.7603394
17692158,-6.0665846,-8.5083065,3.3242872
17692168,-6.251001,-11.124866,5.393584
17692177,-7.139553,-12.340338,5.7684045
17692187,-6.6844997,-10.614727,4.26074
17692197,-5.483397,-8.026908,1.1987072
17692207,-5.661826,-6.357579,-1.3124707
17692216,-6.3288393,-3.3913476,-2.2585034
17692226,-6.0977197,0.6658154,-1.9890637
17692236,-6.058202,1.0118958,-1.0849439
17692246,-6.8413734,-0.75203615,1.714834
17692256,-6.6940794,-2.6836195,3.9074743
17692265,-6.4593678,-3.918252,4.5565248
17692275,-6.852151,-3.5578015,4.6247826
17692285,-7.2078114,-1.5627502,3.8978944
17692295,-7.4616833,0.64186525,3.119513
17692304,-7.3910303,1.717229,2.567461
17692314,-7.125183,1.3891113,2.198628
17692324,-7.316785,0.013172608,3.248844
17692334,-7.6568775,-2.1148024,3.803291
17692344,-7.5766444,-3.573369,3.3530273
17692353,-7.65089,-3.3805702,4.028423
17692363,-8.322693,-3.6368372,3.578159
17692373,-8.635242,-3.7482057,4.390071
17692383,-9.065149,-3.121908,5.503755
17692392,-8.911868,-2.535128,4.3469605
17692402,-7.6568775,-2.039359,2.4045997
17692412,-6.5384035,-1.712439,2.0489392
17692422,-6.085745,-1.2681628,4.2176294
17692432,-5.50615,-2.1878502,4.172124
17692441,-3.7386255,-3.5949242,2.0932472
17692451,-3.1398706,-5.309758,1.5579602
17692461,-3.2129188,-6.9946547,2.503993
17692471,-2.3878345,-8.977731,1.5244299
17692480,-1.7507592,-10.898537,-0.14130615
17692490,-1.1963123,-11.590697,-0.23710693
17692500,-1.0681787,-11.693683,-0.48858398
17692510,-1.4334192,-11.504477,-1.1448194
17692520,-1.5531702,-11.378737,-2.6776319
17692529,-1.6262183,-11.971505,-4.0344105
17692539,-2.0657043,-12.587025,-4.5541296
17692549,-2.5830286,-12.730726,-4.230802
17692559,-3.0847852,-12.87802,-3.5793567
17692568,-2.997367,-13.355826,-3.1614258
17692578,-2.4321423,-14.004877,-2.6752367
17692588,-1.5232325,-14.3186245,-1.7507592
17692598,-0.76161623,-13.068424,-0.7496411
17692607,-0.10059082,-11.27216,-0.91609496
17692617,-0.08023316,-9.354946,-1.7651294
17692627,-0.79394895,-7.8987746,-2.347119
17692637,-2.1112096,-7.3443274,-3.0859826
17692647,-2.7422974,-7.33834,-4.1517663
17692656,-2.687212,-7.286847,-4.5457473
17692666,-2.3435266,-7.291637,-4.980443
17692676,-2.032174,-7.970625,-6.1156826
17692686,-1.9064355,-8.361013,-6.7383876
17692695,-2.2417383,-8.399334,-7.3467226
17692705,-2.647694,-8.475974,-7.7514806
17692715,-2.7482848,-8.509504,-7.932305
17692725,-2.5710535,-8.206534,-7.7694435
17692735,-2.3099964,-7.8784165,-6.9311867
17692744,-1.6621436,-7.3072047,-6.342012
17692754,-1.2322376,-6.873706,-5.769602
17692764,-1.0729687,-6.373147,-5.574408
17692774,-1.0011182,-6.1396327,-5.8175025
17692783,-1.2957056,-5.987549,-6.2521987
17692793,-1.5244299,-5.932463,-6.6988697
17692803,-1.7986597,-6.091732,-7.1144056
17692813,-2.0381615,-6.431825,-7.7275305
17692822,-2.43813,-6.981482,-8.258027
17692832,-2.7470875,-7.316785,-7.7610607
17692842,-2.7866051,-7.1838613,-7.5131764
17692852,-2.5243506,-6.8138304,-7.4616833
17692862,-2.3950195,-6.597081,-7.8724294
17692880,-3.3985326,-5.8570204,-7.498806
17692890,-4.374503,-5.6259007,-7.4317455
17692900,-4.2930727,-5.435497,-6.787485
17692910,-2.826123,-4.8103967,-5.974376
17692919,-2.5435107,-4.939728,-6.4473925
17692929,-3.744613,-5.163662,-6.580316
17692939,-4.869075,-5.1947975,-6.595884
17692949,-4.263135,-4.8547044,-6.2521987
17692959,-3.1757958,-4.7205834,-6.0617943
17692968,-3.1626234,-4.7229786,-6.5180454
17692978,-3.573369,-4.7672863,-7.6149645
17692988,-4.2930727,-4.4032435,-8.393346
17692998,-4.6666956,-3.5266662,-8.019723
17693007,-3.9721398,-3.5314562,-7.9275146
17693017,-3.7362304,-3.9924974,-7.0509377
17693027,-3.6991076,-4.212839,-8.071216
17693037,-4.0260277,-4.237987,-9.21364
17693046,-4.6187954,-4.1074586,-10.785971
17693056,-5.4331017,-3.6655774,-11.795471
17693066,-5.53489,-3.8703516,-12.530743
17693076,-5.466632,-4.59245,-13.18099
17693086,-5.4175344,-4.8283596,-11.879297
17693095,-5.2798204,-5.5995555,-10.261461
17693105,-4.184099,-5.8486376,-7.7275305
17693115,-3.011737,-4.702621,-6.7264123
17693125,-4.061953,-5.060676,-9.217233
17693134,-4.9361353,-5.2894006,-7.1096153
17693144,-5.109774,-7.228169,-6.468948
17693154,-4.3445654,-7.8329115,-3.3817675
17693164,-3.4512231,-8.34784,-3.925437
17693173,-3.1925611,-7.7790236,-4.0368056
17693183,-3.222499,-6.907236,-4.1002736
17693193,-3.234474,-6.052214,-3.676355
17693203,-2.4441175,-5.701344,-2.931504
17693213,-2.2465284,-6.4234424,-2.76026
17693222,-2.186653,-7.0078273,0.24189697
17693232,-0.85502195,-7.7993813,1.111289
17693242,-0.61791503,-8.844807,-5.1121693
17693252,-3.6284547,-9.539363,-6.685697
17693261,-4.9229627,-9.392069,-5.5732102
17693271,-4.726571,-8.192164,-5.889353
17693281,-3.190166,-7.0413575,-6.763535
17693291,-2.1159997,-5.943241,-3.873944
17693300,-1.5795153,-5.588778,-3.942202
17693310,-1.6166382,-4.623585,-5.595963
17693320,-2.6716442,-3.3841627,-9.201665
17693330,-4.340973,-2.870431,-13.340259
17693340,-7.267687,-2.4860303,-14.077925
17693349,-7.884404,-1.848955,-15.616725
17693359,-6.0546093,-1.7339941,-17.435741
17693369,-4.123026,-1.2681628,-14.080319
17693379,-2.581831,-1.3352234,-13.026511
17693388,-2.290836,-1.8764977,-12.5810375
17693398,-2.863246,-2.535128,-10.383607
17693408,-3.7062926,-3.4164953,-11.472143
17693418,-4.693041,-4.2511597,-12.173884
17693428,-5.107379,-4.7325587,-8.138276
17693437,-3.5015185,-4.6008325,-6.779103
17693447,-2.0633094,-5.3828063,-7.8820095
17693457,-1.6908838,-6.509663,-7.9993653
17693467,-1.6118481,-7.740703,-4.925358
17693476,-2.1950355,-8.874744,-4.980443
17693486,-2.6836195,-8.361013,-3.1374755
17693501,-2.9662316,-6.8868785,2.0130138
17693511,-1.2705579,-7.3838453,0.798739
17693521,-1.3052857,-8.671168,-4.3960586
17693531,-2.0680993,-9.321416,-3.5230737
17693540,-2.7734327,-9.938133,-4.254752
17693550,-3.4679883,-8.652008,-6.915619
17693560,-3.2859669,-7.2736745,-10.051897
17693570,-2.8033705,-5.435497,-8.477172
17693579,-2.5051904,-4.242777,-7.296427
17693589,-2.0130138,-2.9446764,-6.1552
17693599,-1.663341,-2.2525158,-7.428153
17693609,-2.2357507,-2.4716601,-11.532019
17693618,-3.9781275,-2.7327173,-13.467195
17693628,-6.2821364,-2.838098,-12.808564
17693638,-7.3515124,-2.9291089,-13.440849
17693648,-6.218668,-2.123185,-11.615845
17693658,-4.1302114,-2.3076012,-10.418335
17693667,-3.051255,-3.0644274,-8.398136
17693677,-2.7686427,-4.319418,-8.111931
17693687,-3.2260914,-5.6833816,-7.486831
17693697,-3.0955627,-6.431825,-9.589658
17693706,-4.1122484,-5.9707837,-14.612014
17693716,-5.498965,-5.445077,-11.315269
17693726,-5.9300685,-5.459447,-10.271041
17693736,-5.191205,-5.419929,-10.21835
17693745,-3.7925134,-5.603148,-8.049661
17693755,-2.0249891,-5.8031325,-7.306007
17693765,-0.8238867,-5.555248,-6.7898803
17693775,-0.59635985,-5.381609,-6.285729
17693785,-0.81670165,-5.013973,-6.373147
17693794,-1.4932947,-4.62119,-6.411467
17693804,-1.8836828,-4.4032435,-6.444998
17693814,-1.9962487,-4.6331654,-6.4653554
17693824,-1.6992663,-5.2822156,-6.758745
17693833,-1.3891113,-5.830675,-5.971981
17693843,-0.7316785,-6.011499,-5.3708315
17693853,-0.3197351,-6.1073,-5.49178
17693863,-0.14370117,-5.868995,-6.175558
17693873,-0.6119275,-5.180427,-6.5192432
17693882,-1.409469,-4.8499146,-7.0245924
17693892,-2.0070264,-4.2296047,-7.1347632
17693902,-2.0429516,-3.6512072,-7.65089
17693912,-1.6920813,-3.3578174,-8.115523
17693921,-1.7507592,-3.2560291,-8.151449
17693931,-2.15432,-3.5649865,-8.400531
17693941,-2.3531067,-3.9170544,-8.547825
17693951,-2.2213807,-3.68354,-8.657995
17693961,-2.217788,-3.2955468,-9.29028
17693970,-2.6057813,-2.7482848,-9.554931
17693980,-2.884801,-2.1627026,-10.053095
17693990,-3.1183155,-2.1183949,-10.460248
17694000,-2.941084,-2.630929,-10.621912
17694009,-2.9817994,-3.3769774,-11.154803
17694019,-3.182981,-3.6751575,-10.845846
17694029,-3.3865576,-3.9086719,-9.855505
17694039,-2.9015663,-3.9721398,-10.413545
17694049,-2.5423133,-2.5962012,-10.326127
17694058,-2.7782226,-2.4716601,-10.751243
17694068,-2.7901978,-3.0716126,-10.466235
17694078,-2.3770568,-3.2476466,-9.601633
17694088,-2.5483007,-3.5997143,-9.357342
17694097,-3.06323,-3.923042,-8.770561
17694107,-2.5267456,-3.930227,-8.020921
17694117,-1.9315833,-3.8452039,-8.097561
17694127,-2.2285657,-3.7673657,-8.531059
17694137,-2.9422815,-3.6308496,-8.783734
17694146,-3.2763867,-3.265609,-9.368119
17694156,-3.5039136,-2.877616,-9.557325
17694166,-3.4727783,-2.6860144,-9.80521
17694176,-3.2548316,-2.494413,-9.347761
17694185,-2.8105555,-2.374662,-9.377699
17694195,-2.8955786,-2.1267774,-9.557325
17694205,-2.9638367,-2.1195922,-8.713081
17694215,-3.1638207,-3.0033545,-8.392148
17694224,-3.4524207,-3.7745507,-8.49274
17694234,-3.2236962,-3.5110986,-7.941885
17694244,-3.439248,-3.67396,-8.541837
17694254,-4.223617,-4.2715173,-8.412506
17694264,-4.3026524,-4.942123,-7.923922
17694273,-3.873944,-5.527705,-8.133487
17694283,-3.5230737,-5.8318725,-8.674761
17694293,-4.133804,-5.8737855,-8.254435
17694303,-4.2176294,-4.819977,-8.248447
17694312,-4.4786863,-4.2559495,-9.263935
17694329,-4.494254,-3.6452198,-9.032816
17694339,-4.436774,-3.566184,-8.340655
17694349,-4.614005,-4.479884,-7.8329115
17694358,-4.9852333,-5.598358,-7.1347632
17694368,-5.0654664,-6.308481,-7.277267
17694378,-5.3061657,-6.2989016,-7.7682457
17694388,-5.237908,-5.78996,-7.8544664
17694397,-4.7720766,-4.821174,-8.463999
17694407,-5.449867,-4.269122,-7.677235
17694417,-5.261858,-4.430786,-8.103549
17694427,-4.963678,-4.6008325,-8.048463
17694437,-5.330116,-4.700226,-8.146659
17694446,-5.2989807,-4.8091993,-8.008945
17694456,-5.6103334,-5.447472,-8.098759
17694466,-6.0498195,-6.1528053,-7.4461155
17694476,-5.764812,-6.2498035,-6.5300207
17694485,-4.7086086,-6.070177,-5.6510487
17694495,-4.773274,-6.688092,-6.028264
17694505,-5.1876125,-6.6821046,-5.400769
17694515,-5.5384827,-6.734795,-5.0103807
17694525,-5.8881555,-6.3959,-4.455934
17694534,-6.1959157,-5.7851696,-3.5003211
17694544,-6.2881236,-5.4738173,-3.290757
17694554,-6.3767395,-5.139712,-2.6536818
17694564,-6.5503783,-5.5217175,-2.5399182
17694573,-7.2269716,-6.3228517,-2.102827
17694583,-6.983877,-7.204219,-2.14474
17694593,-6.373147,-7.545509,-1.2837305
17694603,-5.4702244,-7.8400965,-0.32692015
17694613,-4.981641,-8.134684,0.34009278
17694622,-5.0594788,-8.147857,2.0190015
17694632,-4.6331654,-7.3575,1.7579443
17694642,-3.39015,-4.811594,-0.21195923
17694652,-5.4726195,-5.2426977,-3.0368848
17694661,-5.277426,-4.524192,-0.8813672
17694671,-5.3241286,-7.732321,-2.4740553
17694681,-4.9109874,-8.956176,-3.0368848
17694691,-3.9445972,-9.588461,-3.671565
17694700,-3.4691858,-10.13692,-3.1434631
17694710,-3.4847534,-10.705737,-2.5638685
17694720,-3.8248463,-10.523716,-0.80113405
17694730,-4.269122,-9.469907,1.343606
17694740,-4.893025,-8.010143,2.2465284
17694749,-5.428312,-5.421127,2.384242
17694759,-3.791316,-3.8990917,0.4035608
17694769,-1.6980689,-3.7565882,-2.1052222
17694779,-1.0657837,-4.629573,-4.1781116
17694788,-1.9531385,-5.988746,-5.940846
17694798,-3.251239,-7.1934414,-7.3203773
17694808,-4.0823107,-7.850874,-7.1898484
17694818,-4.477489,-9.384884,-8.450827
17694828,-4.7457314,-10.4494705,-8.522677
17694837,-4.2787023,-10.160871,-6.868916
17694847,-3.4835558,-10.212363,-6.70845
17694857,-2.4093897,-9.101074,-6.3539867
17694867,-2.3064039,-8.084389,-7.04974
17694881,-2.9638367,-6.7324,-6.8473606
17694891,-3.7434156,-5.9001307,-6.715635
17694900,-4.3230104,-5.562433,-6.8234105
17694910,-4.149371,-5.7684045,-6.974297
17694920,-3.1518457,-6.2078905,-7.012617
17694930,-2.6680517,-6.500083,-7.1874537
17694940,-2.6141639,-6.604266,-7.296427
17694949,-2.5291407,-6.7551527,-8.110734
17694959,-2.9219239,-6.5946865,-7.9107494
17694969,-2.699187,-6.2797413,-7.8784165
17694979,-1.9303857,-5.8582177,-7.682025
17694988,-1.3962964,-5.0726514,-7.2149963
17694998,-1.4956897,-4.261937,-7.0868626
17695008,-1.9447559,-3.6464171,-7.619755
17695018,-2.15911,-3.478766,-8.143066
17695028,-3.0356872,-3.432063,-8.244855
17695037,-3.5362463,-3.9805224,-8.841214
17695047,-3.3997302,-4.6523256,-8.301138
17695057,-3.2117212,-5.109774,-7.005432
17695067,-3.1542406,-4.9864306,-6.991062
17695076,-3.0416749,-4.205654,-7.2293663
17695086,-2.7446923,-3.685935,-7.284452
17695096,-2.7446923,-3.5949242,-7.739506
17695106,-2.9614418,-3.3841627,-8.374186
17695115,-3.3937426,-3.2763867,-8.685538
17695125,-3.2272887,-3.3973353,-9.087902
17695135,-3.3087194,-3.307522,-9.237591
17695145,-3.5805542,-3.4009278,-9.319021
17695155,-3.554209,-3.4440382,-9.461525
17695164,-3.178191,-3.3578174,-9.514215
17695174,-3.2260914,-3.0644274,-9.710607
17695184,-3.2105236,-2.6656568,-9.892628
17695194,-3.1769934,-2.626139,-10.157278
17695203,-3.0799952,-2.7267296,-10.009984
17695213,-2.8919861,-2.9865894,-9.946516
17695223,-2.7949877,-3.1470556,-9.671089
17695233,-2.7710376,-3.1698084,-9.562116
17695243,-2.6931994,-3.1159203,-9.277108
17695252,-2.6081762,-3.0416749,-9.090297
17695262,-2.347119,-2.8764184,-9.501042
17695272,-2.2884412,-2.650089,-9.974059
17695282,-2.290836,-2.5590785,-10.433903
17695291,-2.2884412,-2.391427,-10.532099
17695301,-2.4489074,-2.454895,-10.735675
17695311,-2.5854235,-2.7961853,-10.68059
17695321,-2.7399023,-3.634442,-10.702145
17695330,-3.4991236,-3.6033068,-9.806408
17695340,-3.270399,-3.133883,-8.890312
17695350,-2.7710376,-2.818938,-8.686736
17695360,-2.5279431,-2.4417224,-9.2184305
17695370,-2.7542725,-2.1279747,-9.084309
17695379,-3.2213013,-1.9998413,-8.592133
17695389,-3.4871485,-2.034569,-8.88672
17695399,-3.38536,-1.773512,-8.5083065
17695409,-2.9027636,-1.6597486,-8.407716
17695418,-2.6153612,-1.7818946,-8.576565
17695428,-2.577041,-2.1950355,-8.502319
17695438,-2.530338,-2.8692334,-8.346643
17695448,-2.7422974,-3.38536,-8.556208
17695458,-2.945874,-3.432063,-8.926238
17695467,-3.178191,-3.2787817,-9.065149
17695477,-3.570974,-2.8249254,-9.321416
17695487,-3.7601807,-2.574646,-9.231603
17695497,-3.932622,-3.0344896,-8.92504
17695506,-3.7577856,-3.5805542,-8.735834
17695516,-3.3554223,-3.9565723,-8.411308
17695526,-3.1410682,-3.9913,-8.599318
17695536,-3.1590307,-3.6188745,-8.957373
17695546,-3.7290454,-3.3063245,-9.432784
17695555,-4.5325747,-2.9303064,-9.981244
17695565,-4.9912205,-2.9686267,-9.869876
17695575,-4.946913,-3.3182995,-9.406439
17695585,-4.4200087,-4.1242237,-8.807684
17695594,-3.8919067,-4.7529163,-8.459209
17695604,-4.0044727,-4.9840355,-8.334668
17695614,-3.8212538,-4.6475353,-8.600515
17695624,-4.3062453,-4.6643004,-8.392148
17695634,-4.4954515,-4.643943,-8.442444
17695643,-4.670288,-4.404441,-8.657995
17695653,-5.116959,-3.9553747,-8.5083065
17695663,-4.951703,-3.509901,-8.847202
17695673,-5.1229467,-3.4236803,-9.484278
17695682,-4.8235693,-3.6428246,-9.062754
17695692,-4.6714854,-4.1852965,-8.527467
17695702,-4.6008325,-4.6654983,-7.8808117
17695712,-4.2810974,-4.423601,-7.628137
17695721,-4.205654,-3.9924974,-8.042476
17695731,-4.475094,-3.7062926,-8.365803
17695741,-5.0487013,-3.737428,-8.2197075
17695751,-5.088219,-3.911067,-8.137079
17695761,-4.860692,-4.5122166,-8.253238
17695770,-4.8582973,-4.86189,-7.739506
17695780,-4.7936316,-4.958888,-7.7047777
17695790,-4.6978307,-4.7325587,-7.5586815
17695800,-4.6666956,-4.6355605,-7.195836
17695809,-4.653523,-4.3912683,-7.2161937
17695819,-4.6547203,-4.042793,-7.369475
17695829,-4.5780797,-3.8943017,-7.5203614
17695839,-4.7445335,-3.9972875,-7.5419164
17695849,-4.629573,-4.181704,-7.8245287
17695858,-4.740941,-4.352948,-8.070019
17695868,-4.883445,-4.670288,-7.9179344
17695878,-4.9720607,-4.8966174,-7.7131605
17695888,-4.7960267,-5.0630713,-7.3191795
17695897,-4.5229945,-4.9744554,-7.117998
17695907,-4.3421702,-4.7912364,-6.758745
17695917,-4.336183,-5.037924,-6.3863196
17695927,-4.135001,-5.3384986,-6.3468018
17695937,-4.191284,-5.9516234,-6.4725404
17695946,-4.3613305,-6.627019,-6.835386
17695956,-4.4104285,-7.1587133,-7.3263645
17695966,-4.740941,-7.4389305,-7.4952135
17695976,-5.0115786,-7.5419164,-7.6880126
17695985,-5.1924024,-7.406598,-7.67005
17695995,-5.013973,-7.4341407,-7.63652
17696005,-4.9780483,-7.780221,-7.1431456
17696015,-4.6403503,-8.0017605,-5.9396486
17696024,-4.324208,-8.131091,-4.792434
17696034,-3.8535864,-8.272397,-4.4571314
17696044,-3.5625916,-8.289163,-4.4595265
17696054,-3.3458424,-8.091574,-4.4176135
17696064,-3.3530273,-8.026908,-4.2260118
17696073,-3.9625597,-8.473579,-3.6919227
17696083,-4.3206153,-9.319021,-3.0273046
17696093,-4.1924815,-10.111773,-2.906356
17696103,-4.0248303,-11.039843,-2.339934
17696112,-4.2954674,-11.294912,0.013172608
17696122,-3.849994,-11.73799,0.76640624
17696132,-3.1075377,-11.227852,0.27662477
17696142,-2.5471032,-10.903326,-0.9172925
17696152,-3.5865417,-10.648257,1.1975098
17696161,-4.3373804,-10.614727,1.6118481
17696171,-3.7745507,-9.710607,0.82268924
17696181,-3.7278478,-8.537047,0.10657837
17696191,-4.142186,-7.3994126,0.5484595
17696200,-4.7229786,-6.3060865,1.905238
17696210,-5.308561,-5.2630553,2.8369007
17696220,-4.9936156,-4.162544,2.4405248
17696230,-5.045109,-3.2105236,2.391427
17696240,-5.508545,-2.3590941,2.3758593
17696249,-5.8725877,-1.595083,2.066902
17696259,-5.9444385,-0.85142946,1.9579284
17696269,-6.1767554,0.0981958,1.8058448
17696279,-6.3551846,1.2022998,2.278861
17696288,-6.1456203,2.222578,2.654879
17696298,-6.3036914,3.1961536,3.075205
17696308,-6.837781,3.6380346,2.9925768
17696318,-7.098838,3.9242394,2.7027795
17696328,-7.4030056,3.8954992,2.858456
17696337,-7.6245446,3.6021094,3.1362782
17696347,-7.620952,2.9327013,2.9674292
17696357,-7.7107654,2.4656725,3.0835876
17696367,-7.7119627,2.1411474,2.9937744
17696376,-7.9251194,1.971101,3.3446448
17696386,-7.95386,2.0213964,3.36141
17696396,-7.95865,1.9100281,3.3087194
17696406,-8.056846,1.6813037,3.1063404
17696415,-8.077204,1.409469,3.0500574
17696425,-8.180189,0.9472302,3.0847852
17696435,-8.156239,0.43828857,3.1650183
17696445,-8.053253,0.05867798,3.3434472
17696455,-7.941885,-0.47301635,3.270399
17696464,-8.065228,-0.9340576,3.3278797
17696474,-8.202942,-1.3352234,3.4152977
17696484,-8.126301,-1.6789087,3.542234
17696494,-8.435259,-2.0309765,3.3913476
17696503,-8.462802,-1.9112256,3.5015185
17696513,-8.461604,-1.3974938,3.5673816
17696523,-8.396938,-0.7101233,3.5889368
17696533,-8.268805,-0.05867798,3.333867
17696543,-8.205337,0.2933899,3.248844
17696552,-8.283175,0.4670288,3.1686108
17696562,-8.334668,0.10777588,3.0620325
17696572,-8.309521,-0.24908203,3.0740075
17696582,-8.407716,-0.42152345,3.197351
17696591,-8.443642,-0.41673338,3.305127
17696601,-8.473579,-0.41433838,3.2751892
17696611,-8.487949,-0.21674927,3.1937585
17696621,-8.608898,0.10059082,3.2799792
17696630,-8.533455,0.43349853,3.2919543
17696640,-8.469987,0.7496411,3.178191
17696650,-8.637638,0.9292676,2.9111462
17696660,-8.675959,1.0130932,2.7806177
17696670,-8.701106,1.0226734,2.7830126
17696679,-8.982521,1.1220666,2.8536658
17696689,-9.601633,0.857417,2.389032
17696699,-8.950188,0.29817992,3.3877552
17696709,-8.699908,0.032332763,2.8955786
17696718,-9.192085,-0.07065307,2.997367
17696728,-9.430389,-0.16166382,2.933899
17696738,-9.554931,-0.041912843,2.9877868
17696748,-9.620793,-0.03592529,3.0273046
17696758,-9.552535,-0.067060545,3.0955627
17696767,-9.291478,-0.09460327,2.9794042
17696777,-9.073531,-0.16286133,2.9530592
17696787,-9.018446,-0.1472937,2.9758117
17696797,-8.913065,-0.14489868,2.7482848
17696806,-8.9442005,-0.20836669,2.7985804
17696816,-8.966953,-0.35206786,2.8764184
