107713353,1.7675244,-7.428153,4.6499305
107713363,1.839375,-7.4784484,4.9277525
107713373,1.785487,-7.538324,4.839137
107713471,2.0549269,-7.6712475,4.62119
107713480,2.1064196,-7.658075,4.687053
107713490,2.0633094,-7.6029897,4.7205834
107713500,2.1124072,-7.33834,4.5445495
107713510,2.14953,-7.1359606,4.446354
107713519,2.2189856,-7.0341725,4.405638
107713529,2.2752686,-7.04495,4.5529323
107713539,2.208208,-7.156318,4.646338
107713549,2.14474,-7.3634877,4.806804
107713559,2.0213964,-7.4856334,4.8738647
107713568,1.9746937,-7.3838453,5.1768346
107713578,1.839375,-7.3575,5.17444
107713588,1.8776953,-7.2090087,5.078639
107713598,1.705254,-6.934779,5.061874
107713608,1.6298108,-6.73719,5.108577
107713617,1.4561719,-6.411467,4.6978307
107713627,1.2717553,-6.422245,4.4882665
107713637,1.2837305,-6.47733,4.5541296
107713647,0.9939331,-6.246211,4.4415636
107713656,0.676593,-6.0689793,3.9457946
107713666,0.732876,-6.1599903,3.6068995
107713676,1.2142749,-6.2965064,3.6476147
107713686,1.4669495,-6.370752,3.7733533
107713696,1.5256275,-6.43901,3.5530114
107713705,1.6872913,-6.70845,3.4045203
107713715,1.9232007,-7.103628,3.2751892
107713725,1.8717078,-7.230564,3.1530433
107713735,2.2393432,-7.749086,2.5195606
107713745,2.6884093,-8.7262535,2.430945
107713754,3.0237122,-9.3381815,2.2561083
107713764,3.2835717,-9.422007,1.5878979
107713774,3.5757642,-9.125025,1.0490185
107713784,3.8092785,-9.042397,0.7819739
107713793,3.9266346,-9.408834,0.9196875
107713803,3.9541771,-9.376501,1.0059083
107713813,3.7565882,-9.437574,0.59276736
107713823,3.8751416,-8.734636,0.05748047
107713833,3.9637573,-8.510702,-0.49936157
107713842,4.1314087,-8.376581,-0.8310718
107713852,4.167334,-9.103469,-1.6669335
107713862,4.519402,-9.951306,-1.463357
107713872,4.5397596,-10.488988,-0.9915381
107713882,4.3960586,-10.6817875,-0.7688013
107713891,4.1122484,-10.388397,-0.88855225
107713901,3.6200721,-9.248368,-1.3256433
107713911,3.2847693,-8.407716,-2.525548
107713921,3.309917,-7.683223,-3.661985
107713930,3.749403,-8.190967,-4.1218286
107713940,4.233197,-8.980125,-4.2152343
107713950,4.550537,-8.87235,-3.171006
107713960,4.4176135,-9.017248,-3.3985326
107713970,4.2655296,-9.19927,-3.2356713
107713979,3.98651,-8.97294,-3.5326538
107713989,3.9913,-8.91067,-4.2643323
107713999,4.414021,-9.147778,-4.30864
107714009,4.5469446,-8.55501,-4.439169
107714019,4.750521,-7.8029737,-4.8594947
107714028,4.7624965,-8.049661,-3.8080812
107714038,4.848717,-8.56938,-4.3062453
107714048,5.588778,-8.957373,-4.7385464
107714058,5.994734,-9.400452,-4.9540977
107714067,6.0258694,-10.04112,-5.003196
107714077,5.0175657,-6.1839404,-3.542234
107714087,5.7911572,-7.339537,-4.140989
107714097,5.725294,-8.6843405,-1.5423926
107714107,6.274951,-9.768087,-0.65743285
107714116,6.7048573,-11.160791,-1.1172767
107714126,4.975653,-11.679313,4.1733217
107714136,2.5518932,-8.077204,7.533534
107714146,3.0057495,-5.740862,-0.0490979
107714156,3.6883302,-4.763694,0.9244775
107714165,4.26074,-6.551576,-0.31374756
107714175,4.2882824,-8.956176,1.2801379
107714185,3.8392162,-10.140512,0.8909473
107714195,3.8044884,-9.994416,-0.9508228
107714205,3.1410682,-9.941726,-2.1639001
107714214,2.503993,-9.80521,-3.321892
107714224,3.2775843,-8.471184,-4.667893
107714234,3.735033,-7.0437527,-6.885681
107714244,3.2608192,-7.984995,-8.337063
107714253,1.4765296,-9.116642,-8.110734
107714270,0.5005591,-8.24725,-8.707093
107714280,-0.36404297,-8.052055,-7.2485266
107714290,-0.7975415,-10.597961,-6.5204406
107714299,1.0765613,-12.943883,-3.36141
107714309,4.8259645,-11.875705,-1.6920813
107714319,4.869075,-8.361013,-4.167334
107714329,2.8524683,-6.6018715,-7.846084
107714338,2.4920177,-6.7503624,-8.477172
107714348,2.814148,-8.320298,-6.9623218
107714358,2.767445,-9.49745,-6.3288393
107714368,2.3722668,-8.84361,-6.5384035
107714378,2.3219714,-7.6592727,-5.269043
107714387,3.0740075,-8.0017605,-4.3230104
107714397,5.1935997,-7.5514965,-5.027146
107714407,6.349197,-7.4497085,-4.4571314
107714417,6.819818,-9.969269,-0.6933582
107714427,8.192164,-12.600198,2.5171654
107714436,8.945398,-9.27591,3.7553906
107714446,8.8484,-6.0055113,1.3771362
107714456,6.9335814,-4.2643323,1.5543677
107714466,5.2163525,-6.9539394,0.40835083
107714475,3.1937585,-9.195678,-0.43709105
107714485,0.75203615,-4.254752,-0.3556604
107714495,3.3206947,-7.961045,-2.7949877
107714505,5.9396486,-12.097243,-0.9963281
107714515,8.243657,-10.5129385,0.96399534
107714524,8.667576,-7.289242,1.592688
107714534,7.3706727,-7.1024303,1.045426
107714544,4.1218286,-7.204219,0.43589357
107714554,2.1722827,-3.766168,3.7122803
107714564,4.4331813,-6.4354177,0.36164796
107714573,3.9362147,-6.363567,2.530338
107714583,1.9627185,-7.6880126,-1.9076331
107714593,0.28979737,-5.357659,-4.8523097
107714603,-1.9854712,-3.9170544,-5.1385145
107714613,-4.90979,-6.821016,-8.365803
107714622,-4.0954833,-9.081914,-11.60866
107714632,-2.3543043,-11.946358,-11.130854
107714642,-1.3124707,-15.223942,-12.401411
107714652,-1.0286609,-17.072897,-3.478766
107714661,2.1974304,-10.77639,-3.6895275
107714671,7.4952135,-8.425678,-5.797145
107714684,7.037765,-10.388397,-4.679868
107714694,6.636599,-11.472143,-1.0118958
107714703,5.884563,-10.039922,1.9770886
107714713,4.196074,-13.007351,1.3567786
107714723,5.239105,-14.941329,2.7842102
107714733,7.6880126,-13.979729,2.1279747
107714743,8.722661,-10.636282,0.22872436
107714752,10.142908,-5.9300685,-0.4538562
107714762,8.355025,-2.4932153,3.2320788
107714772,8.012538,-7.260502,4.111051
107714782,5.7360716,-5.8270826,5.4462743
107714792,6.170768,-6.7838926,2.4441175
107714801,3.2452514,-1.9148182,2.75547
107714811,5.7923546,-7.164701,-1.1735595
107714821,4.5122166,-7.7430983,1.9543359
107714831,5.1217494,-3.6847374,0.5376819
107714840,5.7121215,-2.0896544,-0.59516233
107714850,6.1061025,-5.070256,-0.38559815
107714860,4.6822634,-7.6940002,-1.3256433
107714870,3.2847693,-8.885523,-3.878734
107714880,0.52450925,-4.188889,0.59635985
107714889,-3.7266505,-3.197351,-7.7203455
107714899,-6.2486057,-7.467671,-12.548705
107714909,-2.4045997,-10.168056,-10.637479
107714919,1.4418018,-10.166858,-10.263856
107714929,2.8608508,-9.235195,-12.648098
107714938,2.2920337,-7.6724453,-10.964399
107714948,2.8716285,-9.360934,-7.1527257
107714958,2.7279272,-10.751243,-2.5638685
107714968,3.9505847,-13.596526,-3.0907726
107714978,4.8822474,-14.382092,0.40116578
107714987,5.605543,-12.52236,-0.0742456
107714997,6.631809,-10.993139,0.14370117
107715007,7.2784643,-14.391672,0.91130495
107715017,8.146659,-15.892152,3.6775525
107715026,10.347682,-15.209572,4.9457154
107715036,11.682905,-8.6280575,5.933661
107715046,11.226654,-0.6334827,1.5783179
107715058,8.301138,-2.027384,2.2992187
107715068,4.7744713,-3.7601807,4.6834607
107715078,5.384004,-7.5107813,2.4740553
107715088,4.925358,-4.9624805,1.4406042
107715097,7.1682935,-5.5193224,0.19399658
107715107,9.303453,-10.688972,0.51013917
107715117,8.52148,-12.24813,3.7134778
107715127,5.2007847,-7.108418,-0.22992188
107715137,3.9805224,-0.59635985,-1.169967
107715146,6.2665687,-1.6573535,-2.5375233
107715156,5.3971767,-6.4234424,-2.6776319
107715166,0.6059399,-5.916896,-0.8071216
107715176,-3.5087037,-5.5444703,-8.691525
107715186,-5.1995873,-4.30385,-12.933105
107715195,-2.6057813,-8.036488,-11.521241
107715205,1.607058,-9.53577,-10.447075
107715215,3.8440063,-11.63261,-6.549181
107715225,3.866759,-11.047028,-3.9290295
107715234,2.6908045,-8.311915,-2.2561083
107715244,2.6033862,-7.3000197,-2.9530592
107715254,2.9039612,-6.5683413,-2.2884412
107715264,1.9435583,-5.0115786,-0.6610254
107715274,1.5040723,-3.2476466,-4.4715014
107715283,2.4764502,-4.988826,-3.530259
107715293,3.5314562,-8.33347,-0.43828857
107715303,5.6785913,-13.1283,-0.9352551
107715313,7.94907,-18.695522,0.94962525
107715323,6.333629,-17.53753,5.0822315
107715332,3.458408,-18.6584,0.21914428
107715342,4.925358,-20.103794,3.319497
107715352,6.3156667,-18.459614,-1.8944604
107715362,6.333629,-15.455061,-5.300178
107715371,5.1696496,-9.068742,-11.487711
107715381,5.82828,-1.6346009,-9.309441
107715391,6.3767395,-3.7314405,-6.7479677
107715401,6.603069,-10.814711,-1.1807446
107715411,4.387676,-14.923367,5.9276733
107715423,1.6417859,-13.928236,7.0078273
107715433,-0.38679564,-7.204219,3.7757483
107715443,0.8634045,0.9783655,0.96519285
107715452,1.6453785,5.555248,-0.99752563
107715462,2.7255323,3.39015,2.581831
107715472,2.4860303,-3.979325,7.09285
107715482,0.26225463,-9.103469,12.161909
107715492,-1.6717236,-9.2818985,13.117522
107715501,-1.3268409,-5.4630394,12.682826
107715511,-0.15088624,0.7101233,8.386161
107715521,1.5064673,0.3915857,6.0737696
107715531,0.9903406,-2.8285182,6.9216065
107715541,-0.64545774,-6.979087,7.571854
107715550,-2.1878502,-7.716753,10.395582
107715560,-2.0489392,-5.0235534,12.748689
107715570,-0.8909473,-1.3424084,12.173884
107715580,-0.979563,2.1794677,9.697434
107715589,0.49337402,1.7651294,7.0174074
107715599,3.9122643,2.5291407,6.2150755
107715609,5.7288866,2.75547,4.4499464
107715619,3.3242872,-1.4010864,6.7431774
107715629,0.16405883,-2.2070105,11.748768
107715638,-0.48738647,1.8776953,9.928554
107715648,-0.061072998,5.2091675,7.99697
107715658,1.0130932,6.421047,8.842412
107715668,3.3326697,3.624862,6.6892896
107715678,4.482279,-1.2382251,8.372989
107715687,3.4236803,-3.6452198,10.975177
107715697,3.4033227,-3.573369,9.775272
107715707,3.612887,-1.7387842,6.0761647
107715717,2.1387525,1.3615686,6.4102697
107715726,0.98674804,3.1183155,7.310797
107715736,1.233435,2.3578968,5.795947
107715746,2.0489392,1.0585986,9.830358
107715756,2.4956102,0.34488282,14.038407
107715766,5.859415,-3.1039453,7.3982153
107715775,6.6330066,-4.7601013,5.1361194
107715785,2.8033705,-2.098037,8.771759
107715795,0.37003052,-1.419049,6.873706
107715805,1.0466236,-1.4298266,4.877457
107715815,1.4346167,-1.1160791,7.6053843
107715824,0.9855505,0.32332763,8.281978
107715834,2.2321582,-0.183219,7.6149645
107715844,2.3674767,-0.6011499,8.681946
107715854,1.4645544,-1.0849439,10.65185
107715863,1.7004639,-2.1363573,9.942924
107715873,2.2585034,-3.5075061,8.907078
107715883,2.6393116,-4.877457,9.219627
107715893,2.6812243,-3.8907092,6.3863196
107715903,5.1756372,-2.1291723,12.891192
107715912,10.553654,-1.3627661,2.1806653
107715922,11.051818,2.3052063,5.9001307
107715932,5.269043,-1.6621436,12.775034
107715942,-0.05628296,-4.5457473,11.572735
107715952,0.9951306,-1.726809,9.406439
107715961,3.434458,4.916975,10.866203
107715971,9.028027,3.6464171,9.956097
107715981,10.862611,-0.5005591,16.120876
107715991,8.994495,-4.4247985,14.076727
107716001,6.262976,-7.0006423,17.62375
107716010,1.472937,-0.2203418,11.942765
107716020,3.8954992,4.806804,5.027146
107716030,6.325247,8.428074,5.078639
107716040,4.5541296,5.7839723,7.7598634
107716049,-0.70533323,7.005432,7.180269
107716059,-1.0023156,6.0881395,1.8453625
107716069,2.523153,5.877378,-0.5771997
107716079,5.606741,4.719386,3.253634
107716089,7.340735,-2.591411,1.848955
107716098,5.997129,-8.880733,2.9398866
107716108,3.2332764,-10.602752,5.576803
107716118,1.165177,-8.685538,5.769602
107716128,0.71850586,-6.680907,2.4836352
107716138,-2.9123437,-8.53585,3.9901025
107716147,-6.6497717,-10.163265,8.775352
107716157,-4.9840355,-13.800102,7.876022
107716167,-3.566184,-15.512542,6.2474084
107716177,-1.8561401,-15.514936,7.0150123
107716186,0.5053491,-13.0313015,6.837781
107716196,0.979563,-10.806328,3.4428406
107716206,-0.29937744,-9.09868,1.9148182
107716216,-2.4297473,-4.770879,6.239026
107716226,-3.0273046,-1.1567944,1.6429834
107716235,-1.1184741,2.1004322,-0.14968872
107716245,3.485951,6.581514,1.3172607
107716255,8.298742,10.49258,13.73903
107716265,9.095087,7.3706727,15.425123
107716275,12.638518,-1.5807129,10.614727
107716284,12.578643,1.6932788,12.299623
107716294,7.047345,9.381291,10.208771
107716304,2.7734327,11.795471,5.5612354
107716314,1.4130615,10.990745,1.5867004
107716323,2.1842577,7.1072206,-0.16765137
107716333,3.5290613,1.5711328,6.4354177
107716343,2.191443,-9.717792,18.85599
107716353,-5.806725,-10.369237,13.148657
107716363,-5.48699,-6.2881236,10.611134
107716372,-0.7268884,-6.5791187,8.835227
107716382,1.5328125,-2.9889843,11.660152
107716392,2.4848328,0.7759863,9.552535
107716402,5.918093,-0.065863036,3.6991076
107716412,6.837781,-1.2813355,7.198231
107716421,4.8080015,-2.7518775,8.374186
107716431,7.5131764,-9.647139,2.3435266
107716441,8.052055,-15.285015,3.8188586
107716451,5.7588243,-11.220667,10.027946
107716460,5.860613,-6.8749037,5.070256
107716470,6.3468018,-8.381371,4.660708
107716480,4.525389,-10.657837,4.877457
107716490,2.1615052,-7.021,7.218589
107716500,3.0225146,-4.982838,5.1217494
107716509,3.3350646,-3.864364,4.2319994
107716519,3.4404457,-4.487069,4.7601013
107716529,4.6475353,-5.0498986,5.595963
107716539,5.7121215,-11.111693,7.179071
107716549,4.2176294,-6.3791347,8.754993
107716558,6.234236,-5.421127,5.9528213
107716568,5.588778,-2.7422974,2.1627026
107716578,4.3002577,-5.588778,-2.123185
107716588,2.9039612,-10.217154,-1.900448
107716597,1.6801062,-11.328443,6.082152
107716607,3.7062926,-9.777667,4.0583606
107716617,3.434458,-7.6796303,4.6403503
107716627,3.6488123,-10.1896105,4.491859
107716637,4.1194334,-11.619437,5.278623
107716646,4.0176454,-9.556128,3.129093
107716656,4.237987,-5.9216857,2.4417224
107716666,4.3122325,-4.782854,4.084706
107716676,4.30864,-3.6188745,1.1172767
107716693,5.9133034,-5.1876125,3.8440063
107716703,7.0784802,-9.619596,3.7781434
107716713,6.1791506,-6.285729,-0.3293152
107716722,6.7431774,-5.7660093,-1.2825329
107716732,8.289163,-11.290122,7.2880445
107716742,8.608898,-13.7701645,8.339458
107716752,7.956255,-5.101392,1.4789245
107716762,8.499925,-5.2235374,-3.2751892
107716771,5.908513,-10.98356,-0.88735473
107716781,7.1371584,-13.046869,-1.6453785
107716791,8.199349,-10.358459,-3.6260595
107716801,7.0174074,-6.205496,-4.453539
107716810,5.892946,-0.6933582,1.472937
107716820,2.76984,0.91489744,3.2105236
107716830,1.8621277,2.757865,3.97693
107716840,1.6453785,0.31015503,6.724017
107716850,2.0728893,-5.1924024,6.2965064
107716859,4.387676,-7.771838,3.598517
107716869,7.3982153,-9.453142,1.165177
107716879,7.61257,-9.662706,2.271676
107716889,6.0965223,-9.157357,3.906277
107716899,3.0129347,-10.333312,0.5879773
107716908,-0.37482056,-10.049502,-4.452341
107716918,-2.147135,0.9568103,-1.5986755
107716928,6.065387,-6.495293,-9.18011
107716938,6.9527416,-11.268567,-4.296665
107716947,5.9767714,-8.458012,2.1291723
107716957,6.0055113,-6.2330384,7.1024303
107716967,6.9263964,-5.7001467,11.292517
107716977,9.034014,-3.624862,17.535135
107716987,9.126222,-3.4093103,23.144272
107716996,6.2725563,-11.706856,11.536809
107717006,-0.8741821,-10.593171,8.893905
107717016,0.42152345,-6.1120896,2.4872277
107717026,9.171727,-5.1433043,-1.0669812
107717036,12.420571,-7.5443115,-0.32811767
107717045,10.806328,-11.235037,1.6932788
107717055,7.289242,-11.033855,2.381847
107717065,5.332511,-6.4809227,1.595083
107717075,6.211483,-5.2403026,4.0368056
107717084,5.386399,-8.933423,7.2437367
107717094,5.1121693,-8.698711,7.2389464
107717104,6.085745,-3.3662,6.1061025
107717114,6.4653554,-3.8931043,1.1029065
107717124,4.0978785,-4.099076,0.4646338
107717133,2.6979895,-4.9996033,-1.4992822
107717143,2.0142114,-1.3687537,-3.4751732
107717153,3.6655774,-7.6317296,-12.014615
107717163,3.5578015,-5.971981,-8.456814
107717173,8.520282,-4.3278003,-9.444759
107717182,3.150648,-3.473976,-3.1243029
107717192,-5.344486,-7.0952454,-6.373147
107717202,-4.605623,-7.557484,-9.371712
107717212,-0.7268884,-7.0341725,-9.13221
107717221,3.359015,-10.488988,-8.04487
107717231,4.093088,-13.103152,-6.221063
107717241,3.8679566,-11.369158,-2.4740553
107717256,4.0320153,-8.496332,-0.69216067
107717266,2.3147864,-6.859336,1.4250367
107717276,1.3687537,-8.869955,-1.7902771
107717286,2.9770093,-9.885443,-4.3230104
107717295,4.190087,-9.136999,-4.60203
107717305,6.2653713,-10.012379,-6.7623377
107717315,6.2713585,-11.43502,-7.3371425
107717325,6.4186525,-13.548626,-5.436694
107717335,5.1289344,-13.870755,-2.7949877
107717344,3.4608033,-16.22506,-3.5973194
107717354,3.8212538,-16.00831,-3.2236962
107717364,6.387517,-14.305451,-3.2835717
107717374,7.047345,-11.158396,-3.9170544
107717383,5.7540345,-8.933423,-4.2391844
107717393,5.987549,-10.13213,-4.106261
107717403,3.8679566,-10.74286,0.008382568
107717413,3.119513,-11.115286,-0.432301
107717423,-1.3519886,-8.046068,1.5675403
107717432,-2.123185,-1.3184582,1.465752
107717442,-0.16166382,1.583108,3.7158728
107717452,0.2802173,2.6656568,4.7133985
107717462,2.5902135,0.48259643,5.4821997
107717472,2.809358,-5.879773,9.308244
107717481,-0.61073,-9.382489,14.632372
107717491,-3.3673975,-9.820778,18.650017
107717501,-3.9457946,-5.874983,17.972227
107717511,-3.4943335,-2.0249891,15.632293
107717520,-2.5027955,1.2801379,11.63261
107717530,-3.7517982,1.3471985,10.083033
107717540,-3.8954992,0.5628296,7.029382
107717550,-1.4058765,0.20597167,6.1983104
107717560,2.6800268,6.239026,3.5446289
107717569,6.497688,9.696237,-1.1053015
107717579,10.4566555,4.7457314,-2.581831
107717589,10.706935,-7.2784643,4.855902
107717599,3.9469922,-10.708133,17.056131
107717609,0.29937744,-8.175399,16.519648
107717618,1.035846,-3.0919702,10.080637
107717628,1.7507592,4.0344105,6.4940953
107717638,1.3280383,8.429272,5.276228
107717648,0.60234743,8.721463,5.7049365
107717657,0.9831555,5.5360875,6.2977037
107717667,3.4667907,0.91849,5.6007533
107717677,5.733677,-3.3362622,6.697672
107717687,5.398374,-5.6893687,8.890312
107717697,3.612887,-4.8642845,10.31535
107717706,2.1615052,-0.9580078,10.431507
107717716,3.690725,2.186653,9.5070305
107717726,5.2917957,2.7937903,3.8200562
107717736,4.7325587,3.4608033,4.7277684
107717746,3.661985,1.8010547,7.379055
107717755,2.3159838,0.061072998,6.509663
107717765,0.4035608,0.46343628,6.898854
107717775,0.55803955,0.44786865,5.0822315
107717785,3.5877392,0.58438474,6.052214
107717794,5.0091834,-1.3819263,8.743019
107717804,3.4512231,-1.9902612,8.6077
107717814,3.4440382,-0.4682263,6.678512
107717824,4.0559654,-0.674198,6.835386
107717834,2.642904,-0.3820056,8.36221
107717843,0.9412427,0.31494507,9.860295
107717853,0.2203418,0.38799316,17.589024
107717863,6.7132397,-2.6033862,2.15432
107717873,10.978769,-4.414021,-1.9675086
107717883,9.263935,3.297942,4.614005
107717892,6.12646,4.700226,8.772957
107717902,3.7769458,0.4394861,8.878338
107717912,4.176914,-1.7902771,11.133248
107717922,5.8198977,-0.55324954,14.019247
107717931,5.5097423,1.2621753,23.339466
107717941,4.472699,1.6250207,17.636925
107717951,8.766969,4.5397596,9.364527
107717961,12.00743,7.0233946,-0.6514453
107717971,15.141314,3.7781434,6.3791347
107717980,8.992101,-1.9208057,7.0976405
107717990,1.1208692,-1.9543359,14.778468
107718000,-0.11256592,3.446433,9.690249
107718010,3.3446448,11.027867,2.0022364
107718020,4.9205675,9.382489,5.3600535
107718029,2.518363,1.895658,5.3875966
107718039,1.7699194,-2.5806336,5.78038
107718049,4.087101,-0.49696654,8.135881
107718059,5.684579,-0.8921448,4.5373645
107718068,4.7601013,-0.9687854,4.3780956
107718078,2.0968397,-0.48379394,5.994734
107718088,2.567461,-1.0130932,5.494175
107718098,2.5051904,-0.6143225,3.8871167
107718108,1.653761,-1.5519726,4.2583447
107718117,1.5100598,-1.299298,5.078639
107718127,1.0849439,-3.290757,3.422483
107718137,0.27782226,-9.2328005,2.2608984
107718147,-0.81789917,-15.868202,4.211642
107718157,-2.2920337,-21.975502,6.157595
107718166,-2.9770093,-23.32749,6.15041
107718176,-1.465752,-20.672611,7.606582
107718186,1.0310559,-16.949553,6.973099
107718196,1.7004639,-13.194162,4.7840514
107718205,1.1232642,-9.704619,2.757865
107718215,0.55923706,-6.991062,3.0500574
107718225,0.8681946,-1.8178198,2.5483007
107718235,3.7889209,-0.38559815,0.3412903
107718245,4.336183,1.6848962,7.09285
107718254,6.5060706,4.714596,4.4487486
107718264,2.1674926,9.3453665,4.7181883
107718274,0.74604857,8.82445,5.090614
107718284,3.8116736,4.851112,7.96823
107718294,9.574091,-1.7794995,5.4342995
107718303,13.159435,4.108656,12.239747
107718313,9.5070305,4.525389,10.005194
107718323,3.4212854,1.2729529,8.558602
107718333,-0.5760022,0.3436853,8.071216
107718343,0.04670288,0.29099488,7.0557275
107718352,1.5759228,2.899171,8.702304
107718362,2.8476782,2.4441175,10.568024
107718372,3.075205,-3.6356397,10.532099
107718382,3.0776,-6.246211,9.722582
107718391,3.4655933,-6.6210313,12.597803
107718401,5.962401,-11.25779,10.599159
107718411,8.649613,-9.684261,10.529703
107718421,11.814631,-7.306007,6.199508
107718431,9.698631,-3.7122803,8.523874
107718440,7.037765,-4.58287,7.237749
107718450,2.384242,-2.2393432,10.585986
107718460,2.0381615,0.3580554,9.9081955
107718470,3.2895594,-4.29427,7.2904396
107718480,3.37099,-10.491383,5.9612036
107718489,5.0235534,-6.387517,5.407954
107718499,7.6796303,-1.2358301,5.024751
107718509,6.643784,-0.6813831,5.9216857
107718519,5.9468336,-0.9364526,4.7110033
107718529,3.7050953,-11.122471,10.100995
107718538,4.421206,-8.721463,10.431507
107718548,4.4762917,2.2297633,9.836346
107718558,5.8654027,5.4905825,-9.042397
107718568,1.6262183,-8.527467,5.5384827
107718577,0.96399534,-23.993305,0.3939807
107718587,8.242459,-10.835069,2.323169
107718597,9.260343,1.3280383,-6.0809546
107718607,6.375542,1.0214758,-3.1626234
107718617,2.955454,-6.8317933,2.2704785
107718626,2.8249254,-8.155042,5.109774
107718636,4.118236,-7.1203933,8.911868
107718646,3.1698084,-5.3923864,9.248368
107718656,3.605702,-3.0165272,6.219866
107718666,5.6318884,-2.9362938,3.5266662
107718675,7.7227407,-4.4271936,-0.6993457
107718685,9.801618,-5.285808,-7.6413097
107718695,9.404044,-12.108021,-1.1196716
107718705,9.729767,-15.207176,4.2415795
107718714,7.204219,-3.2835717,2.5411158
107718724,6.043832,-2.5219555,-0.8202942
107718734,5.330116,-5.8881555,1.8285974
107718744,6.243816,-7.301217,4.5565248
107718754,6.9587293,-6.347999,5.532495
107718763,6.898854,-6.849756,4.6164002
107718773,6.4078746,-7.811356,4.9205675
107718783,5.659431,-6.431825,5.0630713
107718793,4.5050316,-5.095404,4.660708
107718803,4.667893,-6.427035,2.8045678
107718812,5.0427136,-11.32006,-0.8490344
107718822,2.022594,-2.7973828,11.043435
107718832,6.277346,-3.7673657,-9.811197
107718842,9.455537,-6.441405,1.3759388
107718852,5.6558385,-9.855505,2.1088147
107718861,3.307522,-0.8370593,12.454102
107718871,6.524033,-0.368833,6.8317933
107718881,6.9527416,-1.3711487,13.976136
107718891,6.758745,-2.5471032,10.225536
107718900,6.3503942,-4.3792934,8.656798
107718910,5.1780324,-4.070336,6.8820887
107718920,7.6568775,-1.8741028,4.455934
107718930,9.086704,-3.5997143,4.0092626
107718940,7.7909985,-7.846084,6.413862
107718949,6.013894,-12.366683,5.6270986
107718959,2.74589,-8.666378,8.122708
107718969,2.9087512,-4.9852333,5.5935683
107718979,5.5851855,-4.0978785,8.028106
107718989,5.889353,-4.949308,7.491621
107718998,5.386399,-3.354225,7.780221
107719008,6.187533,-3.5757642,6.868916
107719018,6.671327,-1.4849122,3.5290613
107719028,7.0245924,-2.8297155,9.366921
107719038,6.636599,-11.681707,4.372108
107719047,2.997367,-17.67285,1.6860938
107719057,0.57480466,-3.37578,0.1592688
107719067,5.80433,-2.9039612,-0.8586145
107719077,5.5312977,-3.8871167,-0.8430469
107719086,5.7217016,-8.186176,-0.4179309
107719096,5.821095,-8.446036,0.52091676
107719106,6.4653554,-10.105785,-2.1291723
107719116,8.201744,-9.624386,-3.5578015
107719126,8.02571,-9.1130495,-3.7721558
107719135,7.4054003,-6.8964586,-1.284928
107719145,6.779103,-5.9228835,-0.11256592
107719155,5.9707837,-4.6643004,1.2741504
107719178,4.8822474,-4.90021,4.8870373
107719188,3.7601807,-2.7375073,6.3156667
107719198,3.9996827,-2.1603076,7.608977
107719208,5.1433043,-3.6356397,6.2318406
107719217,5.518125,-8.05924,-1.2430152
107719227,3.9901025,-8.55501,-2.7051744
107719237,3.6045043,-7.110813,2.4129822
107719247,5.476212,-7.9083543,8.721463
107719256,4.6403503,-10.493778,11.287727
107719266,3.0177245,-13.755795,11.3571825
107719276,2.7339149,-13.333074,5.2678456
107719286,5.069059,-9.093889,-0.69575316
107719296,5.9372535,-7.03537,-3.8607714
107719305,5.7564297,-9.456735,-6.6569567
107719315,4.445156,-9.751322,-5.045109
107719325,6.194718,-11.241024,-8.586145
107719335,5.3780165,-9.728569,-3.7829332
107719345,6.1587925,-6.0126967,3.554209
107719354,5.612728,-1.2382251,6.43422
107719364,2.137555,-1.4082714,7.303612
107719374,1.8058448,-7.444918,7.4197707
107719384,4.406836,-7.970625,9.22801
107719393,7.891589,-4.7385464,9.177715
107719403,9.325008,-5.6330857,7.9502673
107719413,7.9275146,-9.431587,1.6106507
107719423,3.547024,-5.6953564,3.5578015
107719433,3.7314405,-4.819977,0.37003052
107719442,5.994734,-4.3565407,-1.2561878
107719452,7.494016,-4.388873,-0.23710693
107719462,9.358539,-8.153844,-3.6392322
107719472,8.382568,-8.061636,1.4765296
107719482,10.805131,-6.525231,-1.463357
107719491,6.41506,-3.5757642,1.9112256
107719501,4.454736,-6.615044,-2.032174
107719511,1.5878979,-3.3817675,-3.2296839
107719521,4.9720607,-4.5768824,-5.598358
107719531,7.247329,-6.492898,-4.2799
107719540,7.6592727,-3.7793407,-5.116959
107719550,6.331234,-5.0977993,-6.5360084
107719560,2.217788,-5.606741,-3.39015
107719570,-1.9974463,-9.008866,-10.475816
107719579,-4.6104126,-8.155042,-9.26154
107719589,-1.0813513,-8.345446,-12.715158
107719599,1.9878662,-9.798025,-13.728252
107719609,5.8438478,-12.723541,-9.44955
107719619,7.65089,-8.9585705,-2.6752367
107719631,7.420968,-5.2510805,-0.034727782
107719641,4.012855,-7.244934,-0.0047900393
107719651,0.9412427,-10.032737,-2.0824695
107719661,3.1362782,-11.0757675,-5.762417
107719671,6.5216384,-9.207653,-6.9503465
107719680,7.108418,-9.886641,-6.7431774
107719690,5.725294,-10.985954,-6.098917
107719700,3.4356556,-15.821499,-5.2235374
107719710,4.221222,-15.895744,-1.8537451
107719720,2.7482848,-12.850477,-3.4667907
107719729,3.5338514,-15.020365,-3.436853
107719739,4.8726673,-12.9355,-5.618716
107719749,4.093088,-14.087505,-4.998406
107719759,4.9301476,-11.268567,-6.192323
107719768,4.7349534,-10.0207615,-5.384004
107719778,5.6318884,-12.572655,-4.3637257
107719788,4.406836,-12.606185,0.6706055
107719798,1.771117,-12.055331,1.0717713
107719808,-0.81310916,-11.048225,-0.040715333
107719817,-1.0059083,-5.701344,3.3458424
107719827,-0.33889526,-3.490741,5.974376
107719837,0.12693603,2.77463,4.199667
107719847,3.3230896,2.8859985,2.7051744
107719857,3.2081287,1.0526111,3.918252
107719866,1.6753162,-0.6825806,7.7838135
107719876,0.183219,-2.1148024,11.290122
107719886,-0.009580079,-2.7758276,12.27208
107719896,-1.350791,-2.950664,13.333074
107719905,-0.9089099,-3.4967284,11.584709
107719915,-0.5029541,-5.358856,11.65656
107719925,0.4430786,-3.6727624,9.283095
107719935,2.6680517,-1.785487,6.7192273
107719945,4.770879,-0.66342044,3.9278321
107719954,3.7625756,-1.3927039,7.205416
107719964,2.027384,-0.019160157,7.516769
107719974,1.7998571,1.1855347,4.4738965
107719984,1.6992663,1.3639636,4.162544
107719994,1.223855,0.19758911,7.0018396
107720003,1.7016613,-0.77838135,8.552615
107720013,2.7842102,-2.3507116,7.3275623
107720023,2.9985645,-2.4884253,6.6988697
107720033,1.353186,-1.6022681,9.110654
107720042,-0.39757323,-0.55923706,11.6876955
107720052,-0.7149133,1.6825012,15.2682495
107720062,0.0371228,5.863008,12.773837
107720072,3.3123121,8.279583,1.0861413
107720082,5.3947816,4.277505,6.6210313
107720091,7.122788,5.6318884,2.9889843
107720101,9.8519125,1.3124707,-3.5314562
107720111,10.12734,-4.0368056,-0.6730005
107720121,9.451944,-10.471025,5.0558863
107720131,7.0724926,-14.982044,10.654244
107720140,2.6201513,-11.565549,14.783258
107720150,0.5783972,-5.647456,9.936936
107720160,1.3100756,1.5352075,7.3467226
107720170,2.718347,7.36708,5.9839563
107720179,4.1170387,8.704699,5.915698
107720189,4.4439588,7.2161937,6.9922595
107720199,4.435576,4.940925,6.7312026
107720209,4.88584,3.39015,9.291478
107720219,3.7314405,0.50894165,11.669733
107720228,1.8190173,-3.578159,13.361814
107720238,2.3674767,-2.8045678,1.5100598
107720248,9.643546,-1.5076648,3.0476623
107720258,9.663904,0.87777466,1.0849439
107720268,5.7133193,4.4427614,3.6212695
107720277,3.5410364,1.5555652,10.675799
107720287,3.913462,-3.859574,8.420889
107720297,4.733756,-3.4428406,10.528506
107720307,5.867798,-2.5554857,8.460406
107720316,7.0090246,-2.9817994,11.739188
107720326,6.636599,-3.3003368,17.514778
107720336,2.0872595,-1.6944764,23.969355
107720346,0.94842774,2.15911,15.59038
107720356,7.2018237,4.5684996,5.2846107
107720365,11.619437,3.754193,3.7362304
107720375,10.528506,-0.11615845,4.975653
107720385,8.446036,-0.04430786,3.6703675
107720395,8.834029,6.308481,-0.92328
107720405,8.722661,1.6848962,11.329639
107720414,-0.6442602,3.253634,11.37275
107720424,-1.5447876,-0.613125,1.5304174
107720434,4.125421,3.1302905,4.315825
107720444,7.3850427,2.14953,3.7685633
107720453,5.429509,-0.4670288,6.5012803
107720463,2.2561083,-2.1459374,7.862849
107720473,1.0059083,-3.133883,7.1994286
107720483,0.93286014,-4.028423,6.878496
107720493,0.42751098,-3.5122962,7.474856
107720502,-0.065863036,-4.812792,6.308481
107720512,-0.7532337,-7.9909825,6.309679
107720522,-1.1879296,-13.227693,6.8868785
107720532,-1.4885046,-17.483643,7.056925
107720542,-1.52922,-20.049906,6.326444
107720551,-0.45984375,-19.1398,7.677235
107720561,1.2573853,-16.87411,6.6988697
107720571,1.3974938,-13.237273,5.2630553
107720581,1.040636,-9.968071,3.7996986
107720590,1.0011182,-6.3180614,3.6775525
107720600,2.950664,-4.333788,-0.9460327
107720610,2.642904,-3.3087194,2.4153771
107720620,2.2405407,3.67396,8.807684
107720630,1.8537451,4.907395,0.9855505
107720639,3.5745666,7.834109,9.481882
107720649,3.5398388,3.2093263,4.0200405
107720659,6.219866,5.051096,0.5903723
107720669,10.855426,5.78038,9.24717
107720679,5.3624487,6.7922754,4.829557
107720688,5.52052,3.993695,2.396217
107720698,6.73719,-1.4250367,6.564749
107720708,5.5827904,-5.1792297,11.716435
107720718,6.347999,-5.660629,11.437416
107720727,8.472382,-4.374503,9.926159
107720737,10.368039,-7.413783,10.365644
107720747,9.010063,-12.454102,14.538966
107720757,6.878496,-10.965597,13.206138
107720767,4.89542,0.2814148,7.4832387
107720776,4.526587,4.2643323,6.370752
107720786,4.387676,-11.517649,7.988588
107720796,2.7722352,-10.263856,11.2518015
107720806,7.7886033,0.23590942,6.205496
107720816,8.994495,-4.5912523,4.7553115
107720825,3.3434472,-10.764416,12.593013
107720835,2.46687,-7.9179344,11.114088
107720845,3.9589672,-0.11136841,8.929831
107720855,3.3697925,2.1507275,8.329878
107720865,5.429509,4.8103967,10.673405
107720874,7.6484947,5.363646,8.618478
107720884,9.004076,-7.6425076,3.8080812
107720894,0.7580237,-11.524834,8.727451
107720904,-3.9613624,-3.8308337,9.043593
107720913,2.2297633,4.5325747,3.4835558
107720923,7.8616514,-15.983163,-9.172925
107720933,-0.10657837,-0.54247195,2.0118165
107720943,3.5889368,-10.042316,-9.631571
107720953,4.9109874,-9.551338,-2.5447083
107720962,3.2356713,-10.935659,-3.8320313
107720972,6.182743,-7.852072,-4.2595425
107720982,6.688092,-7.458091,-7.618557
107720992,6.3923073,-8.757389,-6.5360084
107721002,6.11688,-9.253158,-3.4380505
107721011,6.074967,-9.257948,-1.0059083
107721021,6.0713744,-10.386003,-1.3256433
107721031,5.6785913,-9.109457,-0.45864624
107721041,3.4620008,-6.234236,3.9122643
107721050,1.9471508,-6.963519,3.3242872
107721060,1.2777429,-9.474697,5.9468336
107721070,5.805527,-14.319821,10.777588
107721080,8.498727,-10.029144,11.674522
107721090,6.094127,-2.3171813,6.680907
107721099,4.9014072,-3.187771,4.169729
107721109,3.9577699,-7.9574523,4.2343946
107721119,5.116959,-9.040001,3.3434472
107721129,6.8246083,-6.1372375,2.45729
107721139,7.5251513,-6.9048414,-0.07783814
107721148,6.2965064,-6.052214,2.5830286
107721158,6.7755103,-5.503755,0.64186525
107721168,6.9611244,-4.296665,3.1434631
107721178,6.0498195,-3.1626234,3.6009119
107721187,6.0222764,-2.0453467,5.3828063
107721197,6.7276096,-2.757865,6.6354017
107721218,7.167096,-3.551814,6.8880763
107721228,7.5526943,-4.7624965,5.1313295
107721238,8.178991,-6.189928,3.918252
107721248,7.941885,-5.908513,4.099076
107721257,7.4497085,-5.1924024,3.7757483
107721267,6.9778895,-4.5325747,3.2715967
107721277,6.1671753,-4.4499464,3.248844
107721287,5.315746,-5.327721,3.969745
107721297,3.3877552,-6.319259,7.1443434
107721306,1.104104,-8.078401,8.448431
107721316,0.30895752,-9.849518,9.77168
107721326,-1.2382251,-9.498648,10.771601
107721336,-1.7687219,-4.3565407,7.1994286
107721346,2.5842261,-0.27782226,4.6966333
107721355,7.406598,1.971101,6.779103
107721365,9.721384,-0.022752685,6.6557593
107721375,10.164463,-5.6630235,7.5107813
107721385,7.249724,-8.565787,10.827884
107721394,3.812871,-6.245013,11.843371
107721404,3.424878,-0.5149292,12.480447
107721414,4.712201,1.0083032,12.625345
107721424,4.6882505,2.0932472,13.403727
107721434,5.0019984,-2.3219714,8.27599
107721443,4.9576902,-7.5526943,3.3638048
107721453,2.0932472,-10.843451,7.211404
107721463,-1.3495935,-9.836346,16.441809
107721473,1.7998571,-5.4187317,12.638518
107721483,5.1109715,-7.96344,6.9599266
107721492,0.7388635,-8.514295,2.1459374
107721502,-2.1926403,-10.057884,6.41506
107721512,1.2597803,-11.433824,7.2389464
107721522,3.2739916,-10.830278,6.0546093
107721531,3.0237122,-10.933264,5.221143
107721541,4.5397596,-6.5372057,5.421127
107721551,3.0308971,-5.0103807,3.622467
107721561,4.485872,-3.2680042,1.5711328
107721571,4.878655,-2.147135,3.5458264
107721580,4.6619053,-0.6143225,3.8751416
107721590,3.98651,0.11735596,4.190087
107721600,3.561394,0.0059875487,4.8379393
107721610,3.6679723,-0.45744872,5.605543
107721620,4.0092626,-0.9556128,6.267766
107721629,4.3768983,-0.9508228,6.4881077
107721639,4.301455,-0.71730834,6.6749196
107721649,4.1314087,-0.09460327,6.526428
107721659,3.8368213,0.7747888,6.8317933
107721668,3.497926,1.5531702,6.7204247
107721678,3.4895434,1.9950513,6.9132237
107721688,3.4200878,2.020199,7.122788
107721698,3.4164953,1.9806812,7.5131764
107721708,3.2680042,2.1734803,7.6640625
107721717,2.9279113,2.43813,7.9598475
107721727,2.6297314,2.7219398,8.392148
107721737,2.330354,3.0859826,8.623268
107721747,2.027384,3.317102,8.610095
107721757,1.7459693,3.36141,8.502319
107721766,1.5435901,3.2440538,8.473579
107721776,1.2274475,3.0560448,8.723859
107721786,1.0801538,2.9734168,8.752599
107721796,0.68377805,2.931504,8.544232
107721805,0.38679564,3.0764027,8.217312
107721815,0.17483643,3.3721876,8.0999565
107721825,-0.028740235,3.5973194,8.061636
107721835,-0.0035925293,3.6559973,8.334668
107721845,-0.040715333,3.5817518,8.629255
107721854,-0.03592529,3.5865417,8.770561
107721864,0.13172607,3.4524207,8.832832
107721874,0.27542725,3.3602123,8.759784
107721884,0.45026368,3.321892,8.634046
107721894,0.6394702,3.1530433,8.625663
107721903,0.74125856,2.7518775,8.751401
107721913,0.7735913,2.6369164,8.916657
107721923,0.6538403,2.687212,9.031619
107721933,0.5233118,3.2105236,9.043593
107721942,0.6538403,3.4164953,9.075927
107721952,0.6730005,3.4476306,9.084309
107721962,0.48499146,3.3721876,9.347761
107721972,0.3927832,3.0644274,9.55972
107721982,0.3161426,2.7446923,9.782457
107721991,0.16884887,2.4656725,9.899814
107722001,0.09220825,2.4584875,9.875863
107722011,0.03592529,2.4297473,9.909393
107722021,-0.0059875487,2.5734484,9.83395
107722031,0.0035925293,2.9482691,9.7321615
107722040,-0.07783814,3.119513,9.562116
107722050,-0.07544312,3.3290772,9.423204
107722060,-0.10178833,3.314707,9.353748
107722070,-0.17363891,3.3494349,9.396859
107722079,-0.123343505,3.1015503,9.183702
107722089,-0.025147704,2.9291089,9.148974
107722099,0.04790039,2.8452833,8.91067
107722109,0.10178833,2.9327013,8.817265
107722119,0.17483643,3.06323,8.687933
107722128,0.085023195,3.2883618,8.493937
107722138,0.13891113,3.4643958,8.54064
107722148,0.27183473,3.473976,8.525072
107722158,0.4071533,3.4943335,8.519085
107722168,0.46223876,3.314707,8.614885
107722177,0.42751098,3.1015503,8.732242
107722187,0.5125342,2.9147387,8.777746
107722197,0.40954834,2.8440857,8.769364
107722207,0.45026368,2.9746141,8.766969
107722216,0.42751098,3.0919702,8.81008
107722226,0.47181883,3.1865735,8.721463
107722236,0.37721556,3.3422499,7.3143897
107722246,0.05149292,3.5410364,8.533455
107722256,0.57480466,3.4033227,8.394544
107722265,0.88974977,3.06323,8.386161
107722275,0.8454419,2.630929,8.637638
107722285,0.5831873,2.6093738,8.58375
107722295,0.76640624,2.6441016,8.341853
107722305,0.676593,2.5099804,8.468789
107722314,0.6430628,2.826123,8.393346
107722324,0.4754114,2.990182,8.691525
107722334,0.23710693,3.1051428,8.899893
107722344,0.48738647,3.2368689,8.986114
107722354,0.4921765,3.39015,8.943003
107722363,0.5903723,3.321892,8.977731
107722373,0.74604857,3.2811768,8.971744
107722383,0.8705896,3.1482532,9.022038
107722393,1.0178833,3.0249097,9.104667
107722402,0.53528684,2.7494824,9.043593
107722412,0.082628176,2.9710217,9.084309
107722422,0.24309449,2.982997,8.879535
107722432,0.5724097,3.0009594,8.826844
107722442,0.57959473,2.9961693,8.82924
107722451,0.49696654,3.187771,8.6771555
107722461,0.6274951,3.3182995,8.463999
107722471,0.732876,3.1865735,8.413704
