305528324,-0.37482056,-4.5122166,6.981482
305528334,-0.062270507,-4.740941,6.815028
305528344,-0.0071850587,-5.029541,7.019802
305528436,0.7089258,-5.684579,7.570657
305528441,0.61552,-5.8474402,7.501201
305528451,0.64545774,-5.7528367,7.5766444
305528461,0.62989014,-5.7540345,7.4101906
305528471,0.62989014,-5.7348742,7.4664736
305528480,0.5903723,-5.6175184,7.453301
305528490,0.50774413,-5.4702244,7.3539076
305528500,0.41433838,-5.4271145,7.225774
305528510,0.47062135,-5.6175184,7.122788
305528520,0.4287085,-5.889353,7.1275783
305528529,0.4394861,-5.9061184,7.2976246
305528539,0.44547364,-5.8414526,7.316785
305528549,0.33650026,-5.5025573,7.2078114
305528559,0.23830444,-5.3373013,6.9539394
305528569,0.2586621,-5.181625,6.8485584
305528578,0.21914428,-5.158872,6.947952
305528588,0.2323169,-5.252278,6.9216065
305528598,0.13412109,-5.1385145,6.852151
305528608,0.11975098,-5.0582814,6.868916
305528617,-0.0035925293,-4.9672704,6.974297
305528627,-0.13891113,-4.8379393,6.946754
305528637,-0.22992188,-4.775669,6.866521
305528647,-0.21315674,-5.003196,6.8413734
305528657,-0.27303222,-4.90979,6.991062
305528666,-0.3305127,-4.9277525,6.9036436
305528676,-0.30895752,-4.9600854,6.9216065
305528686,-0.30296996,-5.007986,6.819818
305528696,-0.3820056,-4.8451247,6.827003
305528705,-0.32692015,-4.8822474,6.7623377
305528715,-0.27782226,-4.9229627,6.6066613
305528725,-0.20716919,-5.0019984,6.5204406
305528735,-0.32811767,-4.9924183,6.5360084
305528745,-0.5376819,-4.9301476,6.3132715
305528754,-0.5292993,-4.6523256,5.9767714
305528764,-0.7268884,-4.3278003,5.684579
305528774,-1.0274634,-4.113446,5.21276
305528784,-1.045426,-3.9517822,4.775669
305528794,-1.228645,-4.2391844,4.2858872
305528803,-1.2166699,-5.0331335,3.9829175
305528813,-1.343606,-5.637876,3.8799317
305528823,-1.5232325,-6.1959157,3.7745507
305528833,-1.5004797,-6.6425867,3.441643
305528842,-1.7399817,-6.9024463,3.0105395
305528852,-2.0130138,-6.9263964,2.6812243
305528862,-2.1854553,-6.788683,2.217788
305528872,-2.278861,-7.028185,1.2454102
305528882,-2.3495142,-7.4149804,0.6227051
305528891,-2.4716601,-7.9502673,0.18561402
305528901,-2.3674767,-9.207653,-0.32093263
305528911,-2.1279747,-10.611134,-0.49337402
305528921,-1.9291883,-11.609858,-0.4682263
305528930,-1.8561401,-11.821816,-0.35206786
305528940,-1.585503,-11.635005,-0.5640271
305528950,-1.3819263,-11.1320505,-0.66940796
305528960,-1.2549902,-10.334509,-1.0885364
305528970,-1.1076965,-9.590856,-1.4932947
305528979,-0.87657714,-8.822055,-2.0920496
305528989,-0.52091676,-8.529862,-2.75068
305528999,-0.09939331,-8.837622,-3.3446448
305529009,0.086220704,-9.8590975,-3.5374439
305529018,0.0,-11.124866,-3.5386415
305529028,-0.10777588,-11.763139,-3.556604
305529038,-0.21195923,-11.590697,-3.739823
305529048,-0.13651611,-11.003918,-4.093088
305529058,0.12693603,-10.632689,-4.397256
305529067,0.40835083,-10.401569,-4.557722
305529077,0.4155359,-10.453063,-4.6175976
305529087,0.31494507,-10.457852,-4.5146117
305529097,0.35206786,-10.546469,-4.7253737
305529107,0.23111938,-10.7237,-4.743336
305529116,0.11735596,-10.548863,-4.6726832
305529126,0.015567627,-10.431507,-4.5912523
305529136,-0.062270507,-10.051897,-4.749324
305529146,-0.08981323,-9.645941,-4.758904
305529155,-0.081430666,-9.351354,-4.7744713
305529165,-0.2203418,-9.114246,-4.7529163
305529175,-0.42511597,-8.993299,-4.60682
305529185,-0.52570677,-8.788525,-4.536167
305529195,-0.796344,-8.811276,-4.6654983
305529204,-0.9807605,-8.699908,-4.660708
305529214,-1.0885364,-8.727451,-4.812792
305529224,-1.3519886,-8.866363,-4.9014072
305529234,-1.526825,-9.036408,-4.8726673
305529243,-1.7543519,-8.914263,-4.918173
305529253,-1.905238,-8.640033,-4.9924183
305529263,-2.0848646,-8.484357,-5.139712
305529273,-2.222578,-8.327483,-5.2175503
305529283,-2.2752686,-8.085586,-5.2139573
305529292,-2.4249573,-7.865244,-5.3384986
305529302,-2.5483007,-7.877219,-5.301376
305529312,-2.743495,-7.7347155,-5.254673
305529322,-2.830913,-7.7502832,-5.4019666
305529332,-2.9734168,-7.8820095,-5.50615
305529341,-3.0237122,-7.9083543,-5.5301
305529351,-3.150648,-7.95386,-5.522915
305529361,-3.190166,-7.820936,-5.605543
305529371,-3.070415,-7.6856174,-5.891748
305529380,-2.9794042,-7.4640784,-5.9444385
305529390,-3.102748,-7.3347473,-5.910908
305529400,-3.004552,-7.2245765,-5.9959316
305529410,-2.9135413,-7.164701,-5.957611
305529420,-3.0009594,-7.09285,-5.9025254
305529429,-2.9135413,-7.1443434,-5.7935524
305529439,-2.7159522,-7.174281,-5.8761806
305529449,-2.6464965,-7.2078114,-5.918093
305529459,-2.4932153,-6.9204087,-6.1599903
305529468,-2.45729,-6.77072,-6.3180614
305529478,-2.5075855,-6.644982,-6.41985
305529488,-2.4129822,-6.6138463,-6.3767395
305529498,-2.266886,-6.6892896,-6.324049
305529508,-2.3411317,-6.7192273,-6.3204565
305529517,-2.2189856,-6.7216225,-6.270161
305529527,-2.0369642,-6.8389783,-6.268964
305529537,-2.010619,-7.09285,-6.5060706
305529547,-2.1267774,-7.2245765,-6.4940953
305529556,-2.0944445,-7.282057,-6.490503
305529566,-1.9627185,-7.413783,-6.564749
305529576,-1.8776953,-7.4485106,-6.5204406
305529586,-1.839375,-7.213799,-6.7204247
305529596,-1.8980529,-6.9503465,-6.842571
305529605,-1.9040406,-6.76593,-6.835386
305529615,-1.890868,-6.835386,-6.7407823
305529625,-1.9375708,-7.0162096,-6.8305955
305529635,-2.0896544,-7.150331,-6.715635
305529653,-2.1207898,-7.3982153,-6.6473765
305529663,-2.1327648,-7.4341407,-6.7599425
305529673,-2.1686902,-7.4293504,-6.76593
305529682,-2.2321582,-7.444918,-6.8772984
305529692,-2.3674767,-7.230564,-6.9527416
305529702,-2.398612,-7.0006423,-6.821016
305529712,-2.445315,-6.8341885,-6.849756
305529721,-2.586621,-6.673722,-6.9311867
305529731,-2.7135572,-6.6557593,-6.9120264
305529741,-2.9362938,-6.671327,-6.9335814
305529751,-2.962639,-6.6557593,-6.986272
305529761,-3.0919702,-6.5695386,-7.013815
305529770,-3.171006,-6.6006737,-7.1383557
305529780,-3.3135095,-6.547983,-7.244934
305529790,-3.206931,-6.605464,-7.219786
305529800,-3.2787817,-6.5767236,-7.186256
305529810,-3.194956,-6.3432093,-7.2976246
305529819,-3.1985486,-6.100115,-7.3491173
305529829,-3.1805859,-6.0318565,-7.36708
305529839,-3.2332764,-5.9767714,-7.2736745
305529849,-3.1470556,-6.074967,-7.213799
305529858,-3.1686108,-6.065387,-7.1275783
305529868,-3.126698,-6.011499,-7.198231
305529878,-3.109933,-5.9923387,-7.155121
305529888,-3.214116,-6.1061025,-7.268884
305529898,-3.1518457,-6.0426345,-7.197034
305529907,-3.2440538,-6.028264,-7.316785
305529917,-3.2380664,-5.78038,-7.4413257
305529927,-3.1422656,-5.8330703,-7.404203
305529937,-3.1997461,-5.7935524,-7.3287597
305529947,-3.0356872,-5.884563,-7.298822
305529956,-2.9985645,-6.0342517,-7.113208
305529966,-2.9841943,-6.148015,-7.315587
305529976,-2.9590466,-6.2102857,-7.1168003
305529986,-2.955454,-6.157595,-7.061715
305529995,-2.8668385,-6.0426345,-6.9311867
305530005,-2.8572583,-6.0055113,-7.004235
305530015,-2.6620643,-5.9288707,-7.225774
305530025,-2.6704469,-5.806725,-7.237749
305530035,-2.5878186,-5.7947497,-7.2090087
305530044,-2.701582,-5.8151073,-7.150331
305530054,-2.6225464,-6.0150914,-7.077283
305530064,-2.6656568,-6.1911254,-6.9707046
305530074,-2.6201513,-6.2737536,-6.9778895
305530083,-2.6512866,-6.3276415,-7.0341725
305530093,-2.7147546,-6.4378123,-7.232959
305530103,-2.7267296,-6.3911095,-7.3658824
305530113,-2.8105555,-6.411467,-7.4473133
305530123,-2.7830126,-6.4330225,-7.580237
305530132,-2.7890003,-6.4557753,-7.388635
305530142,-2.8177404,-6.4066772,-7.359895
305530152,-2.8764184,-6.507268,-7.339537
305530162,-2.8297155,-6.4940953,-7.3072047
305530172,-2.7614574,-6.5527735,-7.2628965
305530181,-2.7255323,-6.5216384,-7.259304
305530191,-2.8081603,-6.394702,-7.310797
305530201,-2.7207422,-6.3683567,-7.2485266
305530211,-2.7710376,-6.2881236,-7.310797
305530220,-2.7997777,-6.2414207,-7.198231
305530230,-2.7051744,-6.035449,-7.0066295
305530240,-2.586621,-6.149213,-6.9587293
305530250,-2.5411158,-6.1300526,-7.0689
305530260,-2.44292,-6.15041,-7.0904555
305530269,-2.396217,-6.292914,-7.1215906
305530279,-2.3758593,-6.204298,-7.2018237
305530289,-2.1615052,-6.070177,-7.277267
305530299,-2.0405567,-5.965994,-7.332352
305530309,-2.0309765,-5.82349,-7.230564
305530318,-2.1100123,-6.0689793,-7.267687
305530328,-2.0704944,-6.3611717,-7.379055
305530338,-1.9734961,-6.3444066,-7.37187
305530348,-1.7076489,-6.0318565,-7.494016
305530357,-1.6250207,-5.7851696,-7.885602
305530367,-1.6441809,-5.694159,-8.2712
305530377,-1.6190332,-5.926476,-8.471184
305530387,-1.5447876,-5.830675,-8.674761
305530397,-1.3675561,-5.4187317,-8.873548
305530406,-1.1579919,-5.1935997,-8.921448
305530416,-1.1280541,-5.3289185,-8.986114
305530426,-1.1579919,-5.7073317,-9.11784
305530436,-1.2513977,-6.0486217,-9.147778
305530445,-1.0550061,-6.2569885,-8.975336
305530455,-0.7723938,-5.859415,-9.001681
305530465,-0.79993653,-5.1780324,-8.883127
305530475,-0.91010743,-4.2906775,-8.241262
305530485,-1.3256433,-4.030818,-7.907157
305530494,-1.5016773,-5.0630713,-7.97302
305530504,-1.5867004,-6.0474243,-7.683223
305530514,-1.162782,-6.365962,-7.7179503
305530524,-0.9304651,-6.2330384,-7.458091
305530534,-1.2669654,-5.0810337,-6.5503783
305530543,-1.4789245,-4.637955,-6.546786
305530553,-1.6693286,-4.878655,-6.5851064
305530563,-1.8621277,-5.464237,-6.588699
305530573,-1.4501843,-5.9707837,-7.782616
305530582,-1.0226734,-6.5156507,-8.274793
305530592,-0.59276736,-6.589896,-8.077204
305530602,-0.8202942,-5.9372535,-7.453301
305530612,-1.8226099,-6.4629602,-7.036567
305530622,-2.003434,-7.317982,-9.863888
305530631,-6.3599744,-9.926159,-5.6342835
305530641,-5.6738014,-10.457852,-2.1076171
305530651,-2.8764184,-3.0165272,-2.2525158
305530661,-1.9124231,-3.1075377,-6.2797413
305530670,-3.1757958,-5.7444544,-2.6692493
305530680,-3.241659,-8.060438,-2.6536818
305530690,-2.7494824,-8.543035,-2.9350965
305530700,-2.4249573,-8.652008,-4.815187
305530710,-2.6129663,-7.4784484,-5.144502
305530719,-3.9709425,-6.854546,-4.240382
305530729,-3.1278956,-6.227051,-6.4629602
305530739,-4.2248144,-6.5228357,-7.765851
305530749,-6.6569567,-7.532336,-8.199349
305530758,-8.681946,-6.6868944,-9.677076
305530768,-9.9644785,-5.630691,-10.953622
305530778,-11.599079,-7.532336,-10.339299
305530788,-11.190729,-11.108101,-10.5620365
305530798,-9.475895,-11.316467,-8.869955
305530807,-8.986114,-5.9204884,-8.974138
305530817,-7.486831,-2.9650342,-10.272239
305530827,-4.643943,-3.8895118,-10.271041
305530837,-2.3339465,-5.9396486,-8.996891
305530847,-1.4034815,-6.7826953,-6.549181
305530856,0.17842895,-8.152646,-7.0748878
305530866,2.1100123,-9.062754,-6.873706
305530876,3.2680042,-8.91067,-4.6415477
305530886,3.681145,-9.144184,-2.74589
305530895,2.8225305,-7.7766285,-2.5938063
305530905,2.083667,-7.150331,-2.9817994
305530915,1.2022998,-6.2318406,-3.070415
305530925,0.3556604,-5.5097423,-3.4452355
305530935,0.015567627,-6.76593,-3.1075377
305530944,0.021555176,-7.3850427,-3.382965
305530954,-1.0298584,-6.861731,-3.918252
305530964,-3.0799952,-4.867877,-4.4667115
305530974,-3.5685792,-3.5122962,-5.310956
305530984,-3.4895434,-4.970863,-6.133645
305530993,-5.2331176,-5.5241127,-5.6247034
305531003,-7.149133,-3.4069152,-8.138276
305531013,-10.620714,-3.988905,-9.47829
305531023,-11.553575,-5.327721,-10.7943535
305531032,-11.500884,-5.701344,-11.391911
305531042,-10.448273,-7.6592727,-11.100916
305531052,-7.2461314,-7.3910303,-10.690169
305531062,-4.7768664,-5.243895,-11.285332
305531072,-3.458408,-4.2799,-10.841056
305531081,-1.3519886,-6.6234264,-10.47342
305531091,-0.11615845,-7.156318,-9.348959
305531101,0.35087037,-7.7442956,-8.553812
305531111,1.3196558,-9.642348,-8.369396
305531120,2.711162,-11.941567,-7.6101747
305531130,3.4763708,-11.868519,-5.586383
305531140,4.4715014,-9.22322,-4.2595425
305531150,4.1290135,-6.6425867,-3.5829492
305531160,2.2680836,-7.197034,-1.101709
305531169,1.1759546,-7.921527,-0.7580237
305531179,1.0753638,-6.749165,-1.4573693
305531189,0.25506958,-4.91937,-2.0944445
305531199,-0.52570677,-4.069138,-3.1698084
305531209,-1.1579919,-6.524033,-4.9852333
305531218,-3.1039453,-3.3039293,-5.8881555
305531228,-4.867877,-1.1867322,-6.1444225
305531238,-5.732479,-4.390071,-6.028264
305531248,-5.915698,-5.1696496,-8.89151
305531257,-8.832832,-5.2870054,-10.869796
305531267,-9.663904,-5.508545,-10.02675
305531277,-9.401649,-7.452103,-8.616083
305531287,-9.695039,-8.205337,-8.317903
305531297,-6.219866,-5.229525,-7.902367
305531306,-5.979166,-7.2880445,-6.8868785
305531316,-2.7614574,-6.2078905,-6.365962
305531326,-1.961521,-5.149292,-6.5216384
305531336,-2.6273365,-3.878734,-7.186256
305531345,-2.327959,-4.9277525,-8.553812
305531355,-1.3028907,-6.588699,-8.393346
305531365,-1.1184741,-6.6485744,-7.4317455
305531375,-1.5675403,-7.62694,-6.2617784
305531385,-1.1244617,-8.734636,-4.811594
305531394,-0.8801697,-9.904603,-4.8894324
305531404,-0.5783972,-12.24334,-4.0835085
305531414,-0.9340576,-12.690011,-2.7027795
305531424,-0.8190967,-14.450351,-4.1098537
305531434,-1.165177,-12.369079,-4.2834926
305531443,-1.6501684,-12.505594,-7.423363
305531453,-2.46687,-13.598921,-6.0258694
305531463,-3.6524048,-12.224179,-7.1275783
305531473,-3.4679883,-13.327086,-8.54064
305531482,-3.3793726,-13.548626,-8.0305
305531492,-2.7399023,-13.2564335,-8.386161
305531502,-3.234474,-12.5954075,-7.477251
305531512,-3.7266505,-11.595487,-1.7459693
305531522,-5.0115786,-11.072175,3.4763708
305531531,-5.9228835,-11.904445,4.4032435
305531541,-6.427035,-9.748927,-1.9124231
305531551,-1.5843054,-2.5279431,-18.06204
305531561,-0.77838135,2.635719,-7.3922276
305531570,-3.7625756,-4.0260277,1.2717553
305531580,-5.221143,-8.238867,5.3049684
305531590,-5.764812,-8.234077,8.254435
305531600,-7.103628,-4.416416,4.6319675
305531610,-7.1347632,2.8009753,0.66701293
305531619,-4.764891,3.439248,2.2357507
305531629,-3.0440698,-2.1016297,3.8284388
305531639,-4.4487486,-4.484674,8.505912
305531649,-5.118157,-4.61161,8.327483
305531659,-4.3397756,-1.7471668,8.625663
305531668,-2.0896544,-2.8476782,6.1228676
305531678,-1.5447876,-4.5517344,5.8246875
305531688,-3.2057335,-3.1350806,5.4402866
305531698,-3.9433997,0.010777588,3.854784
305531707,-4.5780797,3.7003052,6.4797254
305531717,-4.8570995,5.8390574,8.475974
305531727,-3.133883,0.52570677,9.334589
305531737,-0.91849,-10.765613,8.704699
305531747,-2.5997937,-14.361734,8.308323
305531756,-3.8775365,-8.367001,8.711884
305531766,-4.2595425,-2.1603076,7.4401283
305531776,-3.1590307,-1.5435901,6.6354017
305531786,-2.398612,-2.3974144,7.3419323
305531795,-2.278861,-2.3495142,6.2965064
305531805,-3.263214,-1.4621594,6.011499
305531815,-5.2558703,-0.99872315,6.844966
305531825,-4.988826,-2.0046313,7.5778418
305531835,-3.3997302,-4.174519,8.626861
305531844,-3.8535864,-6.533613,7.0150123
305531854,-4.8451247,-7.0964427,6.492898
305531864,-5.3408937,-4.8570995,7.9526625
305531874,-2.4513025,-3.7996986,5.430707
305531883,-2.1459374,-3.0452673,4.9852333
305531893,-3.5230737,-5.2630553,4.9229627
305531903,-6.388715,-6.312074,9.356144
305531913,-7.850874,-6.222261,10.15608
305531923,-3.410508,-2.74589,2.5602758
305531932,-1.2801379,1.2705579,12.153526
305531942,1.0118958,-4.9373326,4.939728
305531952,-0.84424436,-7.1168003,8.747808
305531962,-3.661985,-9.750125,6.749165
305531972,-3.9278321,-7.230564,8.92025
305531981,-3.4356556,-5.252278,7.756271
305531991,-2.5830286,-4.9792457,5.967191
305532001,-3.5841467,-5.435497,7.225774
305532011,-5.9695864,-5.8031325,7.5981994
305532020,-9.703422,-3.906277,11.869717
305532030,-8.690329,-4.768484,9.24238
305532040,-5.7372694,-4.821174,10.469828
305532050,-3.2033386,-3.2045362,9.388476
305532060,-0.79035646,-0.9568103,5.748047
305532069,2.0585194,0.71251833,2.2321582
305532079,3.432063,1.3208532,-1.8441651
305532089,4.6978307,-1.4537768,-0.46223876
305532099,3.7098854,-7.388635,5.962401
305532108,1.096919,-10.497371,5.139712
305532118,-1.7663269,-12.098441,11.475736
305532128,-5.285808,-11.8493595,4.423601
305532138,-5.6342835,-11.805051,2.6201513
305532148,-7.4664736,-9.44955,7.6868153
305532157,-9.711804,-4.58287,5.2510805
305532167,-9.602831,-3.5194812,3.7649708
305532177,-9.538165,-1.5878979,4.860692
305532187,-9.219627,-1.8082397,3.5925293
305532196,-7.1191955,-3.8416114,3.7027001
305532206,-6.7383876,-4.7912364,5.4390893
305532216,-6.201903,-4.8427296,5.461842
305532226,-5.1852174,-4.0200405,3.7206628
305532236,-4.1733217,-3.0320947,3.984115
305532245,-2.7267296,-2.4273522,5.315746
305532255,-1.3962964,-4.7816563,5.9228835
305532265,-1.8130298,-4.6152024,4.5912523
305532275,-2.3543043,-4.64514,-0.34608033
305532284,-1.5843054,-4.436774,-2.4010072
305532294,0.27183473,-6.553971,-5.2702403
305532304,2.6812243,-8.699908,0.7041357
305532314,2.562671,-5.2654505,9.354946
305532324,-0.7807764,-5.276228,7.820936
305532333,-4.6654983,-4.5984373,12.34393
305532343,-8.580157,-3.68354,13.687536
305532374,-9.703422,-4.149371,9.877061
305532384,-7.2712793,-5.9288707,6.2785435
305532394,-4.042793,-7.5179663,4.30864
305532404,-1.3603711,-8.417296,1.726809
305532414,-0.5340893,-6.610254,2.1890478
305532423,-2.4884253,-4.381688,5.442682
305532433,-5.988746,-6.2725563,5.4271145
305532443,-7.6305323,-8.056846,2.9530592
305532453,-3.7637732,-9.004076,4.1805067
305532462,1.1424243,-11.097323,2.0657043
305532472,0.83346677,-9.892628,3.9314246
305532482,-2.0249891,-7.1168003,2.4692652
305532492,-4.9852333,-6.3695545,2.0190015
305532502,-5.5241127,-7.526349,-0.76640624
305532511,-4.9744554,-8.841214,-1.0849439
305532521,-4.5146117,-8.956176,-2.8273206
305532531,-2.1315675,-11.614647,0.25387207
305532541,-2.264491,-16.059803,-0.5029541
305532550,-4.7397437,-13.723462,1.3663586
305532560,-4.6666956,-11.823014,-0.28859985
305532570,-5.1109715,-10.057884,-1.4789245
305532580,-4.149371,-7.9766126,-6.668932
305532590,-4.269122,-4.4200087,-4.9720607
305532599,-4.6654983,-6.5180454,-6.4557753
305532609,-4.7936316,-7.883207,-4.221222
305532619,-4.6271777,-8.57417,-1.1029065
305532629,-5.012776,-10.267448,-0.45984375
305532638,-4.012855,-11.099718,-3.681145
305532648,-2.083667,-11.91642,-4.749324
305532658,-2.2632935,-8.0436735,-4.487069
305532670,-2.6668541,-4.9385304,-6.2797413
305532680,-3.297942,-6.6282167,-4.9385304
305532690,-3.1087353,-8.732242,-4.1194334
305532699,-1.8501526,-8.017328,-3.98172
305532709,-2.1686902,-8.889115,-3.5326538
305532719,-2.9806018,-11.35838,-2.0022364
305532729,-3.004552,-12.2146,-2.8081603
305532738,-2.186653,-10.698552,-4.6966333
305532748,-1.592688,-9.239985,-5.7947497
305532758,-2.567461,-8.092771,-6.570736
305532768,-2.8045678,-8.436457,-7.0581226
305532778,-2.6093738,-12.127181,-5.7875648
305532787,-2.0441492,-12.5954075,-5.483397
305532797,-2.3674767,-11.341615,-5.5289025
305532807,-2.7482848,-10.77639,-6.74677
305532817,-2.9219239,-12.515175,-8.794512
305532827,-2.77463,-14.012062,-5.9839563
305532836,-2.8596532,-15.300582,0.5867798
305532846,-4.3768983,-16.078964,4.2176294
305532856,-4.749324,-16.637003,2.4069946
305532866,-5.0355287,-15.201189,5.965994
305532875,-4.528982,-14.583274,-9.524993
305532885,-1.8549427,-3.2260914,-13.852793
305532895,-4.5696974,6.468948,-6.788683
305532905,-5.7073317,7.8556643,-5.9935365
305532915,-6.749165,2.5399182,1.9962487
305532924,-6.5431933,-5.825885,9.182505
305532934,-5.3828063,-9.085506,9.685459
305532944,-5.3061657,-5.821095,6.6401916
305532954,-5.339696,-0.15088624,3.566184
305532963,-6.0833497,2.3578968,5.070256
305532973,-6.1073,3.166216,4.7912364
305532983,-4.695436,1.3891113,5.0403185
305532993,-3.4164953,-0.36284545,5.821095
305533003,-3.2620165,-2.926714,7.8077636
305533012,-2.3543043,-5.2163525,8.914263
305533022,-2.022594,-5.8857603,8.01613
305533032,-2.0369642,-3.4524207,6.4402075
305533042,-2.5207582,0.4921765,5.5827904
305533051,-2.6285338,2.7255323,6.138435
305533061,-1.3388159,-0.48738647,6.6988697
305533071,-0.66342044,-7.0808754,7.69879
305533081,-2.374662,-10.421927,8.459209
305533091,-3.9493873,-8.242459,7.67484
305533100,-4.2822948,-3.913462,8.195757
305533110,-3.9002893,-2.3495142,7.9598475
305533120,-2.9243188,-3.6092944,7.5598793
305533130,-2.694397,-4.821174,7.418573
305533139,-3.182981,-4.6271777,6.915619
305533149,-3.202141,-4.1876917,6.531218
305533159,-3.747008,-3.3446448,5.7025414
305533169,-4.485872,-2.870431,7.115603
305533179,-4.526587,-2.4608827,8.132289
305533188,-2.7255323,-2.889591,5.2917957
305533198,-2.198628,-5.8330703,6.634204
305533208,-3.9625597,-6.6282167,4.812792
305533218,-4.1517663,-6.939569,5.795947
305533227,-3.793711,-6.6138463,4.9612827
305533237,-3.6308496,-5.2247353,5.4091516
305533247,-4.132606,-7.05453,4.3122325
305533257,-4.87626,-9.542955,7.474856
305533267,-6.2545934,-8.950188,11.323652
305533276,-3.5254688,-2.5411158,9.20885
305533286,-1.3939013,2.1315675,8.828042
305533296,-1.3136683,-1.7639319,6.76593
305533306,-2.1148024,-7.3371425,6.939569
305533315,-3.661985,-10.547666,8.528665
305533325,-4.599635,-8.007748,10.044712
305533335,-3.6380346,-5.395979,7.388635
305533345,-3.4440382,-4.6571155,6.793473
305533355,-3.4667907,-4.8714695,8.473579
305533364,-4.4583287,-4.7888417,13.081596
305533374,-4.143384,-3.930227,13.543836
305533384,-3.4799633,-2.6524842,12.3139925
305533394,-0.37841308,-2.5530908,8.18977
305533403,3.214116,-4.813989,5.2426977
305533413,5.5360875,-5.0726514,-0.27542725
305533423,7.516769,-5.2355127,-0.87657714
305533433,6.983877,-6.219866,6.8413734
305533443,1.7351917,-10.447075,8.516689
305533452,-3.171006,-11.645782,6.09293
305533462,-4.6810656,-8.916657,-0.19399658
305533472,-2.8452833,-8.854387,3.4883459
305533482,-5.4091516,-4.2092466,5.8198977
305533491,-6.74677,-4.4511437,2.7003846
305533501,-7.219786,-7.740703,4.1517663
305533511,-11.212284,-9.617201,5.2965856
305533521,-12.003838,-9.259146,4.8942223
305533531,-8.563393,-8.265212,2.7123597
305533540,-6.724017,-6.8581386,3.5158887
305533550,-6.2090883,-6.3839245,3.1159203
305533560,-5.603148,-5.302573,2.9614418
305533570,-4.6690907,-4.3960586,3.002157
305533579,-3.7314405,-4.245172,3.4021254
305533589,-2.430945,-3.7482057,4.942123
305533599,-0.6059399,-4.126619,2.0657043
305533609,0.8370593,-3.145858,-1.7064514
305533619,1.096919,-0.45265868,-9.413624
305533628,2.8967762,1.4741346,-12.779824
305533638,6.4988856,-2.4153771,0.6706055
305533648,3.4560132,-7.0078273,12.440929
305533658,-3.3925452,-9.433982,24.583677
305533675,-8.610095,-12.648098,20.22115
305533685,-8.038883,-12.372671,9.733359
305533695,-5.859415,-8.580157,3.3458424
305533704,-4.5134144,-3.8954992,1.3124707
305533714,-1.7567468,-0.34248778,0.31734008
305533724,-0.64545774,0.7807764,0.61791503
305533734,-4.695436,1.52922,7.452103
305533744,-8.364606,-1.714834,6.175558
305533753,-5.8175025,-5.779182,4.6726832
305533763,-0.93765014,-10.805131,10.881771
305533773,0.081430666,-15.792759,1.4298266
305533783,2.15911,-13.434862,0.6394702
305533792,1.3471985,-4.9780483,3.7685633
305533802,-2.7399023,-9.671089,-3.7230577
305533812,-5.1373167,-14.919774,-2.8859985
305533822,-6.7803,-16.739988,-3.202141
305533832,-2.6728418,-15.670612,-1.6166382
305533841,-0.14489868,-15.919695,-1.223855
305533851,-1.5914905,-14.916182,-1.7639319
305533861,-3.194956,-10.104588,-4.8331494
305533871,-3.1494508,-9.0076685,-7.865244
305533880,-2.9530592,-10.972782,-5.4043617
305533890,-3.4608033,-10.364447,-1.9076331
305533900,-1.966311,-11.181149,-4.02962
305533910,-1.5004797,-11.827804,-2.884801
305533920,-2.2764661,-12.009826,-5.548063
305533929,-1.1460168,-11.31048,-11.154803
305533939,-1.2034973,2.6536818,7.989785
305533949,-2.2573059,-2.5471032,14.467115
305533959,-1.2274475,-11.536809,6.365962
305533968,-2.5542884,-12.187057,2.4584875
305533978,2.0237916,-7.794591,-0.82867676
305533988,5.2235374,-6.4557753,0.6059399
305533998,1.3495935,-6.3060865,5.7133193
305534008,-1.5783179,-5.485792,3.2835717
305534017,0.94962525,-6.2258534,-0.78915894
305534027,1.5076648,-6.9539394,-1.3843213
305534037,-2.032174,-7.829319,-4.905
305534047,-5.7288866,-6.9611244,-8.382568
305534056,-12.202624,-5.358856,-11.07936
305534066,-11.6805105,-9.638756,-16.654966
305534076,-9.414822,-10.48779,-15.780784
305534086,-8.086783,-8.062833,-13.25763
305534096,-6.14083,-6.3982944,-9.536968
305534105,-3.5841467,-3.930227,-7.4461155
305534115,-2.3495142,-3.9014869,-7.2341566
305534125,-1.1364368,-5.9516234,-8.214917
305534135,-2.4776478,-3.2967443,-7.1730833
305534144,-2.8656409,-1.1579919,-6.0330544
305534154,-2.8740234,-7.012617,-6.222261
305534164,-2.1794677,-5.3337083,-6.793473
305534174,-2.5566833,-3.885919,-8.641231
305534184,-2.290836,-5.1947975,-6.744375
305534193,-3.138673,-6.6354017,-3.8943017
305534203,-2.6692493,-9.202863,-3.8416114
305534217,-2.3016138,-12.761862,-2.0046313
305534227,-1.1076965,-12.939093,-2.7243347
305534237,-1.1639795,-13.616883,-2.513573
305534247,-1.8046472,-14.340179,-1.7483642
305534256,-1.7531543,-15.231127,-2.6656568
305534266,0.8358618,-18.963764,-6.2809386
305534276,2.5267456,-14.288687,-8.699908
305534286,1.7447717,-11.981085,-13.089979
305534296,0.2574646,-12.255315,-9.866283
305534305,-1.9830762,-10.679392,-9.195678
305534315,-2.8812084,-16.217875,-6.949149
305534325,-4.712201,-16.511265,-0.47062135
305534335,-5.732479,-14.634767,-0.10538086
305534344,-1.7088464,-14.819183,0.40595582
305534354,-0.80592406,-12.3774605,-8.5154915
305534364,-1.1747571,2.4369323,-12.511582
305534374,-0.75083864,9.589658,-6.553971
305534384,-2.7854078,5.2917957,0.671803
305534393,-5.5265074,-1.4166541,4.517007
305534403,-6.643784,-4.7672863,6.715635
305534413,-6.575526,-5.6893687,7.3119946
305534423,-6.41506,-5.6642213,3.737428
305534432,-6.0665846,-3.6643798,3.1889684
305534442,-5.134922,-2.3602917,3.742218
305534452,-4.325405,-1.7280066,4.7553115
305534462,-4.5445495,-1.4298266,7.884404
305534471,-4.782854,-1.8561401,7.9981675
305534481,-3.9469922,-2.5375233,5.0594788
305534491,-2.405797,-3.8835242,2.9494665
305534501,-2.0441492,-5.061874,3.0356872
305534511,-2.1926403,-5.722899,4.4319835
305534520,-3.1075377,-6.76593,5.957611
305534530,-3.2560291,-7.484436,4.4655137
305534540,-3.798501,-8.329878,4.2799
305534550,-5.273833,-7.8939843,4.9085927
305534559,-6.0953245,-7.09285,4.8942223
305534569,-6.058202,-6.253396,4.639153
305534579,-5.357659,-5.860613,3.9002893
305534589,-4.9301476,-7.2736745,2.4812403
305534599,-5.0582814,-7.970625,2.2249732
305534608,-5.2067723,-7.995773,2.0010388
305534618,-4.968468,-8.6280575,1.6274158
305534628,-4.973258,-9.168135,1.9160156
305534638,-5.0846267,-9.398057,2.5471032
305534647,-5.2175503,-8.931027,2.8764184
305534657,-4.6654983,-7.7814183,2.633324
305534667,-3.7194653,-8.3191,1.0945239
305534677,-3.3410523,-8.983718,1.0645862
305534687,-3.6080968,-8.908276,1.8872753
305534696,-3.7027001,-8.093968,2.2249732
305534706,-3.3135095,-7.5419164,1.5076648
305534716,-2.884801,-7.2904396,1.0514135
305534726,-2.499203,-7.3910303,0.53169435
305534735,-2.0692968,-7.8616514,0.0059875487
305534749,-1.9651135,-8.080796,-0.25267455
305534759,-2.0585194,-8.195757,-0.09460327
305534769,-2.1411474,-8.908276,-0.08861572
305534779,-2.4956102,-10.154882,-0.0490979
305534789,-2.8225305,-10.756033,0.07185058
305534798,-2.9542565,-10.904524,-0.33769774
305534808,-2.882406,-10.621912,-0.979563
305534818,-2.7985804,-10.003997,-1.2921131
305534828,-2.8129504,-9.565708,-1.8776953
305534837,-2.7818153,-9.303453,-2.1746778
305534847,-2.7351122,-8.8951025,-2.083667
305534857,-2.7422974,-8.874744,-2.215393
305534867,-2.4824378,-8.768167,-2.3590941
305534877,-2.2381458,-8.847202,-1.778302
305534886,-2.379452,-8.994495,-1.6789087
305534896,-2.5878186,-9.19448,-2.0704944
305534906,-2.5219555,-8.937016,-2.46208
305534916,-2.5339308,-8.57417,-2.821333
305534926,-2.4800427,-8.345446,-3.0344896
305534935,-2.535128,-8.4520235,-3.1566358
305534945,-2.6225464,-8.941806,-3.3039293
305534955,-2.7410998,-9.335786,-3.566184
305534965,-2.9817994,-9.156159,-3.8751416
305534974,-2.9770093,-8.867559,-4.008065
305534984,-3.126698,-8.5598,-4.0463853
305534994,-3.011737,-8.181387,-4.350553
305535004,-3.3374598,-7.662865,-4.28469
305535014,-3.5757642,-7.4173756,-4.2954674
305535023,-3.7649708,-7.2509217,-3.8919067
305535033,-3.935017,-7.181466,-3.7482057
305535043,-3.8655615,-7.6305323,-3.6212695
305535053,-3.7565882,-8.447234,-3.98651
305535062,-3.7074902,-8.723859,-4.1733217
305535072,-3.6212695,-8.479567,-4.7373486
305535082,-3.661985,-8.158634,-5.1480947
305535092,-3.7925134,-7.818541,-5.2965856
305535102,-3.9074743,-7.5670643,-4.9289503
305535111,-3.8883142,-7.2736745,-4.5002418
305535121,-3.7697608,-7.359895,-4.5397596
305535131,-3.6943176,-7.459288,-4.8235693
305535141,-3.5314562,-7.543114,-5.007986
305535150,-3.502716,-7.6101747,-5.2582655
305535160,-3.4033227,-7.492819,-5.4247193
305535170,-3.5122962,-7.460486,-5.3121533
305535180,-3.5266662,-7.740703,-5.342091
305535190,-3.5350487,-7.6317296,-5.3289185
305535199,-3.4572108,-7.4952135,-5.3552637
305535209,-3.4667907,-7.4317455,-5.542075
305535219,-3.5673816,-7.5035963,-5.5241127
305535229,-3.6571949,-7.4161777,-5.51094
305535238,-3.570974,-7.169491,-5.3995714
305535248,-3.570974,-7.0162096,-5.395979
305535258,-3.4117053,-7.021,-5.363646
305535268,-3.4548156,-7.155121,-5.5025573
305535278,-3.4608033,-7.219786,-5.3875966
305535287,-3.4236803,-7.268884,-5.0870214
305535297,-3.509901,-7.3131924,-5.2043777
305535307,-3.3135095,-7.35271,-5.2043777
305535317,-3.253634,-7.225774,-5.2846107
305535326,-3.2260914,-7.3000197,-5.3456836
305535336,-3.1745985,-7.2149963,-5.3899913
305535346,-3.2296839,-7.037765,-5.579198
305535356,-3.270399,-6.9287915,-5.8402553
305535366,-3.1590307,-6.7838926,-5.9528213
305535375,-3.0440698,-6.908434,-5.898933
305535385,-3.2201037,-7.1048255,-5.7001467
305535395,-3.2177088,-7.34792,-5.4750147
305535405,-3.138673,-7.494016,-5.5265074
305535415,-3.2129188,-7.890392,-5.7049365
305535424,-3.4164953,-7.9346995,-5.2091675
305535434,-3.4560132,-7.408993,-5.0175657
305535444,-3.234474,-6.595884,-5.134922
305535454,-3.206931,-6.3683567,-5.364844
305535463,-3.4057178,-6.500083,-5.4798045
305535473,-3.4835558,-7.0078273,-5.4678297
305535483,-3.4943335,-7.332352,-5.205575
305535493,-3.5122962,-7.3371425,-5.1385145
305535503,-3.551814,-7.3072047,-5.5696177
305535512,-3.3793726,-7.301217,-5.9683886
305535522,-3.2560291,-7.2904396,-6.1887302
305535532,-3.194956,-7.4317455,-6.109695
305535542,-3.2847693,-7.582632,-6.016289
305535551,-3.4117053,-7.482041,-5.999524
305535561,-3.4703834,-7.2808595,-5.825885
305535571,-3.4236803,-7.1730833,-5.86181
305535581,-3.2787817,-7.1778736,-6.1791506
305535591,-3.2955468,-6.1552,-5.948031
305535600,-3.1302905,-5.8713903,-6.4869103
305535610,-3.2045362,-5.859415,-6.283334
305535620,-3.1650183,-6.551576,-6.4629602
305535630,-3.0081446,-7.5179663,-6.2893214
305535639,-3.241659,-7.1898484,-6.1468177
305535649,-3.556604,-7.0784802,-6.291716
305535659,-3.427273,-7.501201,-6.5575633
305535669,-3.121908,-7.667655,-6.581514
305535679,-2.8404932,-7.500004,-6.3839245
305535688,-2.826123,-7.3982153,-6.516848
305535698,-2.6884093,-7.3586974,-6.680907
305535708,-2.743495,-7.408993,-6.7431774
305535718,-2.8524683,-7.6568775,-6.6377964
305535727,-2.6524842,-7.8784165,-6.373147
305535737,-2.7051744,-7.975415,-6.2893214
305535747,-2.6069787,-7.7466908,-6.4078746
305535757,-2.4249573,-7.261699,-6.7803
305535767,-2.3734643,-7.197034,-6.937174
305535776,-2.4273522,-7.8796144,-6.9922595
305535786,-2.450105,-7.5359287,-6.661747
305535796,-2.083667,-6.6354017,-7.205416
305535806,-1.9675086,-6.763535,-7.3766603
305535815,-2.1159997,-7.0808754,-7.2808595
305535825,-2.0441492,-7.2161937,-7.1587133
305535835,-2.095642,-7.3347473,-7.242539
305535845,-2.2537134,-7.212601,-6.949149
305535855,-2.2249732,-6.9826794,-6.676117
305535864,-2.1112096,-6.356382,-6.6964746
305535874,-2.1674926,-6.0150914,-6.8066454
305535884,-2.1758752,-6.037844,-6.7599425
305535894,-2.2381458,-6.1037073,-6.660549
305535903,-2.335144,-6.114485,-6.885681
305535913,-2.4608827,-6.588699,-6.9970493
305535923,-2.5842261,-6.6258216,-6.6916847
305535933,-2.384242,-6.9503465,-7.179071
305535943,-2.875221,-5.989944,-5.9863515
305535952,-3.4667907,-5.5780005,-6.6641417
305535962,-4.3230104,-4.8570995,-4.6690907
305535972,-4.2906775,-4.6726832,-4.7696815
305535982,-3.7050953,-5.485792,-5.410349
305535991,-3.4631982,-5.989944,-5.332511
305536001,-3.5949242,-6.8114357,-5.7205043
305536011,-3.5841467,-6.8820887,-6.016289
305536021,-3.793711,-6.373147,-6.300099
305536031,-4.079916,-6.023474,-6.803053
305536040,-3.9050794,-6.1228676,-6.843768
305536050,-3.8116736,-6.236631,-6.413862
305536060,-3.9002893,-6.292914,-6.1108923
305536070,-4.0368056,-6.1444225,-5.931266
305536079,-4.126619,-6.267766,-6.030659
305536089,-3.9996827,-6.577921,-6.035449
305536099,-3.5973194,-7.2437367,-6.2486057
305536109,-3.7853284,-7.4317455,-6.175558
305536118,-3.9098694,-7.286847,-6.2869263
305536128,-3.7027001,-7.0090246,-5.989944
305536138,-3.6955152,-7.028185,-5.583988
305536148,-3.6068995,-7.110813,-5.374424
305536158,-3.6536024,-7.0186048,-5.9755735
305536167,-4.0116577,-7.1599107,-6.6569567
305536177,-3.9266346,-7.6904078,-6.781498
305536187,-3.8607714,-7.9083543,-6.413862
305536197,-3.9565723,-7.4473133,-6.3288393
305536206,-4.3948607,-7.0186048,-6.3767395
305536216,-4.325405,-6.849756,-6.051017
305536226,-4.2882824,-6.8569407,-5.6570363
305536236,-4.399651,-6.6066613,-5.5289025
305536246,-4.6331654,-6.74198,-5.405559
305536255,-4.6619053,-6.9587293,-5.0415163
305536265,-4.381688,-6.788683,-5.51573
305536275,-4.140989,-6.805448,-5.51094
305536285,-4.3421702,-7.0437527,-5.301376
305536295,-4.493057,-6.963519,-5.339696
305536304,-4.493057,-6.5503783,-5.5851855
305536314,-4.6175976,-6.3503942,-5.4726195
305536324,-4.5050316,-6.291716,-5.271438
305536334,-4.364923,-6.646179,-4.756509
305536343,-4.059558,-7.0233946,-4.675078
305536353,-3.9481897,-7.205416,-4.907395
305536363,-3.7996986,-7.1215906,-5.1133666
305536373,-3.9218445,-6.6138463,-5.428312
305536383,-3.7230577,-6.666537,-5.452262
305536392,-3.6080968,-6.7407823,-5.379214
305536402,-3.5110986,-6.8701134,-5.4414845
305536412,-3.5075061,-6.9898643,-5.576803
305536422,-3.5554066,-7.2640944,-5.4810023
305536431,-3.2380664,-7.531139,-5.540878
305536441,-3.0057495,-7.359895,-5.9959316
305536451,-2.931504,-6.9060388,-5.948031
305536461,-2.9770093,-7.388635,-5.5588403
305536471,-3.1805859,-7.350315,-5.405559
305536480,-3.321892,-7.1359606,-4.912185
305536490,-3.2213013,-7.254514,-5.191205
305536500,-2.7973828,-7.764653,-5.4534593
305536510,-3.0129347,-7.5850267,-5.52052
305536519,-2.9147387,-7.6904078,-5.3337083
305536529,-3.187771,-7.629335,-5.3384986
305536539,-3.3925452,-7.1838613,-6.2869263
305536549,-3.8452039,-7.0317774,-6.4402075
305536559,-3.5230737,-7.146738,-7.0952454
305536568,-3.4188905,-7.501201,-6.6641417
305536578,-3.4117053,-7.3048096,-6.3923073
305536588,-3.214116,-6.835386,-6.563551
305536598,-3.2033386,-6.239026,-6.564749
305536607,-3.1278956,-6.532416,-7.1215906
305536617,-3.2189062,-6.0474243,-6.805448
305536627,-3.3913476,-5.779182,-7.5419164
305536637,-3.2931519,-6.055807,-7.643705
305536647,-3.1518457,-6.4402075,-7.401808
305536656,-3.1183155,-6.3468018,-7.315587
305536666,-3.1578333,-6.006709,-7.1658983
305536676,-3.171006,-6.009104,-6.8066454
305536686,-3.2093263,-6.377937,-6.868916
305536695,-3.2943494,-6.1120896,-6.854546
305536705,-3.2811768,-6.067782,-6.8868785
305536715,-3.5087037,-6.0953245,-6.707252
305536725,-3.5170863,-6.45817,-6.7970653
305536735,-3.4679883,-7.113208,-6.5204406
305536744,-3.4009278,-6.9922595,-6.239026
305536754,-3.6188745,-7.1730833,-5.795947
305536764,-3.6643798,-7.198231,-5.889353
305536774,-3.6607873,-6.9671116,-6.2498035
305536783,-3.7841308,-6.805448,-6.2498035
305536793,-3.6799476,-7.061715,-6.1420274
305536803,-3.7434156,-7.3754625,-5.4965696
305536813,-3.7146752,-7.547904,-5.0175657
305536823,-3.6883302,-7.6149645,-4.87626
305536832,-3.547024,-8.090376,-4.204457
305536842,-3.5278637,-8.868757,-3.9445972
305536852,-3.6895275,-9.211246,-4.2092466
305536862,-3.737428,-8.904682,-4.848717
305536871,-3.4655933,-8.587342,-5.215155
305536881,-3.302732,-9.101074,-5.0091834
305536891,-3.2680042,-9.207653,-4.3517504
305536901,-3.126698,-9.024433,-3.9996827
305536911,-3.121908,-8.765772,-3.8943017
305536920,-2.9602442,-9.299861,-3.2572265
305536930,-2.9734168,-9.413624,-2.5686584
305536940,-3.1817834,-9.2747135,-2.9925768
305536950,-3.3123121,-9.054371,-3.1734009
305536959,-3.2093263,-9.019644,-2.7806177
305536969,-3.0572424,-9.292676,-2.4608827
305536979,-3.2213013,-9.598041,-2.022594
305536989,-3.1243029,-9.553733,-1.7603394
305536999,-3.2045362,-9.540561,-1.6298108
305537008,-3.0883777,-9.424402,-1.0825489
305537018,-2.8764184,-9.363329,-0.5939648
305537028,-2.638114,-9.485475,-0.36404297
305537038,-2.4836352,-9.596844,0.15567628
305537047,-2.2704785,-9.671089,0.7424561
305537057,-2.4848328,-9.305848,1.4034815
305537067,-2.6153612,-8.389753,1.2178674
305537077,-2.3004162,-7.7694435,0.75562865
305537087,-1.8405725,-7.9454775,0.99992067
305537096,-1.9495459,-7.8077636,2.3662794
305537106,-2.1435425,-7.218589,3.3458424
305537116,-2.1387525,-6.9611244,3.8978944
305537126,-2.4010072,-7.5682616,4.2763076
305537135,-2.5710535,-7.3778577,5.0235534
305537145,-2.5878186,-6.339617,5.5360875
305537155,-2.266886,-6.201903,5.1672544
305537165,-2.3411317,-5.9767714,4.925358
305537175,-2.3734643,-5.579198,5.3049684
305537184,-2.2261705,-5.334906,5.7540345
305537194,-2.0728893,-5.243895,6.1959157
305537204,-2.4405248,-4.261937,7.019802
305537214,-2.6620643,-2.7399023,7.266489
305537223,-2.4417224,-1.4645544,6.5527735
305537233,-2.3387365,-0.21555176,5.748047
305537243,-2.4189696,1.0166858,5.588778
305537253,-2.5483007,1.6010705,5.7863674
305537263,-2.5590785,1.1543994,6.1983104
305537272,-2.9494665,0.6334827,7.125183
305537282,-3.265609,0.2323169,7.658075
305537292,-3.333867,0.2969824,7.850874
305537302,-3.4212854,0.33650026,7.9694276
305537311,-3.3925452,0.16525635,8.194559
305537321,-3.5290613,0.3161426,8.104746
305537331,-3.5314562,0.31255004,7.9370947
305537341,-3.5254688,0.22752686,7.7909985
305537351,-3.3985326,0.23710693,7.6724453
305537360,-3.317102,0.05029541,7.66526
305537370,-3.38536,-0.017962646,7.5275464
305537380,-3.3314722,-0.15687378,7.474856
305537390,-3.307522,-0.25985962,7.2006264
305537399,-3.234474,-0.43709105,7.005432
305537409,-3.2153137,-0.6274951,6.837781
305537419,-3.429668,-0.83346677,6.5767236
305537429,-3.39015,-1.2394226,6.597081
305537439,-3.4608033,-1.9303857,6.3959
305537448,-3.7589831,-2.9350965,6.3060865
305537458,-3.803291,-3.9709425,6.3156667
305537468,-3.7637732,-4.926555,6.3444066
305537478,-3.8978944,-5.6330857,6.4545774
305537487,-4.0667434,-6.175558,6.871311
305537497,-4.3709106,-6.340814,6.956334
305537507,-4.3780956,-6.5767236,6.5791187
305537517,-4.0116577,-6.828201,6.077362
305537527,-3.8416114,-7.180269,5.357659
305537536,-3.7266505,-7.146738,4.6547203
305537546,-3.5757642,-7.3575,4.118236
305537556,-3.6164794,-7.9622426,3.749403
305537566,-3.9026842,-8.007748,4.3421702
305537575,-3.8535864,-7.7275305,4.1026683
305537585,-3.7122803,-8.037685,3.1997461
305537595,-3.4727783,-8.213719,2.863246
305537605,-3.7601807,-8.0999565,2.5267456
305537615,-3.7709582,-8.077204,2.0417542
305537624,-3.6380346,-8.477172,1.8944604
305537634,-3.6440222,-8.725056,1.9938538
305537644,-3.7098854,-8.980125,1.7088464
305537654,-3.7973034,-8.616083,1.5148499
305537663,-3.805686,-7.984995,1.1508069
305537673,-3.993695,-8.212522,1.0981164
305537683,-4.267925,-8.357421,1.9172131
305537693,-4.5421543,-8.729846,1.5699353
305537726,-4.472699,-8.537047,0.9520203
305537735,-4.2583447,-8.899893,0.33769774
305537745,-4.3146276,-9.726174,0.1951941
305537755,-4.6104126,-10.242301,0.17004639
305537765,-4.684658,-10.20398,0.14130615
305537774,-4.7768664,-9.030421,0.30057496
305537784,-4.6690907,-7.9346995,-0.2323169
305537794,-4.5421543,-7.4784484,-0.8634045
305537804,-4.269122,-7.6940002,-1.2178674
305537814,-4.373306,-8.426876,-0.5652246
305537823,-4.7133985,-8.565787,-0.69575316
305537833,-4.970863,-9.448352,-0.5125342
305537843,-4.7840514,-9.861493,0.3197351
305537853,-4.3757005,-9.15137,-0.031135254
305537862,-4.1361985,-9.314231,-1.0777588
305537872,-4.204457,-9.7321615,-1.3160633
305537882,-4.1565566,-9.920171,-0.4921765
305537892,-3.9877076,-9.675879,-0.043110352
305537902,-3.817661,-9.18969,0.48139894
305537911,-3.4643958,-8.537047,0.44906616
305537921,-3.197351,-8.460406,0.36524048
305537931,-2.7985804,-8.497529,0.40954834
305537941,-2.711162,-8.608898,0.3915857
305537950,-2.880011,-8.268805,0.6646179
305537960,-2.811753,-7.97302,0.8238867
305537970,-2.8416908,-8.33347,0.8861572
305537980,-2.5411158,-8.698711,0.95321774
305537990,-2.645299,-8.721463,1.9243982
305537999,-2.9243188,-8.558602,2.3878345
305538009,-3.1243029,-8.653206,2.123185
305538019,-2.9446764,-8.466394,1.6549585
305538029,-2.6800268,-7.9083543,1.5399976
305538039,-2.459685,-7.4461155,1.526825
305538048,-2.4357347,-7.643705,1.7591418
305538058,-2.535128,-7.8400965,2.2369483
305538068,-2.642904,-7.93949,2.384242
305538078,-2.6393116,-8.173004,2.2776635
305538087,-2.650089,-7.933502,2.8165429
305538097,-2.6345215,-7.846084,2.8357031
305538107,-2.696792,-7.4904237,3.3470397
305538117,-2.5758436,-7.34313,3.0560448
305538127,-2.2465284,-7.242539,2.77463
305538136,-2.1794677,-6.981482,2.6177564
305538146,-2.2022204,-6.8749037,2.706372
305538156,-2.2022204,-7.2581067,2.2956262
305538166,-2.274071,-7.801776,2.4644752
305538175,-2.222578,-7.994575,2.842888
305538185,-2.1926403,-8.20414,3.026107
305538195,-2.095642,-8.2712,3.1638207
305538205,-1.9854712,-8.254435,3.1925611
305538215,-2.027384,-8.085586,2.8105555
305538224,-2.1124072,-7.921527,2.6644592
305538234,-1.9351758,-7.8616514,2.2213807
305538244,-1.8214123,-7.8149486,2.217788
305538254,-1.6214283,-7.7933936,2.286046
305538263,-1.541195,-7.773036,2.1758752
305538273,-1.4298266,-7.946675,1.9112256
305538283,-1.2274475,-8.183782,2.0872595
305538293,-1.3172607,-8.448431,1.9950513
305538303,-1.4944922,-8.629255,1.6860938
305538312,-1.5160474,-8.541837,1.6872913
305538322,-1.7351917,-8.405321,1.3843213
305538332,-1.6022681,-8.315508,0.92208254
305538342,-1.4453943,-8.738229,0.5029541
305538352,-1.1412268,-9.102272,0.49457154
305538361,-1.284928,-9.091495,0.3305127
305538371,-1.3927039,-8.937016,0.021555176
305538381,-1.5591577,-8.697514,-0.37362304
305538391,-2.0190015,-7.980205,-1.3603711
305538400,-1.8776953,-7.474856,-2.3243666
305538410,-1.8812878,-7.3575,-2.5207582
305538420,-2.1782703,-9.157357,-1.5771203
305538430,-2.4716601,-11.008707,-0.104183346
305538440,-2.3004162,-12.158317,0.9520203
305538449,-2.692002,-12.330758,0.20118164
305538459,-2.4776478,-10.217154,-1.3939013
305538469,-2.1878502,-8.047266,-3.2787817
305538479,-2.0645068,-7.3539076,-3.6476147
305538488,-2.5339308,-7.7430983,-3.2500415
305538498,-2.6560767,-8.473579,-2.8452833
305538508,-2.884801,-9.5214,-2.689607
305538518,-3.060835,-10.048305,-1.9782861
305538528,-3.0572424,-9.893826,-2.379452
305538537,-2.8788135,-9.043593,-2.7913952
305538547,-2.8524683,-8.722661,-3.2668066
305538557,-2.9303064,-8.786129,-2.694397
305538567,-2.9255164,-8.581355,-2.957849
305538576,-2.75547,-8.823252,-3.326682
305538586,-2.8524683,-8.698711,-2.5614734
305538596,-3.1937585,-8.851993,-2.7662475
305538606,-3.1446607,-9.239985,-2.9446764
305538616,-3.368595,-9.471105,-2.6441016
305538625,-3.2272887,-9.351354,-2.899171
305538635,-3.2105236,-9.141789,-3.2452514
305538645,-3.4524207,-8.695118,-3.0859826
305538655,-3.36141,-8.6771555,-3.5877392
305538664,-3.3326697,-8.6843405,-3.1243029
305538674,-3.4919386,-9.023236,-3.3602123
305538684,-3.4152977,-8.962163,-3.3063245
305538694,-3.410508,-8.91067,-3.434458
305538704,-3.7015028,-8.777746,-3.1087353
305538713,-3.67396,-8.479567,-2.882406
305538723,-3.747008,-8.296348,-3.0201197
305538733,-3.6871326,-7.812554,-3.1542406
305538743,-3.725453,-7.5538917,-3.36141
305538752,-4.0272255,-7.489226,-3.2823744
305538762,-4.0200405,-7.540719,-3.119513
305538772,-3.9493873,-7.5981994,-2.9111462
305538782,-4.042793,-7.3299575,-3.1087353
305538792,-4.135001,-7.5694594,-3.1446607
305538801,-4.3493557,-7.7179503,-2.809358
305538811,-4.325405,-7.7993813,-2.577041
305538821,-4.301455,-7.9502673,-2.6393116
305538831,-4.3924656,-7.9622426,-2.6081762
305538840,-4.309838,-7.909552,-2.5962012
305538850,-4.172124,-8.034093,-2.7231371
305538860,-4.2032595,-7.789801,-2.858456
305538870,-4.2643323,-7.164701,-3.0296998
305538880,-4.2739124,-7.3467226,-3.4236803
305538889,-4.3780956,-7.6245446,-3.3662
305538899,-4.1757164,-8.091574,-3.4212854
305538909,-4.205654,-8.29994,-3.2883618
305538919,-4.0835085,-8.55501,-3.2033386
305538929,-3.8823266,-8.249645,-3.2823744
305538938,-3.8559813,-7.7227407,-3.573369
305538948,-3.7290454,-7.3838453,-4.003275
305538958,-3.8092785,-7.2401443,-4.2882824
305538968,-3.817661,-7.3191795,-4.60203
305538977,-3.7553906,-7.904762,-4.6080174
305538987,-3.690725,-8.471184,-4.5205994
305538997,-3.6883302,-8.539442,-4.7720766
305539007,-3.6009119,-8.661588,-4.878655
305539017,-3.7062926,-8.158634,-4.7960267
305539026,-3.4991236,-7.876022,-5.1720448
305539036,-3.3769774,-7.474856,-5.6342835
305539046,-3.4476306,-7.3754625,-5.980364
305539056,-3.317102,-7.5682616,-6.2162733
305539065,-3.129093,-7.846084,-6.3108764
305539075,-2.9231215,-7.794591,-6.236631
305539085,-2.884801,-7.8161464,-6.255791
305539095,-2.9650342,-7.479646,-6.236631
305539105,-2.9758117,-6.8629284,-6.2521987
305539114,-2.8177404,-6.5791187,-6.1983104
305539124,-2.692002,-6.5455885,-6.187533
305539134,-2.3028114,-6.5048733,-6.1324477
305539144,-2.2118006,-6.7623377,-6.1935205
305539153,-2.445315,-6.8042507,-6.0390415
305539163,-2.5387206,-6.6306114,-6.4713426
305539173,-2.5339308,-6.558761,-6.659352
305539183,-2.5973988,-6.4438,-6.3815293
305539193,-2.6884093,-6.4258375,-6.470145
305539202,-2.5842261,-6.507268,-6.0570045
305539212,-2.6608667,-6.5431933,-5.533693
305539222,-2.6512866,-6.558761,-5.661826
305539232,-2.9374914,-6.3623695,-6.3611717
305539242,-3.129093,-6.4258375,-6.793473
305539251,-3.075205,-6.793473,-6.8557434
305539261,-3.018922,-7.3131924,-6.9754944
305539271,-2.9806018,-7.413783,-6.6821046
305539281,-3.060835,-7.2018237,-6.791078
305539290,-3.0488598,-7.860454,-6.749165
305539300,-2.9362938,-8.604108,-6.3132715
305539310,-2.8524683,-8.868757,-6.067782
305539320,-3.0009594,-8.841214,-5.971981
305539330,-3.185376,-8.950188,-5.788762
305539339,-2.9602442,-9.022038,-5.436694
305539349,-3.018922,-8.721463,-5.583988
305539359,-3.0428724,-7.923922,-5.6833816
305539369,-3.1470556,-7.176676,-5.8582177
305539378,-3.0644274,-6.8796935,-5.4905825
305539388,-3.133883,-7.0162096,-5.2882032
305539398,-3.0620325,-6.9599266,-5.2307224
305539408,-3.1602283,-7.3539076,-5.013973
305539418,-3.1937585,-7.8496766,-5.078639
305539427,-3.4943335,-8.668774,-4.01525
305539437,-3.4452355,-8.678353,-4.1122484
305539447,-3.1841784,-8.594527,-2.7901978
305539457,-3.314707,-8.656798,-2.2453308
305539467,-3.373385,-7.715555,-2.4788451
305539476,-3.1722033,-6.213878,-3.9410048
305539486,-2.9195287,-5.980364,-5.239105
305539496,-3.0356872,-7.013815,-4.1397915
305539506,-3.0644274,-7.914342,-2.76026
305539515,-2.9961693,-8.024513,-2.4022045
305539525,-3.2308815,-8.907078,-1.4022839
305539535,-3.214116,-8.610095,1.4286292
305539545,-2.203418,-8.478369,0.549657
305539555,-2.6285338,-7.2066135,-2.2285657
305539564,-3.2811768,-5.9923387,-4.4032435
305539574,-2.6752367,-7.133566,-4.0392003
305539584,-2.086062,-9.348959,-3.011737
305539594,-2.4441175,-9.877061,-2.264491
305539603,-2.3782544,-10.297386,-2.3435266
305539613,-2.501598,-9.914184,-2.3650818
305539623,-2.3674767,-8.873548,-2.562671
305539633,-2.2944288,-8.376581,-3.6116896
305539643,-2.264491,-8.356223,-3.913462
305539652,-2.43813,-7.96823,-3.3386571
305539662,-2.4632776,-7.662865,-3.0799952
305539672,-2.3459215,-7.465276,-3.5530114
305539682,-2.1962328,-7.332352,-3.1985486
305539691,-2.2848487,-7.7862086,-3.258424
305539701,-2.499203,-8.26641,-3.014132
305539711,-2.5542884,-8.667576,-2.943479
305539721,-2.7494824,-8.708291,-2.9961693
305539731,-2.7410998,-8.274793,-3.5865417
305539740,-2.6656568,-8.012538,-4.0044727
305539750,-2.5578809,-8.073611,-4.4319835
305539760,-2.454895,-8.419691,-4.64514
305539770,-2.4656725,-8.840017,-4.7517185
305539780,-2.2309606,-8.792117,-4.6643004
305539789,-1.8896704,-8.527467,-5.3061657
305539799,-2.9147387,-8.453221,-4.1637416
305539809,-1.956731,-7.757468,-3.333867
305539819,-2.095642,-8.077204,-3.810476
305539828,-2.4297473,-7.682025,-4.3792934
305539838,-2.2118006,-8.211325,-4.1565566
305539848,-2.44771,-8.442444,-4.1218286
305539858,-2.191443,-8.623268,-4.340973
305539868,-2.2824535,-8.63165,-4.324208
305539877,-2.290836,-8.692723,-4.28948
305539887,-2.1603076,-8.484357,-4.2092466
305539897,-2.1507275,-8.367001,-4.115841
305539907,-2.1950355,-8.454419,-4.014053
305539916,-2.4489074,-8.671168,-4.008065
305539926,-2.6177564,-8.649613,-4.205654
305539936,-2.4956102,-8.662786,-4.3445654
305539946,-2.525548,-8.62207,-4.502637
305539956,-2.5435107,-8.787327,-4.3936634
305539965,-2.6117687,-8.959768,-4.599635
305539975,-2.5051904,-8.750204,-4.543352
305539985,-2.6788294,-8.626861,-4.5529323
305539995,-2.6165588,-8.475974,-4.418811
305540004,-2.6069787,-8.351433,-4.5457473
305540014,-2.5554857,-8.34784,-4.693041
305540024,-2.635719,-8.343051,-4.6199927
305540034,-2.811753,-8.410111,-4.4499464
305540044,-2.802173,-8.21851,-4.6499305
305540053,-2.8931837,-8.052055,-4.655918
305540063,-2.9015663,-8.104746,-4.5601172
305540073,-2.9243188,-8.244855,-4.694238
305540083,-3.051255,-8.325088,-4.4834766
305540092,-3.0476623,-8.26641,-4.5421543
305540102,-2.9602442,-8.234077,-4.6643004
305540112,-2.9806018,-8.139474,-4.726571
305540122,-3.0368848,-8.116721,-4.7541137
305540132,-3.0871801,-8.05924,-4.775669
305540141,-3.1614258,-7.9718227,-4.8810496
305540151,-3.1590307,-7.904762,-4.8187795
305540161,-3.1243029,-7.7993813,-4.811594
305540171,-3.1398706,-7.643705,-4.9457154
305540181,-3.0931678,-7.682025,-4.8750625
305540190,-3.1590307,-7.7694435,-4.863087
305540200,-3.166216,-7.763456,-4.8427296
305540210,-3.2500415,-7.7466908,-4.9133825
305540220,-3.2201037,-7.629335,-4.981641
305540229,-3.2201037,-7.505991,-5.060676
305540239,-3.234474,-7.6341248,-5.039121
305540249,-3.3063245,-7.5850267,-5.019961
305540259,-3.206931,-7.6053843,-4.9361353
305540269,-3.2129188,-7.494016,-5.0283437
305540278,-3.2009437,-7.564669,-5.052294
305540288,-3.2081287,-7.6245446,-5.003196
305540298,-3.239264,-7.6329274,-5.0750465
305540308,-3.251239,-7.6329274,-5.100194
305540317,-3.2835717,-7.543114,-5.1433043
305540327,-3.4200878,-7.465276,-5.118157
305540337,-3.265609,-7.38624,-5.1037865
305540347,-3.3470397,-7.4497085,-5.061874
305540357,-3.3662,-7.562274,-5.0594788
305540366,-3.436853,-7.5347314,-5.070256
305540376,-3.4308655,-7.6484947,-4.956493
305540386,-3.4057178,-7.562274,-5.0487013
305540396,-3.3530273,-7.595804,-5.012776
305540405,-3.354225,-7.5467067,-4.9217653
305540415,-3.2847693,-7.453301,-4.997208
305540425,-3.3302746,-7.373068,-5.061874
305540435,-3.3997302,-7.4329433,-4.958888
305540445,-3.3434472,-7.491621,-5.0594788
305540454,-3.2620165,-7.437733,-5.071454
305540464,-3.321892,-7.3563023,-5.1504893
305540474,-3.3242872,-7.289242,-5.053491
305540484,-3.3973353,-7.557484,-4.966073
305540494,-3.3554223,-7.6077795,-4.9038024
305540503,-3.3374598,-7.625742,-5.0103807
305540513,-3.246449,-7.5754466,-4.9505053
305540523,-3.378175,-7.4401283,-5.022356
305540533,-3.4081128,-7.3682775,-5.024751
305540542,-3.3937426,-7.4006104,-5.1205516
305540552,-3.3889527,-7.4245605,-5.0331335
305540562,-3.4404457,-7.470066,-5.0415163
305540572,-3.5170863,-7.5778418,-5.116959
305540582,-3.578159,-7.5658665,-5.031936
305540591,-3.509901,-7.611372,-5.024751
305540601,-3.4883459,-7.498806,-5.003196
305540611,-3.530259,-7.611372,-4.997208
305540621,-3.558999,-7.589817,-5.0355287
305540630,-3.5039136,-7.740703,-5.0415163
305540640,-3.5362463,-7.6951976,-5.0235534
305540650,-3.5554066,-7.6413097,-4.9744554
305540660,-3.629652,-7.6341248,-4.958888
305540670,-3.6068995,-7.6233473,-4.8582973
305540679,-3.6212695,-7.613767,-5.007986
305540689,-3.5805542,-7.6305323,-4.8990126
305540699,-3.5997143,-7.6053843,-4.8247666
305540709,-3.622467,-7.594607,-4.9529004
305540718,-3.495531,-7.757468,-5.0008006
305540728,-3.5039136,-7.492819,-4.7672863
305540738,-3.5458264,-7.4736586,-4.8798523
305540748,-3.570974,-7.683223,-4.7912364
305540758,-3.5110986,-7.7694435,-4.8163843
305540767,-3.5218763,-7.716753,-4.9792457
305540777,-3.561394,-7.4616833,-4.949308
305540787,-3.6308496,-7.450906,-4.9924183
305540797,-3.6200721,-7.5371265,-4.878655
305540807,-3.558999,-7.557484,-4.9217653
305540816,-3.615282,-7.5670643,-4.9505053
305540826,-3.6571949,-7.6592727,-4.8103967
305540836,-3.5673816,-7.595804,-4.7696815
305540846,-3.6092944,-7.4904237,-4.863087
305540855,-3.5721717,-7.322772,-4.902605
305540865,-3.5901344,-7.3706727,-4.934938
305540875,-3.6033068,-7.420968,-4.916975
305540885,-3.4883459,-7.4401283,-5.015171
305540895,-3.5482213,-7.3826475,-4.9277525
305540904,-3.5649865,-7.436536,-5.0666637
305540914,-3.5578015,-7.505991,-4.963678
305540924,-3.5170863,-7.5395217,-4.958888
305540934,-3.4991236,-7.4030056,-4.9361353
305540943,-3.5374439,-7.4329433,-5.024751
305540953,-3.434458,-7.266489,-5.007986
305540963,-3.558999,-7.394623,-5.012776
305540973,-3.5170863,-7.3658824,-4.9672704
305540983,-3.4152977,-7.4413257,-5.093009
305540992,-3.36141,-7.573052,-5.146897
305541002,-3.4129028,-7.514374,-5.118157
305541012,-3.4727783,-7.494016,-5.0582814
305541022,-3.4236803,-7.450906,-5.1301317
305541031,-3.3925452,-7.5191636,-5.197192
305541041,-3.3482373,-7.467671,-5.127737
305541051,-3.37099,-7.4556956,-5.1145644
305541061,-3.3877552,-7.5107813,-5.1947975
305541071,-3.3602123,-7.5443115,-5.0977993
305541080,-3.2739916,-7.4784484,-5.273833
305541090,-3.3578174,-7.450906,-5.19839
305541100,-3.3470397,-7.5419164,-5.1480947
305541110,-3.2823744,-7.6161623,-5.2247353
305541119,-3.2895594,-7.564669,-5.2043777
305541129,-3.2668066,-7.738308,-5.2067723
305541139,-3.2859669,-7.63652,-5.166057
305541149,-3.234474,-7.6389146,-5.1684523
305541159,-3.1841784,-7.4736586,-5.1864147
305541168,-3.1554382,-7.5371265,-5.3205357
305541178,-3.1913636,-7.589817,-5.2822156
305541188,-3.2668066,-7.70837,-5.1924024
305541198,-3.2320788,-7.628137,-5.1792297
305541207,-3.251239,-7.699988,-5.2510805
305541217,-3.150648,-7.8101587,-5.339696
305541227,-3.194956,-7.822134,-5.245093
305541237,-3.2296839,-7.7790236,-5.247488
305541247,-3.0871801,-7.709568,-5.210365
305541256,-3.2057335,-7.667655,-5.19839
305541266,-3.2117212,-7.625742,-5.1792297
305541276,-3.1278956,-7.5814342,-5.3049684
305541286,-3.1997461,-7.7610607,-5.3145485
305541295,-3.0811927,-7.9981675,-5.4187317
305541305,-3.06323,-7.97781,-5.386399
305541315,-2.9638367,-7.9275146,-5.485792
305541325,-2.9746141,-7.6556797,-5.3528686
305541335,-3.1051428,-7.364685,-5.273833
305541344,-3.0237122,-7.388635,-5.247488
305541354,-2.9758117,-7.4269557,-5.151687
305541364,-2.8907886,-7.564669,-5.264253
305541374,-2.6955945,-7.69879,-5.604346
305541383,-2.7818153,-7.619755,-5.6785913
305541393,-2.6812243,-7.653285,-5.670209
305541403,-2.6105714,-7.5227566,-5.4259167
305541413,-2.6632617,-7.6305323,-5.0846267
305541423,-2.635719,-7.7275305,-5.085824
305541432,-2.5171654,-7.579039,-5.485792
305541442,-2.4680676,-7.413783,-6.0055113
305541452,-2.4872277,-7.289242,-6.053412
305541462,-2.5267456,-7.076085,-6.0785594
305541472,-2.5051904,-7.0712953,-6.0486217
305541481,-2.626139,-7.197034,-6.006709
305541491,-2.5842261,-7.1347632,-5.8881555
305541501,-2.618954,-7.218589,-5.9468336
305541511,-2.694397,-7.149133,-5.894143
305541520,-2.7686427,-8.05924,-5.9468336
305541530,-3.0392797,-7.970625,-5.325326
305541540,-3.3206947,-6.842571,-5.407954
305541550,-3.0979578,-5.82349,-5.245093
305541560,-3.3470397,-5.421127,-5.4977674
305541569,-3.578159,-5.1600695,-5.466632
305541579,-3.3182995,-5.5360875,-6.339617
305541589,-3.1985486,-6.1671753,-7.0712953
305541599,-3.1410682,-6.9287915,-7.3922276
305541608,-2.9135413,-7.389833,-7.828121
305541618,-2.882406,-8.010143,-7.9454775
305541628,-2.9147387,-8.399334,-7.501201
305541638,-2.9147387,-8.117919,-7.2341566
305541648,-2.8812084,-7.66047,-7.3515124
305541657,-2.701582,-7.277267,-6.9850745
305541667,-2.682422,-6.8569407,-7.35271
305541677,-2.5806336,-6.7204247,-7.066505
305541687,-2.4632776,-6.676117,-6.8258057
305541696,-2.2501209,-6.8413734,-6.612649
305541706,-2.264491,-7.5922117,-7.345525
305541716,-5.2319202,-6.119275,-2.15432
305541726,-4.8247666,-4.381688,-3.6236646
305541736,-3.4751732,-4.792434,-4.191284
305541745,-2.8883936,-5.2989807,-4.287085
305541755,-2.7937903,-6.661747,-4.590055
305541765,-2.7710376,-7.056925,-4.8870373
305541775,-2.4764502,-6.908434,-6.253396
305541784,-2.3028114,-6.680907,-7.149133
305541794,-1.9974463,-7.388635,-7.500004
305541804,-2.2333558,-8.469987,-6.8234105
305541814,-2.2968237,-8.907078,-6.3935046
305541824,-3.0081446,-7.8568616,-5.3828063
305541833,-2.6225464,-6.3851223,-4.782854
305541843,-3.251239,-6.842571,-5.982759
305541853,-4.467909,-7.213799,-4.4655137
305541863,-4.184099,-7.198231,-4.198469
305541872,-3.3662,-7.7466908,-4.58287
305541882,-3.8200562,-7.728728,-3.800896
305541892,-3.4428406,-7.995773,-3.7805383
305541902,-3.4799633,-8.9022875,-4.4487486
305541912,-4.319418,-8.79571,-3.7961059
305541921,-4.7157936,-8.086783,-4.29906
305541931,-4.6547203,-8.177794,-4.536167
305541941,-4.511019,-8.340655,-4.6271777
305541951,-4.348158,-8.029303,-4.352948
305541960,-4.4128237,-7.891589,-4.035608
305541970,-4.4104285,-7.8808117,-3.9314246
305541980,-4.454736,-7.8963795,-3.6021094
305541990,-4.6619053,-7.8808117,-2.8452833
305542000,-4.743336,-7.6484947,-3.1482532
305542009,-4.5936475,-7.249724,-3.634442
305542019,-4.3397756,-7.146738,-4.1170387
305542029,-4.29427,-7.4556956,-4.1146436
305542039,-4.2272096,-8.580157,-3.7805383
305542048,-4.525389,-9.4507475,-3.424878
305542058,-4.5349693,-9.643546,-3.171006
305542068,-4.479884,-9.546548,-3.4045203
305542078,-4.2834926,-9.1621475,-3.1422656
305542088,-4.0415955,-9.168135,-2.863246
305542097,-3.9481897,-9.273516,-2.6524842
305542107,-4.0332127,-8.520282,-2.3123913
305542117,-3.8931043,-8.110734,-2.3004162
305542127,-3.8727465,-8.2712,-2.7171497
305542136,-3.7745507,-8.289163,-2.5027955
305542146,-3.7961059,-8.890312,-2.4441175
305542156,-3.885919,-9.170529,-2.4393275
305542166,-3.8020935,-8.728649,-1.6525635
305542176,-3.7649708,-10.057884,-1.6118481
305542185,-4.003275,-10.52132,-0.61911255
305542195,-4.0188427,-10.134525,-0.22513184
305542205,-3.838019,-9.651929,-0.69575316
305542215,-3.7925134,-8.822055,-0.7544311
305542224,-3.6571949,-8.167017,-0.5388794
305542234,-3.4560132,-7.8424916,-0.17244141
305542244,-3.8140686,-7.838899,0.48020142
305542254,-3.885919,-7.7993813,1.1364368
305542264,-3.913462,-7.732321,1.4573693
305542273,-3.8607714,-8.157436,1.9315833
305542283,-3.866759,-7.8808117,2.8620484
305542293,-3.8607714,-7.444918,3.2272887
305542303,-3.878734,-7.133566,3.321892
305542312,-3.786526,-6.8329906,3.2787817
305542322,-3.932622,-6.7850904,3.0764027
305542332,-3.8775365,-6.7922754,3.2129188
305542342,-3.7877233,-6.285729,3.8272412
305542352,-4.0272255,-5.812712,4.078718
305542361,-4.2810974,-5.1456995,4.7612987
305542371,-4.5517344,-4.526587,5.3768187
305542381,-4.3134303,-4.237987,5.5073476
305542391,-4.064348,-4.172124,5.629493
305542401,-4.2176294,-3.6260595,5.891748
305542410,-4.3206153,-2.943479,6.194718
305542420,-4.143384,-2.5854235,6.358777
305542430,-4.1805067,-2.5710535,6.724017
305542440,-4.5002418,-1.8776953,6.739585
305542449,-4.6894484,-0.6993457,6.7826953
305542459,-4.687053,-0.22752686,6.321654
305542469,-4.2296047,-0.38559815,6.5228357
305542479,-4.325405,-0.6777905,7.1072206
305542489,-4.2715173,-0.857417,7.5179663
305542498,-4.190087,-0.5771997,7.6880126
305542508,-4.211642,-0.86100954,7.782616
305542518,-4.164939,-0.9196875,7.941885
305542528,-4.1529636,-0.6251001,7.7790236
305542537,-4.085903,-0.22632934,7.5443115
305542547,-3.906277,0.0,7.4880285
305542557,-3.8919067,-0.34488282,7.836504
305542567,-3.8823266,-0.84065187,8.182584
305542577,-3.817661,-0.83945435,8.502319
305542586,-3.7553906,-0.59635985,8.371791
305542596,-3.7086878,-0.45984375,8.234077
305542606,-3.744613,-0.47301635,7.9921803
305542616,-3.6943176,-0.5053491,7.9826
305542625,-3.6583924,-0.7197034,7.9107494
305542635,-3.681145,-0.7759863,8.29994
305542645,-3.8164637,-0.432301,8.378976
305542655,-3.7709582,-0.27183473,8.25204
305542665,-3.725453,-0.3568579,8.101153
305542674,-3.6883302,-0.2838098,8.031698
305542684,-3.817661,-0.16405883,8.012538
305542694,-3.6727624,-0.15328126,8.026908
305542704,-3.7206628,-0.6143225,8.01134
305542713,-3.8164637,-0.81191164,8.301138
305542723,-4.2176294,-0.45864624,8.340655
305542733,-4.2020617,0.04550537,8.353828
305542743,-4.0392003,0.12933105,8.259225
305542753,-3.979325,0.25387207,8.147857
305542762,-3.7781434,0.32332763,7.940687
305542772,-3.8631666,0.49576905,7.7622585
305542782,-3.8248463,0.37841308,7.582632
305542792,-3.854784,0.065863036,7.4173756
305542801,-4.0332127,-0.3329077,7.782616
305542811,-4.2858872,-0.15567628,7.9514647
305542821,-4.390071,0.31494507,7.9574523
305542831,-4.31822,0.67898804,7.677235
305542841,-4.1661363,0.73048097,7.618557
305542850,-4.269122,0.4035608,7.462881
305542860,-4.2583447,0.2574646,7.4473133
305542870,-4.2715173,0.32332763,7.3658824
305542880,-4.3074427,0.4538562,7.066505
305542889,-4.352948,0.6394702,6.8234105
305542899,-4.263135,0.5891748,6.788683
305542909,-4.3924656,0.1844165,6.8473606
305542919,-4.4128237,-0.28500733,6.7611403
305542929,-4.487069,-0.984353,6.652167
305542938,-4.5445495,-1.585503,6.5683413
305542948,-4.59724,-2.0130138,6.2665687
305542958,-4.404441,-2.5375233,5.835465
305542968,-4.4427614,-2.8907886,5.436694
305542978,-4.430786,-3.3458424,5.053491
305542987,-4.484674,-3.730243,4.6259804
305542997,-4.3373804,-4.6978307,4.5301795
305543007,-4.2834926,-5.9396486,4.8810496
305543017,-4.0679407,-7.1515284,5.0103807
305543026,-4.111051,-8.05924,5.3612514
305543036,-4.061953,-8.320298,5.372029
305543046,-3.7506006,-7.9155397,4.6128078
305543056,-3.5290613,-7.303612,3.5374439
305543066,-3.1087353,-7.141948,2.7099645
305543075,-3.006947,-7.701185,2.311194
305543085,-3.0847852,-8.374186,1.5687377
305543095,-3.373385,-9.006471,2.337539
305543105,-3.2476466,-9.030421,3.302732
305543114,-2.7770252,-8.950188,3.2081287
305543124,-2.535128,-8.036488,1.6693286
305543134,-2.6632617,-7.470066,-1.3843213
305543144,-2.6093738,-8.911868,-1.968706
305543154,-2.9722192,-9.939331,0.09699829
305543163,-3.5853443,-10.023157,0.97716796
305543173,-3.505111,-10.4638405,0.7256909
305543183,-3.4512231,-10.253078,0.55923706
305543193,-3.1686108,-10.146501,0.66701293
305543203,-3.2440538,-9.992022,0.2562671
305543212,-2.635719,-8.728649,-0.22752686
305543222,-3.206931,-7.6377172,-1.2430152
305543232,-3.5158887,-8.210127,-2.337539
305543242,-3.0368848,-7.4149804,-1.7483642
305543251,-3.3302746,-8.370593,-2.4393275
305543261,-3.6955152,-8.860374,-1.7435743
305543271,-3.246449,-8.325088,-3.2284863
305543281,-3.9445972,-9.533375,-1.9734961
305543291,-4.240382,-6.915619,2.2201831
305543300,-5.100194,-8.466394,-0.66940796
305543310,-3.8392162,-8.193362,0.864602
305543320,-4.8307543,-7.516769,-0.039517824
305543330,-4.484674,-6.4881077,-1.6118481
305543339,-4.404441,-5.5360875,-1.3112732
305543349,-4.4834766,-5.979166,-1.7040564
305543359,-4.653523,-8.074808,-1.7615368
305543369,-4.749324,-8.406519,-0.17124389
305543379,-3.6643798,-7.7754307,-2.8883936
305543388,-5.052294,-6.798263,-2.3016138
305543398,-3.9410048,-11.015892,-5.4606447
305543408,-3.1470556,-8.577763,-3.5829492
305543418,-3.974535,-10.166858,-3.5554066
305543427,-4.4954515,-10.760822,-2.4656725
305543437,-3.97693,-9.278306,-3.9565723
305543447,-3.7853284,-8.915461,-4.4906616
305543457,-3.6967127,-8.681946,-3.8883142
305543467,-3.3745825,-8.487949,-4.1565566
305543476,-3.0548475,-8.93941,-4.2008643
305543486,-2.8321106,-8.599318,-4.263135
305543496,-2.8249254,-8.635242,-4.436774
305543506,-2.76505,-8.007748,-3.754193
305543516,-3.0644274,-8.092771,-4.01525
305543525,-2.9374914,-8.192164,-4.3218126
305543535,-2.9758117,-8.158634,-3.9445972
305543545,-3.427273,-8.29036,-3.5757642
305543555,-3.5242712,-8.255632,-3.7170703
305543564,-2.9698243,-8.696316,-5.613926
305543574,-2.8512707,-8.834029,-4.6523256
305543584,-2.8740234,-8.6136875,-4.0882983
305543594,-2.7123597,-8.249645,-4.799619
305543604,-2.6656568,-7.780221,-5.1121693
305543613,-2.8656409,-7.9598475,-5.1600695
305543623,-2.8668385,-8.140672,-5.007986
305543633,-2.8955786,-8.644823,-5.0475035
305543643,-2.8728259,-8.59333,-4.9624805
305543652,-3.0320947,-8.313113,-4.990023
305543662,-2.938689,-8.056846,-4.958888
305543672,-2.9327013,-7.9370947,-4.939728
305543682,-2.8500733,-7.787406,-4.749324
305543692,-2.8452833,-7.6161623,-4.6619053
305543746,-2.8045678,-7.374265,-4.421206
305543755,-2.7937903,-7.501201,-4.350553
305543765,-2.6860144,-7.7838135,-4.805607
305543775,-2.7482848,-7.7466908,-4.8570995
305543785,-2.8596532,-8.061636,-4.990023
305543795,-2.8919861,-8.909472,-5.146897
305543804,-3.0799952,-8.378976,-4.860692
305543814,-2.9207263,-8.0305,-5.349276
305543824,-2.7075696,-7.749086,-5.254673
305543834,-2.889591,-7.702383,-5.2235374
305543843,-3.0476623,-7.5131764,-5.158872
305543853,-3.1865735,-7.339537,-4.9624805
305543863,-3.1638207,-7.2652917,-5.090614
305543873,-3.2009437,-7.5670643,-5.125342
305543883,-3.5122962,-7.3072047,-5.190007
305543892,-3.737428,-6.866521,-5.144502
305543902,-3.6236646,-6.8976564,-5.1133666
305543912,-3.5865417,-7.036567,-5.0235534
305543922,-3.5769618,-7.186256,-4.9373326
305543931,-3.6284547,-7.2401443,-5.0966015
305543941,-3.554209,-7.067703,-5.259463
305543951,-3.5194812,-7.1072206,-5.1600695
305543961,-3.4033227,-7.205416,-5.3612514
305543971,-3.3602123,-7.3072047,-5.4881873
305543980,-3.2823744,-7.3826475,-5.606741
305543990,-3.241659,-7.420968,-5.6570363
305544000,-3.2165112,-7.4712634,-5.5851855
305544010,-3.2057335,-7.435338,-5.4654346
305544020,-3.222499,-7.39582,-5.5360875
305544029,-3.2105236,-7.4568934,-5.5360875
305544039,-3.1614258,-7.389833,-5.4630394
305544049,-3.171006,-7.4808435,-5.3480787
305544059,-3.1925611,-7.443721,-5.4091516
305544068,-3.2236962,-7.423363,-5.4187317
305544078,-3.1961536,-7.2808595,-5.4390893
305544088,-3.2500415,-7.325167,-5.3828063
305544098,-3.265609,-7.550299,-5.302573
305544108,-3.2332764,-7.5287437,-5.4630394
305544117,-3.2248938,-7.3934255,-5.579198
305544127,-3.3482373,-7.301217,-5.750442
305544137,-3.4308655,-7.2856493,-5.6905665
305544147,-3.4141004,-7.498806,-5.6175184
305544156,-3.378175,-7.4880285,-5.660629
305544166,-3.4452355,-7.39582,-5.6259007
305544176,-3.378175,-7.4006104,-5.645061
305544186,-3.446433,-7.4149804,-5.527705
305544196,-3.2811768,-7.452103,-5.4726195
305544205,-3.2763867,-7.33834,-5.576803
305544215,-3.2931519,-7.380253,-5.692961
305544225,-3.317102,-7.2904396,-5.5923705
305544235,-3.3506324,-7.219786,-5.8222923
305544244,-3.439248,-7.2078114,-5.6749988
305544254,-3.354225,-7.1922436,-5.5947657
305544264,-3.3278797,-7.1096153,-5.691764
305544274,-3.3182995,-7.2221813,-5.572013
305544284,-3.2680042,-7.3131924,-5.5456676
305544293,-3.2787817,-7.179071,-5.6738014
305544303,-3.3434472,-7.0904555,-5.6259007
305544313,-3.3159046,-7.1275783,-5.6103334
305544323,-3.2823744,-7.0748878,-5.597161
305544332,-3.258424,-7.2569094,-5.5432725
305544342,-3.2763867,-7.042555,-5.6438637
305544352,-3.145858,-6.964717,-5.6570363
305544362,-3.1793885,-6.9204087,-5.6558385
305544372,-3.178191,-7.0976405,-5.660629
305544381,-3.1937585,-7.1347632,-5.6318884
305544391,-3.1757958,-7.1539235,-5.8330703
305544401,-3.1602283,-7.1191955,-6.052214
305544411,-3.0728102,-7.1706886,-5.879773
305544421,-3.0177245,-7.179071,-5.918093
305544430,-3.0488598,-7.188651,-5.853428
305544440,-2.9482691,-7.1263804,-5.742059
305544450,-3.06802,-7.0784802,-5.8402553
305544460,-3.08239,-6.9754944,-5.8570204
305544469,-3.051255,-7.026987,-5.9839563
305544479,-2.9662316,-7.149133,-6.0953245
305544489,-2.8740234,-7.3563023,-6.051017
305544499,-2.9542565,-7.276069,-6.170768
305544509,-2.889591,-7.1539235,-6.2102857
305544518,-2.9003687,-7.270082,-6.2330384
305544528,-2.7890003,-7.3131924,-6.084547
305544538,-2.6955945,-7.205416,-6.16478
305544548,-2.701582,-7.1898484,-6.1037073
305544558,-2.7662475,-7.277267,-6.0953245
305544567,-2.8955786,-7.33355,-6.1049047
305544577,-2.8392956,-7.4712634,-6.156398
305544587,-2.6560767,-7.5023985,-6.094127
305544597,-2.7003846,-7.459288,-6.206693
305544606,-2.870431,-7.3658824,-6.013894
305544616,-2.999762,-7.2437367,-5.82349
305544626,-3.1015503,-7.408993,-5.4726195
305544636,-3.2260914,-7.3131924,-5.205575
305544646,-3.138673,-6.9443593,-5.4750147
305544655,-3.0572424,-6.673722,-6.070177
305544665,-3.0404773,-6.697672,-6.2162733
305544675,-2.9614418,-7.003037,-6.192323
305544685,-2.7949877,-6.9431615,-6.3132715
305544694,-2.7255323,-7.301217,-6.638994
305544704,-2.6979895,-7.2006264,-7.0150123
305544714,-2.7482848,-7.2628965,-6.939569
305544724,-2.696792,-7.3119946,-6.9994445
305544734,-2.572251,-7.3982153,-7.037765
305544743,-2.6345215,-7.418573,-7.174281
305544753,-2.591411,-7.33834,-7.3586974
305544763,-2.6608667,-7.3143897,-7.04974
305544773,-2.6908045,-7.2173915,-6.6401916
305544782,-2.6836195,-6.9144216,-6.3204565
305544792,-2.6045837,-6.6557593,-6.157595
305544802,-2.635719,-6.595884,-6.149213
305544812,-2.3782544,-6.470145,-6.4246397
305544822,-2.0285816,-6.6258216,-7.2018237
305544831,-1.9184107,-6.46775,-7.818541
305544841,-1.8058448,-5.999524,-8.311915
305544851,-1.4789245,-6.988667,-7.7442956
305544861,-2.3459215,-6.685697,-7.5131764
305544871,-1.0729687,-6.5300207,-6.7803
305544880,-0.66342044,-6.8006577,-6.4665527
305544890,-0.5724097,-6.490503,-4.228407
305544900,-2.0441492,-5.9276733,-5.292993
305544910,-3.1326857,-5.733677,-4.5325747
305544919,-3.749403,-6.6988697,-4.7792616
305544929,-5.637876,-7.252119,-1.9974463
305544939,-6.974297,-7.635322,-0.8107141
305544949,-7.2808595,-7.4389305,-1.1939173
305544959,-5.7995396,-8.101153,-6.803053
305544968,-4.2727146,-7.8161464,-6.3432093
305544978,-1.7986597,-7.498806,-5.8318725
305544988,-2.3782544,-6.255791,-3.5625916
305544998,-3.9913,-3.925437,-3.0991552
305545008,-2.8297155,-4.564907,-4.5205994
305545017,-1.2478051,-6.836583,-4.5146117
305545027,-0.18920654,-8.784931,-4.599635
305545037,-0.05388794,-10.053095,-3.8464015
305545047,-2.2285657,-9.780063,-2.692002
305545056,-5.630691,-8.213719,-2.7806177
305545066,-7.1922436,-6.807843,-5.846243
305545076,-4.9912205,-7.8951817,-9.697434
305545086,-3.4200878,-8.334668,-11.904445
305545096,-4.2272096,-8.531059,-13.851596
305545105,-5.740862,-8.217312,-12.3068075
305545115,-5.8007374,-7.846084,-9.016051
305545125,-4.197272,-7.8963795,-6.9611244
305545135,-2.9183314,-5.334906,-2.1555176
305545144,-1.2669654,-4.790039,-6.884484
305545154,-3.3530273,-6.8677187,-9.085506
305545164,-4.5421543,-7.247329,-6.646179
305545174,-3.4524207,-7.7610607,-6.744375
305545184,-3.009342,-7.218589,-4.008065
305545193,-0.37362304,-4.022435,1.1747571
305545203,2.0968397,-10.663824,-1.1400293
305545213,-0.27183473,-12.022998,1.0106982
305545223,-1.1939173,-9.735754,-1.1053015
305545233,-1.9279907,-7.813751,-2.5542884
305545242,-2.6369164,-8.980125,-3.5913317
305545252,-3.0033545,-9.639954,-3.070415
305545262,-2.7446923,-9.226812,-3.805686
305545272,-2.518363,-8.327483,-4.743336
305545281,-2.8345056,-8.480764,-6.43901
305545291,-3.2129188,-8.713081,-8.210127
305545301,-3.3458424,-8.563393,-8.168214
305545311,-2.2537134,-8.0017605,-6.8305955
305545321,-1.5376025,-6.058202,-3.6512072
305545330,-0.8071216,-7.9346995,-3.6164794
305545340,-1.3304334,-6.821016,1.0813513
305545350,-0.8190967,-5.330116,2.1567152
305545360,-2.635719,-5.1217494,1.2106824
305545369,-4.905,-6.7120423,-0.81550413
305545379,-5.795947,-9.121432,-4.162544
305545389,-6.2234583,-10.429112,-7.09285
305545399,-7.0509377,-10.911709,-10.635084
305545409,-8.505912,-10.0698595,-14.806011
305545418,-9.595646,-6.3994923,-7.6616673
305545428,-5.22713,-7.0976405,-4.1469765
305545438,-2.1004322,-8.183782,-4.0463853
305545448,-0.8454419,-7.345525,-3.864364
305545457,-0.4754114,-6.634204,-2.5087829
305545467,-1.0118958,-6.8246083,-1.2394226
305545477,-1.7902771,-8.002957,-1.7028589
305545487,-3.2835717,-10.708133,-3.690725
305545497,-3.923042,-10.328522,-2.2070105
305545506,-4.482279,-10.639874,-3.932622
305545516,-3.8356237,-9.244776,-3.182981
305545526,-3.4655933,-8.922646,-2.3495142
305545536,-2.9482691,-8.850795,-1.3040881
305545546,-2.0489392,-9.720187,-1.2178674
305545555,-1.4621594,-8.625663,2.198628
305545565,-0.556842,-8.249645,1.3471985
305545575,-1.3639636,-7.589817,1.8836828
305545585,-1.2178674,-7.2102065,2.9925768
305545594,-1.5399976,-6.588699,3.3230896
305545604,-2.029779,-6.5767236,1.8717078
305545614,-1.8561401,-6.9611244,1.5208374
305545624,-1.4801221,-7.8963795,1.1160791
305545634,-1.3471985,-8.798104,1.2011023
305545643,-1.4274316,-9.660312,1.1591895
305545653,-1.9878662,-9.837543,1.526825
305545663,-2.694397,-9.305848,1.4717395
305545673,-2.701582,-8.450827,0.45265868
305545682,-2.501598,-9.772877,-1.6549585
305545692,-3.7218604,-8.98731,-0.023950195
305545702,-3.5206788,-8.570578,-0.17603393
305545712,-2.6201513,-7.091653,-1.3939013
305545722,-2.2920337,-5.6366787,-3.805686
305545731,-2.2968237,-6.532416,-5.8642054
305545741,-3.1494508,-8.543035,-5.3049684
305545751,-3.925437,-9.101074,-1.4801221
305545761,-2.757865,-10.095007,-0.0119750975
305545771,-2.4225624,-11.206296,-1.8717078
305545780,-3.2236962,-9.3872795,-2.5830286
305545790,-3.3841627,-7.1048255,-3.0799952
305545800,-3.5446289,-6.2498035,-4.149371
305545810,-3.6583924,-6.7527575,-4.362528
305545819,-3.7529955,-7.205416,-2.7099645
305545829,-4.2978625,-8.923842,-3.6080968
305545839,-4.531377,-8.875942,-3.317102
305545849,-4.2296047,-8.616083,-3.6895275
305545859,-4.3445654,-8.213719,-3.942202
305545868,-4.8810496,-8.309521,-4.388873
305545878,-4.4176135,-8.141869,-4.4738965
305545888,-3.7925134,-8.236472,-5.107379
305545898,-3.2380664,-8.703501,-5.3408937
305545907,-3.6188745,-8.929831,-5.23671
305545917,-3.5637891,-8.903485,-4.9792457
305545927,-3.150648,-8.98731,-5.005591
305545937,-3.187771,-8.400531,-4.792434
305545947,-2.9195287,-7.702383,-5.037924
305545956,-2.802173,-7.94907,-5.413942
305545966,-2.8596532,-8.823252,-5.3205357
305545976,-2.9686267,-9.103469,-5.1504893
305545986,-2.9746141,-8.715476,-5.292993
305545995,-3.011737,-8.110734,-5.5708156
305546005,-3.222499,-7.5371265,-5.4091516
305546015,-2.9698243,-7.156318,-4.9576902
305546025,-2.342329,-7.115603,-4.748126
305546035,-2.1842577,-6.8749037,-4.8247666
305546044,-2.3243666,-6.580316,-4.6128078
305546054,-2.347119,-6.779103,-5.2415004
305546064,-2.262096,-7.164701,-5.2726355
305546074,-2.3626869,-7.975415,-5.550458
305546083,-2.286046,-8.467591,-5.5660253
305546093,-2.3207738,-8.317903,-5.4067564
305546103,-2.43813,-8.121511,-5.363646
305546113,-2.3315516,-7.7538757,-5.6259007
305546123,-2.2728736,-7.589817,-4.9996033
305546132,-2.4069946,-7.9933777,-5.294191
305546142,-2.454895,-7.4389305,-5.024751
305546152,-2.4764502,-7.350315,-5.4259167
305546162,-2.4213648,-7.692803,-5.6953564
305546171,-2.389032,-7.63652,-5.3037705
305546181,-2.5890162,-7.557484,-5.3265233
305546191,-2.4716601,-7.4688683,-5.2486854
305546201,-2.530338,-7.482041,-5.261858
305546211,-2.6560767,-7.707173,-5.1109715
305546220,-2.6105714,-7.884404,-5.107379
305546230,-2.5554857,-7.955057,-4.912185
305546240,-2.5243506,-8.25204,-5.0642686
305546250,-2.5950036,-8.23767,-4.9600854
305546260,-2.6752367,-8.183782,-5.124144
305546269,-2.6105714,-8.244855,-5.221143
305546279,-2.550696,-8.230485,-5.2319202
305546289,-2.4632776,-8.291557,-5.452262
305546299,-2.6093738,-8.133487,-5.3552637
305546308,-2.762655,-7.841294,-5.3265233
305546318,-2.7339149,-7.5670643,-5.2510805
305546328,-2.838098,-7.380253,-5.2846107
305546338,-2.8081603,-7.5035963,-5.134922
305546348,-2.7135572,-7.5754466,-5.261858
305546357,-2.689607,-7.501201,-5.2187476
305546367,-2.6644592,-7.5347314,-5.459447
305546377,-2.6716442,-7.716753,-5.3145485
305546387,-2.7171497,-7.7862086,-5.1852174
305546396,-2.8177404,-7.7347155,-5.2630553
305546406,-3.0081446,-7.66526,-5.391189
305546416,-2.9327013,-7.205416,-5.3528686
305546426,-2.8321106,-7.103628,-5.461842
305546436,-2.6704469,-7.1383557,-5.6654186
305546445,-2.757865,-7.213799,-5.7516394
305546455,-2.7686427,-7.3347473,-5.724097
305546465,-2.630929,-7.3539076,-5.6905665
305546475,-2.6931994,-7.345525,-5.6654186
305546485,-2.6584716,-7.3419323,-5.696554
305546494,-2.7003846,-7.404203,-5.703739
305546504,-2.654879,-7.379055,-5.6570363
305546514,-2.6560767,-7.3934255,-5.676196
305546524,-2.7303224,-7.2808595,-5.7851696
305546533,-2.6249413,-7.267687,-6.0055113
305546543,-2.694397,-7.467671,-6.1528053
305546553,-2.7830126,-7.643705,-5.940846
305546563,-2.6668541,-7.500004,-5.7995396
305546573,-2.6225464,-7.3131924,-5.6486535
305546582,-2.6632617,-7.261699,-5.5360875
305546592,-2.6141639,-7.2724767,-5.4654346
305546602,-2.6788294,-7.470066,-5.466632
305546612,-2.5578809,-7.5742493,-5.6007533
305546621,-2.45729,-7.6245446,-5.7935524
305546631,-2.633324,-7.5682616,-5.980364
305546641,-2.4716601,-7.387438,-5.987549
305546651,-2.4237597,-7.3515124,-5.989944
305546661,-2.4141798,-7.38624,-5.8246875
305546670,-2.4513025,-7.4197707,-5.82828
305546680,-2.4010072,-7.425758,-5.7911572
305546690,-2.4932153,-7.2401443,-5.6570363
305546700,-2.5363257,-7.2317615,-5.892946
305546710,-2.3590941,-7.2437367,-6.1037073
305546719,-2.2573059,-7.282057,-6.227051
305546729,-2.1878502,-7.282057,-6.3036914
305546739,-2.3064039,-7.219786,-6.5695386
305546749,-2.4848328,-7.3072047,-6.581514
305546758,-2.4932153,-7.6556797,-6.46775
305546768,-2.5243506,-7.883207,-6.4917006
305546778,-2.5878186,-7.9718227,-6.659352
305546788,-2.7003846,-8.425678,-6.563551
305546798,-2.7806177,-8.893905,-6.3851223
305546807,-2.6512866,-8.349038,-5.2630553
305546817,-3.018922,-6.062992,-4.8163843
305546827,-3.0285022,-5.4738173,-5.4798045
305546837,-3.297942,-6.074967,-4.5613146
305546847,-3.798501,-6.1468177,-3.4643958
305546856,-3.7134778,-6.915619,-5.836663
305546866,-3.7266505,-6.051017,-5.276228
305546876,-3.4811609,-6.4545774,-6.1791506
305546886,-4.078718,-6.9383717,-5.391189
305546895,-4.30864,-7.052135,-5.3361034
305546905,-4.223617,-7.4556956,-5.191205
305546915,-4.1924815,-7.7526784,-5.3540664
305546925,-4.315825,-7.947872,-4.939728
305546935,-4.319418,-8.091574,-4.7110033
305546944,-4.096681,-8.523874,-4.4343786
305546954,-3.766168,-8.662786,-4.5637097
305546964,-3.6092944,-8.463999,-4.655918
305546974,-3.605702,-8.272397,-4.719386
305546983,-3.5805542,-8.250842,-4.6415477
305546993,-3.5039136,-8.137079,-4.60203
305547003,-3.5314562,-8.170609,-4.7936316
305547013,-3.5601966,-8.281978,-4.763694
305547023,-3.864364,-8.792117,-4.052373
305547032,-4.181704,-8.976533,-3.3206947
305547042,-4.4475513,-9.017248,-3.4715807
305547052,-4.2104445,-8.859178,-3.5230737
305547062,-4.291875,-8.663983,-3.5997143
305547072,-4.5134144,-8.543035,-3.373385
305547081,-4.4978466,-8.820857,-2.8524683
305547091,-4.27032,-10.193203,-2.5662634
305547101,-4.406836,-10.873388,-1.9447559
305547111,-4.455934,-10.620714,-1.7244141
305547120,-4.695436,-10.253078,-1.7771045
305547130,-4.742139,-9.635163,-1.660946
305547140,-4.6834607,-9.043593,-1.5136523
305547150,-4.540957,-8.205337,-0.92567503
305547160,-4.5373645,-8.101153,-0.8143066
305547169,-4.27032,-8.201744,-0.24548951
305547179,-4.0978785,-8.202942,0.37721556
305547189,-3.9410048,-8.031698,0.81550413
305547199,-3.8440063,-7.7766285,1.1448194
305547209,-3.6009119,-7.7442956,1.4322217
305547218,-3.5961218,-7.804171,1.8717078
305547228,-3.7015028,-7.389833,2.2165906
305547238,-3.838019,-6.7216225,2.692002
305547248,-3.8200562,-6.885681,2.9279113
305547257,-3.9098694,-6.8976564,3.0500574
305547267,-4.0835085,-5.9372535,3.5290613
305547277,-4.2810974,-4.1864944,3.6080968
305547287,-4.572092,-2.2525158,3.793711
305547297,-4.6271777,-1.1723621,3.7589831
305547306,-4.7840514,-1.1376343,4.247567
305547316,-5.0822315,-1.6262183,5.093009
305547326,-5.3756213,-2.151925,5.598358
305547336,-5.611531,-2.1818628,5.948031
305547346,-5.522915,-2.0261865,5.988746
305547355,-5.50136,-2.1567152,6.3048887
305547365,-5.503755,-2.7722352,6.638994
305547375,-5.2965856,-3.4164953,6.9096313
305547385,-4.9996033,-3.7338355,6.9216065
305547394,-4.667893,-3.8092785,7.067703
305547404,-4.4319835,-3.5134935,6.929989
305547414,-4.340973,-3.2847693,6.638994
305547424,-4.1517663,-2.9925768,6.3695545
305547434,-4.054768,-2.955454,6.0785594
305547443,-4.0571632,-3.0548475,5.943241
305547453,-4.1050634,-3.1889684,5.7516394
305547463,-4.0248303,-3.321892,5.6223083
305547473,-4.0368056,-3.5913317,5.503755
305547483,-4.0823107,-3.8583765,5.421127
305547492,-4.1290135,-4.4331813,5.083429
305547502,-4.27032,-4.8427296,5.0331335
305547512,-4.4331813,-5.3289185,5.0331335
305547522,-4.479884,-5.5217175,4.7469287
305547531,-4.452341,-5.999524,4.5445495
305547569,-4.4331813,-6.274951,4.3936634
305547579,-4.4882665,-6.356382,3.9972875
305547589,-4.4475513,-6.653364,3.6236646
305547599,-4.3218126,-7.004235,3.4631982
305547609,-4.1314087,-7.219786,3.319497
305547618,-4.103866,-7.5778418,3.0787976
305547628,-3.9781275,-7.9227247,2.454895
305547638,-3.864364,-8.286768,2.0800745
305547648,-3.7086878,-8.363408,1.9387683
305547658,-3.7625756,-8.329878,1.6118481
305547667,-3.822451,-7.885602,0.8741821
305547677,-3.8847218,-7.325167,0.20597167
305547687,-3.676355,-7.056925,-0.5269043
305547697,-3.5637891,-7.477251,-0.75203615
305547706,-3.495531,-8.632848,-0.7592212
305547716,-3.612887,-9.745335,-0.11496094
305547726,-3.7110827,-10.188413,-0.12933105
305547736,-3.6440222,-9.871073,-0.61791503
305547746,-3.570974,-9.22801,-1.7950672
305547755,-3.37099,-8.771759,-2.5997937
305547765,-3.3626075,-9.0076685,-2.6560767
305547775,-3.429668,-9.600436,-2.46687
305547785,-3.547024,-10.078242,-2.5399182
305547795,-3.676355,-9.871073,-2.5518932
305547804,-3.810476,-9.320218,-3.0787976
305547814,-3.9290295,-8.6699705,-3.4188905
305547824,-3.8727465,-8.465197,-3.6009119
305547834,-3.8907092,-8.495134,-3.810476
305547843,-3.932622,-8.499925,-3.69791
305547853,-3.974535,-8.601712,-3.5398388
305547863,-4.157754,-8.764574,-3.911067
305547873,-4.008065,-8.214917,-4.148174
305547883,-3.7685633,-7.9514647,-4.348158
305547892,-3.5266662,-8.161029,-4.980443
305547902,-3.5110986,-8.078401,-5.7444544
305547912,-4.0272255,-7.989785,-4.7624965
305547922,-4.030818,-7.98739,-3.2991395
305547932,-3.6943176,-7.1874537,-3.3278797
305547941,-3.4033227,-7.066505,-3.803291
305547951,-3.3769774,-7.4030056,-4.3768983
305547961,-3.6320472,-7.619755,-4.2200246
305547971,-3.7685633,-7.289242,-3.2440538
305547981,-3.6320472,-7.220984,-2.6369164
305547990,-3.131488,-7.9287124,-3.3805702
305548000,-3.1614258,-7.9287124,-4.140989
305548010,-3.9170544,-7.540719,-4.6666956
305548020,-3.6380346,-8.27599,-3.8487964
305548029,-3.5829492,-6.285729,-2.4560926
305548039,-3.8607714,-8.880733,-5.351671
305548049,-2.9123437,-8.766969,-1.9675086
305548059,-3.7853284,-10.765613,-3.8559813
305548069,-2.8416908,-8.33347,-1.719624
305548078,-3.7829332,-8.820857,-4.9624805
305548088,-2.5375233,-7.2401443,-2.875221
305548098,-2.8536658,-8.140672,-5.0187635
305548108,-2.327959,-7.6688523,-4.362528
305548118,-2.826123,-8.728649,-4.8163843
305548127,-2.994972,-8.193362,-3.9457946
305548137,-2.572251,-7.69879,-4.409231
305548147,-2.5171654,-6.3911095,-4.8307543
305548157,-2.4800427,-7.284452,-5.277426
305548166,-2.6069787,-7.625742,-4.813989
305548176,-2.6931994,-8.399334,-3.9565723
305548186,-2.6273365,-8.259225,-4.702621
305548196,-2.931504,-7.2161937,-3.8344262
305548210,-2.2920337,-8.110734,-6.199508
305548220,-1.8166223,-11.091335,-5.967191
305548230,-2.102827,-8.790919,-1.1831397
305548239,-2.0477417,-9.008866,-3.5182836
305548249,-2.1579125,-7.9574523,-4.757706
305548259,-2.325564,-7.2173915,-5.052294
305548269,-2.692002,-8.1143265,-6.1935205
305548278,-2.7147546,-9.14658,-4.543352
305548288,-3.1578333,-10.304571,-3.7278478
305548298,-3.075205,-11.07936,-4.491859
305548308,-2.642904,-10.729688,-4.623585
305548318,-2.6369164,-9.847123,-5.125342
305548327,-2.3483167,-9.8447275,-4.29427
305548337,-2.5902135,-9.916578,-3.434458
305548347,-2.6860144,-10.386003,-4.749324
305548357,-2.933899,-10.346484,-1.4418018
305548367,-3.4488282,-9.998009,-1.0753638
305548376,-3.7050953,-10.469828,-0.53648436
305548386,-3.8092785,-11.0757675,-1.5759228
305548396,-3.3494349,-10.609937,-1.0597961
305548406,-2.7590625,-10.682984,-3.2668066
305548415,-1.9579284,-10.540481,-3.629652
305548425,-1.8585352,-9.825567,-1.6920813
305548435,-2.4417224,-9.050778,0.5999524
305548445,-3.3506324,-9.18011,1.3711487
305548455,-3.4967284,-9.548943,1.2621753
305548464,-3.4919386,-9.107061,1.9088305
305548474,-3.3566198,-8.778944,2.3878345
305548484,-3.1039453,-7.7299256,2.5471032
305548494,-2.694397,-5.945636,1.9974463
305548504,-2.0585194,-4.9457154,0.37122804
305548513,-1.3915063,-4.0739284,-0.44786865
305548523,-0.7041357,-3.8200562,-0.70293826
305548533,-0.23950195,-4.4571314,-1.0178833
305548543,-0.1963916,-5.527705,-1.1196716
305548552,-0.45026368,-6.541996,-0.9304651
305548562,-0.57001466,-7.08327,-0.554447
305548572,-0.70772827,-6.956334,-1.3819263
305548582,-0.21195923,-6.2869263,-2.6788294
305548592,0.05867798,-5.5780005,-4.24637
305548601,0.17004639,-5.2163525,-5.2630553
305548611,0.09580078,-5.726492,-5.344486
305548621,-0.34608033,-6.497688,-4.7517185
305548631,-0.19399658,-7.6077795,-4.206852
305548641,-0.07065307,-8.450827,-3.861969
305548650,0.18681152,-8.388556,-3.432063
305548660,0.31734008,-8.480764,-4.1385937
305548670,0.39517823,-8.514295,-4.012855
305548680,0.31255004,-9.045989,-3.7793407
305548689,-0.20118164,-9.744137,-3.542234
305548699,-0.082628176,-10.04112,-3.0776
305548709,0.43709105,-12.23855,-2.4213648
305548719,0.18561402,-15.665823,-2.899171
305548729,-0.19160156,-17.241745,-3.1374755
305548738,-0.29817992,-18.438057,-4.531377
305548748,0.14250366,-20.684586,-6.3935046
305548758,0.1963916,-22.53354,-8.144264
305548768,0.47660887,-22.885609,-8.841214
305548777,-0.20357665,-22.28446,-10.14171
305548787,-0.91130495,-20.175644,-10.951227
305548797,-1.7747095,-17.296831,-10.424322
305548807,-3.2620165,-13.269606,-9.715397
305548817,-6.5192432,-2.4752526,-11.673326
305548826,-6.9539394,18.366207,-11.678115
305548836,-6.255791,38.64364,-5.1672544
305548846,-9.711804,29.541368,1.1891272
305548856,-7.042555,8.946595,6.312074
305548866,-3.0452673,-7.709568,7.8305163
305548875,-2.6129663,-18.33627,11.735596
305548885,-4.1948767,-22.647305,16.256195
305548895,-4.4715014,-19.597248,15.693365
305548905,-3.4608033,-10.676997,10.687775
305548914,-2.6848168,-1.1927197,6.4545774
305548924,-1.465752,4.7373486,4.077521
305548934,-0.791554,6.2989016,3.7110827
305548944,-1.3735437,4.0439906,6.077362
305548954,-2.3291564,0.09939331,8.126301
305548963,-2.6369164,-3.514691,9.111852
305548973,-2.6093738,-5.7636147,9.074729
305548983,-2.7662475,-6.1935205,8.879535
305548993,-3.1530433,-5.6953564,8.511899
305549003,-3.4691858,-5.109774,7.9933777
305549012,-3.5853443,-4.199667,7.843689
305549022,-3.4775684,-3.2236962,7.516769
305549032,-3.429668,-2.3543043,7.4544983
305549042,-3.3973353,-2.3495142,7.4832387
305549052,-3.453618,-2.7878027,7.69879
305549061,-3.6164794,-3.2452514,7.9790077
305549071,-3.69312,-3.4093103,8.081993
305549081,-3.6524048,-3.4260755,8.026908
305549091,-3.6045043,-3.2955468,7.8712316
305549100,-3.5326538,-2.9710217,7.5395217
305549110,-3.4560132,-2.391427,7.259304
305549120,-3.3398547,-1.8896704,7.3048096
305549130,-3.4188905,-1.5519726,7.3706727
305549140,-3.2644117,-1.5136523,7.547904
305549149,-3.2608192,-1.4573693,7.8089614
305549159,-3.297942,-1.289718,7.6808276
305549169,-3.2332764,-1.155597,7.4664736
305549179,-3.2500415,-0.8909473,7.2461314
305549189,-3.119513,-1.1615845,7.3275623
305549198,-3.0859826,-1.3663586,7.4976087
305549208,-3.1997461,-1.4885046,7.595804
305549218,-3.3230896,-1.3795313,7.523954
305549228,-3.241659,-1.2118798,7.5742493
305549237,-3.2332764,-1.162782,7.594607
305549247,-3.2727942,-1.1615845,7.7131605
305549257,-3.246449,-1.1244617,7.8472815
305549267,-3.2272887,-1.1148816,7.877219
305549277,-3.2129188,-1.1220666,7.892787
305549286,-3.1817834,-1.0957215,7.7442956
305549296,-3.018922,-1.0585986,7.8305163
305549306,-3.075205,-1.284928,7.829319
305549316,-2.9961693,-1.2537928,7.755073
305549325,-2.9446764,-1.2789404,7.70837
305549335,-2.882406,-1.2322376,7.7838135
305549345,-2.877616,-1.3495935,7.8784165
305549355,-2.830913,-1.4334192,8.0999565
305549365,-2.8883936,-1.4980847,8.2712
305549374,-2.9530592,-1.3280383,8.199349
305549384,-2.863246,-1.2549902,8.311915
305549394,-2.8620484,-1.2597803,8.349038
305549404,-2.8500733,-1.3579761,8.32868
305549414,-2.8105555,-1.4980847,8.359816
305549423,-2.7195446,-1.5675403,8.390951
305549433,-2.7255323,-1.6034656,8.407716
305549443,-2.694397,-1.4885046,8.459209
305549453,-2.8392956,-0.48618898,7.862849
305549462,-2.5004003,-1.1579919,7.707173
305549472,-2.501598,-1.8693128,8.399334
305549482,-2.4536974,-1.9411633,8.720266
305549492,-2.5590785,-1.4801221,8.493937
305549502,-2.6033862,-1.2370276,8.352631
305549511,-2.826123,-1.1639795,8.436457
305549521,-3.3182995,-0.87657714,8.424481
305549531,-5.5803957,-0.61073,8.023315
305549541,-1.8166223,-1.104104,8.768167
305549551,-1.2226574,-1.477727,8.519085
305549560,-2.2070105,-1.2274475,8.717871
305549570,-3.3925452,-1.0789562,8.572972
305549580,-3.4799633,-1.0585986,8.743019
305549590,-2.8883936,-1.2250525,8.766969
305549599,-2.7027795,-1.1567944,8.672366
305549609,-2.9003687,-1.0585986,8.642428
305549619,-3.0728102,-1.0765613,8.407716
305549629,-2.875221,-1.1532019,8.477172
305549639,-2.7195446,-1.1520044,8.453221
305549648,-2.7758276,-1.0442286,8.413704
305549658,-2.8476782,-0.97237796,8.322693
